,Date,Year,Rank,Ticker,Company,Open,High,Low,Close,Volume,Dividends,Weight,Sector,Era,NormClose
0,2000-01-01,2000,1,GE,General Electric Co,132.026684915101,133.69858726224888,114.82222364389136,115.63121795654295,87798395,0.0,4.525,Non-Tech,"2000–2008
(Dot-com → GFC)",100.0
1,2000-02-01,2000,1,GE,General Electric Co,115.84693839217653,123.50534862762794,107.81100025309932,114.2289581298828,92962717,0.0,4.525,Non-Tech,"2000–2008
(Dot-com → GFC)",98.78729995978495
2,2000-03-01,2000,1,GE,General Electric Co,115.1997012360312,142.273790624127,108.94354447727062,134.2917938232422,117413115,0.654966,4.525,Non-Tech,"2000–2008
(Dot-com → GFC)",116.13800857283397
3,2000-04-01,2000,1,GE,General Electric Co,134.36350406579197,145.34409030986518,123.8156406332154,136.0944366455078,84243480,0.0,4.525,Non-Tech,"2000–2008
(Dot-com → GFC)",117.69696717771791
4,2000-05-01,2000,1,GE,General Electric Co,137.60897914446124,143.28859660822164,126.57429662061072,136.6353302001953,62865067,0.0,4.525,Non-Tech,"2000–2008
(Dot-com → GFC)",118.164741853317
5,2000-06-01,2000,1,GE,General Electric Co,135.17490502627845,140.20542759095994,124.46477141125972,137.60902404785156,55042826,0.0,4.525,Non-Tech,"2000–2008
(Dot-com → GFC)",119.00681016744838
6,2000-07-01,2000,1,GE,General Electric Co,136.31080732964608,142.15270190665817,128.52161456029663,134.20123291015625,51346087,0.656564,4.525,Non-Tech,"2000–2008
(Dot-com → GFC)",116.0596898327166
7,2000-08-01,2000,1,GE,General Electric Co,135.2065616045147,157.49694360680832,133.25411926433446,152.61582946777344,52990464,0.0,4.525,Non-Tech,"2000–2008
(Dot-com → GFC)",131.98497098346763
8,2000-09-01,2000,1,GE,General Electric Co,154.24285088798638,156.3579979857247,143.17901728225317,150.50067138671875,48784883,0.656564,4.525,Non-Tech,"2000–2008
(Dot-com → GFC)",130.15574344575407
9,2000-10-01,2000,1,GE,General Electric Co,151.340173027887,156.39571326803124,127.85635765893802,143.0229949951172,89524194,0.0,4.525,Non-Tech,"2000–2008
(Dot-com → GFC)",123.68891163013498
10,2000-11-01,2000,1,GE,General Electric Co,142.8599323601317,144.1645843450476,125.08398052568816,129.32411193847656,59439942,0.0,4.525,Non-Tech,"2000–2008
(Dot-com → GFC)",111.84186608419166
11,2000-12-01,2000,1,GE,General Electric Co,132.74886215963042,146.61085269453963,123.12702055961702,125.0840072631836,68881820,0.76679,4.525,Non-Tech,"2000–2008
(Dot-com → GFC)",108.17494572286978
12,2000-01-01,2000,2,CSCO,"Cisco Systems, Inc",35.37590994029284,37.24626788483363,31.29330066349953,35.235130310058594,986312600,0.0,3.105,Tech,"2000–2008
(Dot-com → GFC)",100.0
13,2000-02-01,2000,2,CSCO,"Cisco Systems, Inc",35.32563541764063,44.72770462216497,35.255245594719064,42.53556442260742,1246002200,0.0,3.105,Tech,"2000–2008
(Dot-com → GFC)",120.71919146688886
14,2000-03-01,2000,2,CSCO,"Cisco Systems, Inc",42.69645980797955,52.772261204021824,40.0015348836888,49.75555419921875,1209113300,0.0,3.105,Tech,"2000–2008
(Dot-com → GFC)",141.21007574368187
15,2000-04-01,2000,2,CSCO,"Cisco Systems, Inc",49.47398146396557,49.55442696228096,35.43624200792981,44.61708450317383,971808800,0.0,3.105,Tech,"2000–2008
(Dot-com → GFC)",126.62670496903758
16,2000-05-01,2000,2,CSCO,"Cisco Systems, Inc",44.96903451528036,46.256162515717726,32.17820001093407,36.64292526245117,1306291900,0.0,3.105,Tech,"2000–2008
(Dot-com → GFC)",103.99542995869294
17,2000-06-01,2000,2,CSCO,"Cisco Systems, Inc",37.69877887170692,44.76792839072799,37.24627285697584,40.90654373168945,773738600,0.0,3.105,Tech,"2000–2008
(Dot-com → GFC)",116.0959059090292
18,2000-07-01,2000,2,CSCO,"Cisco Systems, Inc",40.78587682335972,44.88859816062075,39.17696649502205,42.11322784423828,736369500,0.0,3.105,Tech,"2000–2008
(Dot-com → GFC)",119.52056789248256
19,2000-08-01,2000,2,CSCO,"Cisco Systems, Inc",41.67078509443662,45.04949739939094,37.648508540919565,44.16459655761719,943606900,0.0,3.105,Tech,"2000–2008
(Dot-com → GFC)",125.34250950395803
20,2000-09-01,2000,2,CSCO,"Cisco Systems, Inc",44.32547583946815,44.808148897611176,35.1546877347506,35.556915283203125,1098540700,0.0,3.105,Tech,"2000–2008
(Dot-com → GFC)",100.91325041318967
21,2000-10-01,2000,2,CSCO,"Cisco Systems, Inc",36.92447426037003,38.25182464227876,29.12126292430055,34.672000885009766,1359114200,0.0,3.105,Tech,"2000–2008
(Dot-com → GFC)",98.4017955373133
22,2000-11-01,2000,2,CSCO,"Cisco Systems, Inc",34.028455460351694,37.08538526530055,29.081055907605524,30.81063461303711,1156157100,0.0,3.105,Tech,"2000–2008
(Dot-com → GFC)",87.4429421486816
23,2000-12-01,2000,2,CSCO,"Cisco Systems, Inc",31.655326930526037,35.87871870651744,22.62531308566823,24.61634063720703,1350238800,0.0,3.105,Tech,"2000–2008
(Dot-com → GFC)",69.86306115683583
24,2000-01-01,2000,3,MSFT,Microsoft Corp,35.76797224461347,36.14888781697357,28.91149194213165,29.8256893157959,1274875200,0.0,2.514,Tech,"2000–2008
(Dot-com → GFC)",100.0
25,2000-02-01,2000,3,MSFT,Microsoft Corp,30.016152047110605,33.52057589017428,26.85455227565099,27.2354679107666,1334487600,0.0,2.514,Tech,"2000–2008
(Dot-com → GFC)",91.31546842856203
26,2000-03-01,2000,3,MSFT,Microsoft Corp,27.31164266698501,35.04422768985524,27.102139131882613,32.3778190612793,2028187600,0.0,2.514,Tech,"2000–2008
(Dot-com → GFC)",108.55681730759454
27,2000-04-01,2000,3,MSFT,Microsoft Corp,28.778171313706263,29.40668200421077,19.80760964014197,21.255088806152344,2258146600,0.0,2.514,Tech,"2000–2008
(Dot-com → GFC)",71.26436737505844
28,2000-05-01,2000,3,MSFT,Microsoft Corp,22.207371973729398,22.55019589785215,18.39821726125437,19.0648193359375,1344430800,0.0,2.514,Tech,"2000–2008
(Dot-com → GFC)",63.920800401553954
29,2000-06-01,2000,3,MSFT,Microsoft Corp,19.617146342992783,25.045191690325737,19.445734384655957,24.378589630126957,1467050200,0.0,2.514,Tech,"2000–2008
(Dot-com → GFC)",81.73688585033265
30,2000-07-01,2000,3,MSFT,Microsoft Corp,24.28336220334018,25.25469669147379,20.4932531221914,21.27412986755371,1234185800,0.0,2.514,Tech,"2000–2008
(Dot-com → GFC)",71.32820851951536
31,2000-08-01,2000,3,MSFT,Microsoft Corp,21.31222141610797,22.81683758400121,20.759893962071214,21.27412986755371,1219399800,0.0,2.514,Tech,"2000–2008
(Dot-com → GFC)",71.32820851951536
32,2000-09-01,2000,3,MSFT,Microsoft Corp,21.331270682379373,21.95978133641377,17.864939196492724,18.379175186157227,1425533800,0.0,2.514,Tech,"2000–2008
(Dot-com → GFC)",61.62196283732991
33,2000-10-01,2000,3,MSFT,Microsoft Corp,18.436307931335783,21.369356920411928,14.760473808662429,20.98844146728516,2469415600,0.0,2.514,Tech,"2000–2008
(Dot-com → GFC)",70.37034834319665
34,2000-11-01,2000,3,MSFT,Microsoft Corp,20.8741702243913,22.055008321026573,17.36974748598984,17.48402214050293,1983462600,0.0,2.514,Tech,"2000–2008
(Dot-com → GFC)",58.620680834502174
35,2000-12-01,2000,3,MSFT,Microsoft Corp,17.69352224168585,18.474398896055195,12.284522977273816,13.217765808105469,2056668200,0.0,2.514,Tech,"2000–2008
(Dot-com → GFC)",44.31671525896719
36,2000-01-01,2000,4,XOM,Exxon Mobil Corp,17.401185877182904,18.892325233010684,16.744537353515625,18.139915466308597,250602200,0.0,2.459,Non-Tech,"2000–2008
(Dot-com → GFC)",100.0
37,2000-02-01,2000,4,XOM,Exxon Mobil Corp,18.23569085845314,18.57769556322533,15.294450397412312,16.48462677001953,221046200,0.22,2.459,Non-Tech,"2000–2008
(Dot-com → GFC)",90.87488197305304
38,2000-03-01,2000,4,XOM,Exxon Mobil Corp,16.590773793367237,18.04900100903633,15.847903325007511,17.168561935424805,279745400,0.0,2.459,Non-Tech,"2000–2008
(Dot-com → GFC)",94.6452146776103
39,2000-04-01,2000,4,XOM,Exxon Mobil Corp,17.113539808523434,18.2966301811384,16.508237757418105,17.099782943725586,201420000,0.0,2.459,Non-Tech,"2000–2008
(Dot-com → GFC)",94.26605639637705
40,2000-05-01,2000,4,XOM,Exxon Mobil Corp,17.23734922187273,18.47546688345976,16.948455100835755,18.33789825439453,193631800,0.22,2.459,Non-Tech,"2000–2008
(Dot-com → GFC)",101.09142067642844
41,2000-06-01,2000,4,XOM,Exxon Mobil Corp,18.49276427554477,18.75556346869013,17.192599846299288,17.37240982055664,235361600,0.0,2.459,Non-Tech,"2000–2008
(Dot-com → GFC)",95.7689679029792
42,2000-07-01,2000,4,XOM,Exxon Mobil Corp,17.44157100448549,17.953337957035817,16.625510188256587,17.745864868164062,204308600,0.0,2.459,Non-Tech,"2000–2008
(Dot-com → GFC)",97.82771535580522
43,2000-08-01,2000,4,XOM,Exxon Mobil Corp,17.911844740872176,18.75556870163913,17.64904547440378,18.06744956970215,186959200,0.22,2.459,Non-Tech,"2000–2008
(Dot-com → GFC)",99.60051690019702
44,2000-09-01,2000,4,XOM,Exxon Mobil Corp,18.246012455409986,20.19299549181044,18.19038436865568,19.82793617248535,273431600,0.0,2.459,Non-Tech,"2000–2008
(Dot-com → GFC)",109.30555993665973
45,2000-10-01,2000,4,XOM,Exxon Mobil Corp,19.8870369898496,21.23601782062961,19.09433691403042,19.84531593322754,277293600,0.0,2.459,Non-Tech,"2000–2008
(Dot-com → GFC)",109.40136942802404
46,2000-11-01,2000,4,XOM,Exxon Mobil Corp,20.01221259480173,21.069146685979582,19.261233108964834,19.58109474182129,219069400,0.22,2.459,Non-Tech,"2000–2008
(Dot-com → GFC)",107.94479598424483
47,2000-12-01,2000,4,XOM,Exxon Mobil Corp,19.66257921489,20.431194607085416,18.796140045506075,19.43898200988769,246466000,0.0,2.459,Non-Tech,"2000–2008
(Dot-com → GFC)",107.16137043743042
48,2000-01-01,2000,5,PFE,"Pfizer, Inc",11.339176402539715,13.306401719287972,10.609755731544803,12.798018455505373,251871956,0.0,2.245,Non-Tech,"2000–2008
(Dot-com → GFC)",100.0
49,2000-02-01,2000,5,PFE,"Pfizer, Inc",12.576975203917645,13.41691307426388,11.18444517002558,11.36127471923828,204984871,0.085389,2.245,Non-Tech,"2000–2008
(Dot-com → GFC)",88.77370163777937
50,2000-03-01,2000,5,PFE,"Pfizer, Inc",11.39010258414079,13.11856072161069,10.63667116358898,12.9634428024292,301987653,0.0,2.245,Non-Tech,"2000–2008
(Dot-com → GFC)",101.29257781193982
51,2000-04-01,2000,5,PFE,"Pfizer, Inc",13.11855989054262,15.689089114937111,13.029921492499616,14.93565845489502,281281087,0.0,2.245,Non-Tech,"2000–2008
(Dot-com → GFC)",116.7028982402357
52,2000-05-01,2000,5,PFE,"Pfizer, Inc",14.979982272227126,16.44252484418993,14.64758603875022,15.77773380279541,223401939,0.085389,2.245,Non-Tech,"2000–2008
(Dot-com → GFC)",123.28263049197466
53,2000-06-01,2000,5,PFE,"Pfizer, Inc",16.230435287751884,17.096354399276798,15.00926650422664,17.05194854736328,262525364,0.0,2.245,Non-Tech,"2000–2008
(Dot-com → GFC)",133.23897450724473
54,2000-07-01,2000,5,PFE,"Pfizer, Inc",16.985340290969557,17.496009767644328,15.186892445042917,15.408923149108888,273042810,0.0,2.245,Non-Tech,"2000–2008
(Dot-com → GFC)",120.40085113707875
55,2000-08-01,2000,5,PFE,"Pfizer, Inc",15.49773741587459,16.585687473925574,14.83164662214579,15.325664520263672,223014172,0.085389,2.245,Non-Tech,"2000–2008
(Dot-com → GFC)",119.75029238742012
56,2000-09-01,2000,5,PFE,"Pfizer, Inc",15.575516069690286,16.15403612955916,14.017965035286636,15.992718696594238,245401662,0.0,2.245,Non-Tech,"2000–2008
(Dot-com → GFC)",124.9624600261034
57,2000-10-01,2000,5,PFE,"Pfizer, Inc",15.798023053898271,16.376543095057784,14.596483191691169,15.375259399414062,282725275,0.0,2.245,Non-Tech,"2000–2008
(Dot-com → GFC)",120.13781237203973
58,2000-11-01,2000,5,PFE,"Pfizer, Inc",15.575510744049032,16.532292932186845,14.59647867285539,15.775768280029297,263202350,0.085389,2.245,Non-Tech,"2000–2008
(Dot-com → GFC)",123.26727246781688
59,2000-12-01,2000,5,PFE,"Pfizer, Inc",15.742108960916148,17.14685763009305,14.894800695199423,16.41103744506836,294694922,0.0,2.245,Non-Tech,"2000–2008
(Dot-com → GFC)",128.231081257808
60,2000-01-01,2000,6,INTC,Intel Corp,23.64998611617676,30.284763606078094,21.976868314375547,28.10127830505371,1406932200,0.0,2.21,Tech,"2000–2008
(Dot-com → GFC)",100.0
61,2000-02-01,2000,6,INTC,Intel Corp,27.941498022163863,33.089550389652764,27.444444690130457,32.09544372558594,965312200,0.015,2.21,Tech,"2000–2008
(Dot-com → GFC)",114.21346522807085
62,2000-03-01,2000,6,INTC,Intel Corp,32.06955347463227,41.30331195016316,31.82095228490644,37.48550796508789,1131350200,0.0,2.21,Tech,"2000–2008
(Dot-com → GFC)",133.39431593881096
63,2000-04-01,2000,6,INTC,Intel Corp,37.32570461312675,39.50984432169697,30.79104272081912,36.02942657470703,1209578800,0.0,2.21,Tech,"2000–2008
(Dot-com → GFC)",128.21276734669942
64,2000-05-01,2000,6,INTC,Intel Corp,36.34905432794327,37.2191587060914,29.867664572350066,35.42567825317383,1145907800,0.015,2.21,Tech,"2000–2008
(Dot-com → GFC)",126.06429454421973
65,2000-06-01,2000,6,INTC,Intel Corp,35.860741672810136,39.85710961554529,35.274607707875646,37.99213790893555,851667400,0.0,2.21,Tech,"2000–2008
(Dot-com → GFC)",135.19718746069665
66,2000-07-01,2000,6,INTC,Intel Corp,38.11643991577491,41.91742693440298,36.58894045969073,37.93882369995117,829139100,0.0,2.21,Tech,"2000–2008
(Dot-com → GFC)",135.00746581029478
67,2000-08-01,2000,6,INTC,Intel Corp,38.11644791999524,43.09858382006917,34.35098335380745,42.55685424804688,688110000,0.02,2.21,Tech,"2000–2008
(Dot-com → GFC)",151.44099064131717
68,2000-09-01,2000,6,INTC,Intel Corp,42.99672959980212,43.03226408707468,23.52383057443719,23.630434036254883,1467990100,0.0,2.21,Tech,"2000–2008
(Dot-com → GFC)",84.09024593021879
69,2000-10-01,2000,6,INTC,Intel Corp,24.412189499537156,26.72193086412218,19.899310217963325,25.584827423095703,1423595100,0.0,2.21,Tech,"2000–2008
(Dot-com → GFC)",91.04506615449785
70,2000-11-01,2000,6,INTC,Intel Corp,25.193947245530502,27.21941267993845,20.467861231911947,21.640499114990234,998090900,0.02,2.21,Tech,"2000–2008
(Dot-com → GFC)",77.00894913061099
71,2000-12-01,2000,6,INTC,Intel Corp,21.89862932930865,21.89862932930865,16.957217841039327,17.099416732788086,1120692200,0.0,2.21,Tech,"2000–2008
(Dot-com → GFC)",60.849248732264755
72,2000-01-01,2000,7,C,"Citigroup, Inc",215.906559960884,233.37315807007909,192.1325792011462,221.2435760498047,30011293,0.0,1.926,Non-Tech,"2000–2008
(Dot-com → GFC)",100.0
73,2000-02-01,2000,7,C,"Citigroup, Inc",223.4269483815069,227.5510071464207,182.9141358085301,200.8659210205078,33274626,1.2,1.926,Non-Tech,"2000–2008
(Dot-com → GFC)",90.78949301347868
74,2000-03-01,2000,7,C,"Citigroup, Inc",207.26236070222797,242.77915021223413,185.85498072359408,233.04852294921875,37010776,0.0,1.926,Non-Tech,"2000–2008
(Dot-com → GFC)",105.33572414177424
75,2000-04-01,2000,7,C,"Citigroup, Inc",233.5350114208157,254.69912183082712,217.966010659428,229.64276123046875,28481787,1.2,1.926,Non-Tech,"2000–2008
(Dot-com → GFC)",103.79635211590202
76,2000-05-01,2000,7,C,"Citigroup, Inc",234.86608233427884,247.3044729874961,219.98879155297976,242.67056274414065,24153028,0.0,1.926,Non-Tech,"2000–2008
(Dot-com → GFC)",109.68479495626688
77,2000-06-01,2000,7,C,"Citigroup, Inc",245.84113055343943,263.8889913281959,234.13441005089476,235.10997009277344,23476253,0.0,1.926,Non-Tech,"2000–2008
(Dot-com → GFC)",106.26747871759551
78,2000-07-01,2000,7,C,"Citigroup, Inc",236.81705017630935,280.96111411236706,236.32927046430876,275.1077575683594,18780491,0.0,1.926,Non-Tech,"2000–2008
(Dot-com → GFC)",124.34609966095883
79,2000-08-01,2000,7,C,"Citigroup, Inc",276.8151132748476,307.62654585375134,273.40065372784505,303.8056030273437,20118221,1.395,1.926,Non-Tech,"2000–2008
(Dot-com → GFC)",137.31725388444872
80,2000-09-01,2000,7,C,"Citigroup, Inc",305.8263442552158,308.1086304063742,266.7014388067874,282.0253601074219,24297470,0.0,1.926,Non-Tech,"2000–2008
(Dot-com → GFC)",127.47279046146608
81,2000-10-01,2000,7,C,"Citigroup, Inc",282.025305958655,298.0013059493765,232.14106108966743,274.5263671875,30436220,0.0,1.926,Non-Tech,"2000–2008
(Dot-com → GFC)",124.08331671772504
82,2000-11-01,2000,7,C,"Citigroup, Inc",271.2658872137704,291.15437173304923,242.574302989237,259.8544616699219,24978370,1.4,1.926,Non-Tech,"2000–2008
(Dot-com → GFC)",117.4517544461609
83,2000-12-01,2000,7,C,"Citigroup, Inc",266.1178544790392,280.82952948095163,244.54073114290085,267.0986328125,28956890,0.0,1.926,Non-Tech,"2000–2008
(Dot-com → GFC)",120.72605116108446
84,2000-01-01,2000,8,ORCL,Oracle Corp,24.82394885987016,24.935992761444293,18.57438901651268,19.90024185180664,1544676200,0.0,1.756,Tech,"2000–2008
(Dot-com → GFC)",100.0
85,2000-02-01,2000,8,ORCL,Oracle Corp,20.416884663129096,30.475935155695137,19.918911866467408,29.5795841217041,1192036000,0.0,1.756,Tech,"2000–2008
(Dot-com → GFC)",148.63931977298418
86,2000-03-01,2000,8,ORCL,Oracle Corp,29.380401232607177,35.85404896182571,27.039928592043555,31.098407745361328,1381303800,0.0,1.756,Tech,"2000–2008
(Dot-com → GFC)",156.27150653215838
87,2000-04-01,2000,8,ORCL,Oracle Corp,31.322495878814625,34.90790081247862,23.971170832534803,31.845367431640625,1299359400,0.0,1.756,Tech,"2000–2008
(Dot-com → GFC)",160.02502717699156
88,2000-05-01,2000,8,ORCL,Oracle Corp,31.82047486346701,32.617231667560084,23.155744618954863,28.633447647094727,1081648800,0.0,1.756,Tech,"2000–2008
(Dot-com → GFC)",143.8849229085889
89,2000-06-01,2000,8,ORCL,Oracle Corp,29.455100789123307,34.90790473909626,29.28081025190956,33.48868179321289,949581800,0.0,1.756,Tech,"2000–2008
(Dot-com → GFC)",168.2827879309046
90,2000-07-01,2000,8,ORCL,Oracle Corp,32.31844711620809,32.56743361171047,28.30976453861988,29.953075408935547,769943400,0.0,1.756,Tech,"2000–2008
(Dot-com → GFC)",150.51613760270084
91,2000-08-01,2000,8,ORCL,Oracle Corp,29.953069226766367,36.25242626281948,28.533846495323573,36.2275276184082,735063400,0.0,1.756,Tech,"2000–2008
(Dot-com → GFC)",182.0456650134596
92,2000-09-01,2000,8,ORCL,Oracle Corp,36.731720240910846,37.02427927350241,29.77877472166031,31.37228775024414,953280400,0.0,1.756,Tech,"2000–2008
(Dot-com → GFC)",157.64777123749383
93,2000-10-01,2000,8,ORCL,Oracle Corp,31.77066135406494,32.71680957620794,24.10188102722168,26.29296112060547,1160272000,0.0,1.756,Tech,"2000–2008
(Dot-com → GFC)",132.12382701880816
94,2000-11-01,2000,8,ORCL,Oracle Corp,26.14357595173817,26.4423596769009,17.130266909329396,21.114049911499023,1357050400,0.0,1.756,Tech,"2000–2008
(Dot-com → GFC)",106.09946385944143
95,2000-12-01,2000,8,ORCL,Oracle Corp,21.01445545483661,26.392562538064936,20.317293425529236,23.155738830566406,913793000,0.0,1.756,Tech,"2000–2008
(Dot-com → GFC)",116.3590824825288
96,2000-01-01,2000,9,AIG,"American International Group, Inc",836.6066576340518,894.2026325982558,754.605540668731,815.130126953125,4646133,0.0,1.756,Non-Tech,"2000–2008
(Dot-com → GFC)",100.0
97,2000-02-01,2000,9,AIG,"American International Group, Inc",809.2730212051671,811.7135786573758,646.2470151664387,690.6642456054688,6332878,0.0,1.756,Non-Tech,"2000–2008
(Dot-com → GFC)",84.73055071428935
98,2000-03-01,2000,9,AIG,"American International Group, Inc",697.0098713914009,867.8456003502981,613.5444035987332,855.1549682617188,7303062,0.666667,1.756,Non-Tech,"2000–2008
(Dot-com → GFC)",104.91023948019227
99,2000-04-01,2000,9,AIG,"American International Group, Inc",857.5918564732309,931.8252942207532,781.8932130755471,857.1034545898438,4914837,0.0,1.756,Non-Tech,"2000–2008
(Dot-com → GFC)",105.1492793909619
100,2000-05-01,2000,9,AIG,"American International Group, Inc",859.0570301997446,968.4536916420216,852.219689676021,879.5689086914062,4635545,0.666667,1.756,Non-Tech,"2000–2008
(Dot-com → GFC)",107.90533678090723
101,2000-06-01,2000,9,AIG,"American International Group, Inc",882.8870992182674,969.8565586509474,879.9555427975882,918.5543212890624,3704586,0.0,1.756,Non-Tech,"2000–2008
(Dot-com → GFC)",112.68805935593703
102,2000-07-01,2000,9,AIG,"American International Group, Inc",918.5547518096477,1037.7714593170883,915.6231940149668,1028.243896484375,3655543,0.0,1.756,Non-Tech,"2000–2008
(Dot-com → GFC)",126.14475437533488
103,2000-08-01,2000,9,AIG,"American International Group, Inc",1028.9758178817924,1057.55847948962,990.8656024046888,1045.2825927734375,2923040,0.74,1.756,Non-Tech,"2000–2008
(Dot-com → GFC)",128.23505820850954
104,2000-09-01,2000,9,AIG,"American International Group, Inc",1045.5486340563257,1143.7979446899494,1009.62164733209,1122.5350341796875,3262235,0.0,1.756,Non-Tech,"2000–2008
(Dot-com → GFC)",137.71237217983972
105,2000-10-01,2000,9,AIG,"American International Group, Inc",1115.9359619763432,1172.3926433641084,1053.6136513534857,1149.663330078125,4326785,0.0,1.756,Non-Tech,"2000–2008
(Dot-com → GFC)",141.0404660634311
106,2000-11-01,2000,9,AIG,"American International Group, Inc",1155.5294398019423,1203.1876971541797,1068.2781686493845,1137.1993408203125,4031150,0.74,1.756,Non-Tech,"2000–2008
(Dot-com → GFC)",139.5113863685851
107,2000-12-01,2000,9,AIG,"American International Group, Inc",1138.3820210942454,1217.5993266858552,1085.570484033172,1156.7193603515625,4678720,0.0,1.756,Non-Tech,"2000–2008
(Dot-com → GFC)",141.9060984379591
108,2001-01-01,2001,1,GE,General Electric Co,122.38252224100113,127.61813522401356,111.58406733794315,120.36681365966795,102225853,0.0,3.917,Non-Tech,"2000–2008
(Dot-com → GFC)",104.09543009821513
109,2001-02-01,2001,1,GE,General Electric Co,121.72805786132814,126.83277864718322,117.85369605792714,121.72805786132812,75557460,0.0,3.917,Non-Tech,"2000–2008
(Dot-com → GFC)",105.27265907298192
110,2001-03-01,2001,1,GE,General Electric Co,119.110240469385,121.98982115329086,95.34054732713496,109.5814208984375,134601027,0.76679,3.917,Non-Tech,"2000–2008
(Dot-com → GFC)",94.76802444442026
111,2001-04-01,2001,1,GE,General Electric Co,109.08294311438304,131.3882051845326,102.56739474177914,127.49988555908205,89411997,0.0,3.917,Non-Tech,"2000–2008
(Dot-com → GFC)",110.26424162288045
112,2001-05-01,2001,1,GE,General Electric Co,126.23876814687848,140.68857149374668,124.82006544422286,128.73464965820312,74858609,0.0,3.917,Non-Tech,"2000–2008
(Dot-com → GFC)",111.33208828310082
113,2001-06-01,2001,1,GE,General Electric Co,128.7083753721491,138.21897263341904,121.53601390587998,128.73464965820312,118386398,0.0,3.917,Non-Tech,"2000–2008
(Dot-com → GFC)",111.33208828310082
114,2001-07-01,2001,1,GE,General Electric Co,128.52454713823312,131.8874153520632,112.9450230304432,114.284912109375,84922088,0.76679,3.917,Non-Tech,"2000–2008
(Dot-com → GFC)",98.83568998843035
115,2001-08-01,2001,1,GE,General Electric Co,113.33754051416234,114.73448396984728,105.00854839189869,107.80245208740234,77176239,0.0,3.917,Non-Tech,"2000–2008
(Dot-com → GFC)",93.22953955904637
116,2001-09-01,2001,1,GE,General Electric Co,107.8024430119957,111.14984519789223,75.1190544929764,98.05014038085938,126681092,0.76679,3.917,Non-Tech,"2000–2008
(Dot-com → GFC)",84.79556136622985
117,2001-10-01,2001,1,GE,General Electric Co,98.75884399693273,104.55728521167536,95.4227480640194,96.40239715576172,90476009,0.0,3.917,Non-Tech,"2000–2008
(Dot-com → GFC)",83.370562776561
118,2001-11-01,2001,1,GE,General Electric Co,95.9787540772504,110.62047141341988,95.44921137963136,101.93605041503906,69456829,0.0,3.917,Non-Tech,"2000–2008
(Dot-com → GFC)",88.15616769975486
119,2001-12-01,2001,1,GE,General Electric Co,101.67131615069204,109.5879041546986,95.8728742439442,106.1194305419922,93391245,0.862639,3.917,Non-Tech,"2000–2008
(Dot-com → GFC)",91.77403163034613
120,2001-01-01,2001,2,MSFT,Microsoft Corp,13.446316538472017,19.73142200263032,13.065401055795752,18.60772132873535,2005531200,0.0,2.918,Tech,"2000–2008
(Dot-com → GFC)",62.38823563041867
121,2001-02-01,2001,2,MSFT,Microsoft Corp,18.531541254560825,19.82665410688368,16.417459980916167,17.97921371459961,1536895600,0.0,2.918,Tech,"2000–2008
(Dot-com → GFC)",60.28096626446682
122,2001-03-01,2001,2,MSFT,Microsoft Corp,17.845896541050504,18.62677355085101,15.160441458565847,16.665058135986328,1895349800,0.0,2.918,Tech,"2000–2008
(Dot-com → GFC)",55.87484654431908
123,2001-04-01,2001,2,MSFT,Microsoft Corp,16.7031525896924,21.666483441553325,15.560405548208315,20.6456298828125,2075807000,0.0,2.918,Tech,"2000–2008
(Dot-com → GFC)",69.22096473350719
124,2001-05-01,2001,2,MSFT,Microsoft Corp,20.618203689401167,21.98645207115554,20.49326223859977,21.081396102905277,1777305800,0.0,2.918,Tech,"2000–2008
(Dot-com → GFC)",70.68200798209354
125,2001-06-01,2001,2,MSFT,Microsoft Corp,21.209386470314385,23.205385739741445,20.11539765671338,22.2454776763916,1449177800,0.0,2.918,Tech,"2000–2008
(Dot-com → GFC)",74.58495741994548
126,2001-07-01,2001,2,MSFT,Microsoft Corp,21.955968485909843,22.29117363246622,19.56381748906427,20.17023658752441,1455201000,0.0,2.918,Tech,"2000–2008
(Dot-com → GFC)",67.62705925741038
127,2001-08-01,2001,2,MSFT,Microsoft Corp,20.35613180384305,20.58163320146699,17.15643941120613,17.38498878479004,1153896400,0.0,2.918,Tech,"2000–2008
(Dot-com → GFC)",58.288640375472646
128,2001-09-01,2001,2,MSFT,Microsoft Corp,17.427650320209604,18.0035956907351,14.47479297233886,15.59316062927246,1510824400,0.0,2.918,Tech,"2000–2008
(Dot-com → GFC)",52.280973171051606
129,2001-10-01,2001,2,MSFT,Microsoft Corp,15.523071837585231,19.390127684221945,15.36156399803566,17.72019386291504,1750891000,0.0,2.918,Tech,"2000–2008
(Dot-com → GFC)",59.41252078130613
130,2001-11-01,2001,2,MSFT,Microsoft Corp,18.308329162104457,20.825417938725625,18.162056539104757,19.56687355041504,1330968600,0.0,2.918,Tech,"2000–2008
(Dot-com → GFC)",65.60409499086508
131,2001-12-01,2001,2,MSFT,Microsoft Corp,19.451070458206505,21.29774813496349,19.44192769535255,20.188522338867188,977089000,0.0,2.918,Tech,"2000–2008
(Dot-com → GFC)",67.68836798744229
132,2001-01-01,2001,3,XOM,Exxon Mobil Corp,19.383091712517075,20.067858470926115,17.594313241571015,18.81571388244629,311749600,0.0,2.878,Non-Tech,"2000–2008
(Dot-com → GFC)",103.72547720739304
133,2001-02-01,2001,3,XOM,Exxon Mobil Corp,18.815711738424277,19.374704946898483,18.0890205674078,18.122560501098636,202850800,0.22,2.878,Non-Tech,"2000–2008
(Dot-com → GFC)",99.9043271990865
134,2001-03-01,2001,3,XOM,Exxon Mobil Corp,18.161402768975005,19.44034192282785,16.90269036163119,18.206356048583984,277832200,0.0,2.878,Non-Tech,"2000–2008
(Dot-com → GFC)",100.3662673202573
135,2001-04-01,2001,3,XOM,Exxon Mobil Corp,18.20635228480134,20.202307325342037,17.307273159625968,19.91460227966309,265479800,0.0,2.878,Non-Tech,"2000–2008
(Dot-com → GFC)",109.78332460617379
136,2001-05-01,2001,3,XOM,Exxon Mobil Corp,19.959565290366623,20.375389209987176,19.206584848380896,19.948326110839844,256474800,0.22,2.878,Non-Tech,"2000–2008
(Dot-com → GFC)",109.96923413391876
137,2001-06-01,2001,3,XOM,Exxon Mobil Corp,20.10310415045184,20.7061968613712,19.461612665423555,19.73040580749512,249846400,0.01,2.878,Non-Tech,"2000–2008
(Dot-com → GFC)",108.76790382039296
138,2001-07-01,2001,3,XOM,Exxon Mobil Corp,19.9381894156671,20.062450775725367,18.30924519546311,18.86954689025879,225712600,0.0,2.878,Non-Tech,"2000–2008
(Dot-com → GFC)",104.022242690741
139,2001-08-01,2001,3,XOM,Exxon Mobil Corp,19.18132201995294,19.19939670612569,18.09686498134548,18.142051696777344,190175200,0.23,2.878,Non-Tech,"2000–2008
(Dot-com → GFC)",100.01177640806934
140,2001-09-01,2001,3,XOM,Exxon Mobil Corp,18.44824784753369,18.857199863213093,15.908205676142328,17.90298080444336,194900700,0.0,2.878,Non-Tech,"2000–2008
(Dot-com → GFC)",98.69384914000675
141,2001-10-01,2001,3,XOM,Exxon Mobil Corp,17.834818921787686,19.40246577241328,17.28955022591425,17.925697326660156,225004000,0.0,2.878,Non-Tech,"2000–2008
(Dot-com → GFC)",98.81907862224435
142,2001-11-01,2001,3,XOM,Exxon Mobil Corp,17.925701633857244,18.43916327140436,16.703390348015763,16.99420166015625,241588300,0.23,2.878,Non-Tech,"2000–2008
(Dot-com → GFC)",93.68401794219885
143,2001-12-01,2001,3,XOM,Exxon Mobil Corp,17.09380510477191,18.419259480620592,16.641321279780655,17.96220588684082,239401800,0.0,2.878,Non-Tech,"2000–2008
(Dot-com → GFC)",99.02033953907979
144,2001-01-01,2001,4,PFE,"Pfizer, Inc",16.25496144943646,16.67861723734483,14.448855896769455,16.107797622680664,360286292,0.0,2.682,Non-Tech,"2000–2008
(Dot-com → GFC)",125.86165333861908
145,2001-02-01,2001,4,PFE,"Pfizer, Inc",16.107805045367392,16.664353780636745,15.536986602091815,16.054290771484375,247224341,0.104364,2.682,Non-Tech,"2000–2008
(Dot-com → GFC)",125.44356634036762
146,2001-03-01,2001,4,PFE,"Pfizer, Inc",16.086443608012434,16.086443608012434,12.195369053549996,14.64517307281494,380283937,0.0,2.682,Non-Tech,"2000–2008
(Dot-com → GFC)",114.43312981405312
147,2001-04-01,2001,4,PFE,"Pfizer, Inc",14.573642178717764,15.721651429190224,13.768962999126046,15.48561191558838,311350760,0.0,2.682,Non-Tech,"2000–2008
(Dot-com → GFC)",121.00007488992857
148,2001-05-01,2001,4,PFE,"Pfizer, Inc",15.48561138059408,16.107897741666125,14.849020379281106,15.338981628417969,257964076,0.104364,2.682,Non-Tech,"2000–2008
(Dot-com → GFC)",119.85434840359633
149,2001-06-01,2001,4,PFE,"Pfizer, Inc",15.23851680886206,16.13489913293718,14.36005973815918,14.36005973815918,240969064,0.0,2.682,Non-Tech,"2000–2008
(Dot-com → GFC)",112.20533700654148
150,2001-07-01,2001,4,PFE,"Pfizer, Inc",14.521410331368228,15.141707146595856,13.334598228471876,14.77956771850586,284562713,0.0,2.682,Non-Tech,"2000–2008
(Dot-com → GFC)",115.48325055077629
151,2001-08-01,2001,4,PFE,"Pfizer, Inc",14.779570384310396,15.016215779761254,13.642957148163427,13.736180305480955,241572268,0.104364,2.682,Non-Tech,"2000–2008
(Dot-com → GFC)",107.33052427793623
152,2001-09-01,2001,4,PFE,"Pfizer, Inc",13.823399704016126,14.452552303863223,12.223552332642164,14.416601181030272,282368181,0.0,2.682,Non-Tech,"2000–2008
(Dot-com → GFC)",112.64713542297343
153,2001-10-01,2001,4,PFE,"Pfizer, Inc",14.463336516865942,15.549075877537684,14.4345753337458,15.063729286193848,303341516,0.0,2.682,Non-Tech,"2000–2008
(Dot-com → GFC)",117.7036065275701
154,2001-11-01,2001,4,PFE,"Pfizer, Inc",15.099682363375466,15.833094796377605,14.898352609902124,15.570649147033691,218952587,0.104364,2.682,Non-Tech,"2000–2008
(Dot-com → GFC)",121.66453112384445
155,2001-12-01,2001,4,PFE,"Pfizer, Inc",15.668649583146903,15.838059386345972,13.81234450874162,14.363829612731934,305697625,0.0,2.682,Non-Tech,"2000–2008
(Dot-com → GFC)",112.23479371177957
156,2001-01-01,2001,5,WMT,"Wal-Mart Stores, Inc",11.307928903027548,12.505239108145778,10.735881505893456,12.090171813964844,539777100,0.0,2.344,Non-Tech,"2000–2008
(Dot-com → GFC)",100.0
157,2001-02-01,2001,5,WMT,"Wal-Mart Stores, Inc",12.09017016235508,12.09017016235508,10.22768828147831,10.66191291809082,410850600,0.0,2.344,Non-Tech,"2000–2008
(Dot-com → GFC)",88.18661208582411
158,2001-03-01,2001,5,WMT,"Wal-Mart Stores, Inc",10.483113566090376,11.04717823237578,9.621049634241585,10.749180793762209,508343100,0.023333,2.344,Non-Tech,"2000–2008
(Dot-com → GFC)",88.90842048535892
159,2001-04-01,2001,5,WMT,"Wal-Mart Stores, Inc",10.65834183358654,11.361791365133971,10.10623892303524,11.029252052307127,449230800,0.0,2.344,Non-Tech,"2000–2008
(Dot-com → GFC)",91.22494057171053
160,2001-05-01,2001,5,WMT,"Wal-Mart Stores, Inc",11.024984550612569,11.670879972153816,10.871504631595336,11.031379699707031,439709700,0.0,2.344,Non-Tech,"2000–2008
(Dot-com → GFC)",91.2425387285659
161,2001-06-01,2001,5,WMT,"Wal-Mart Stores, Inc",10.9866115831102,11.180593241756124,10.23200129261957,10.40253448486328,367112100,0.023333,2.344,Non-Tech,"2000–2008
(Dot-com → GFC)",86.0412461041104
162,2001-07-01,2001,5,WMT,"Wal-Mart Stores, Inc",10.4494823265164,12.06119876158712,9.971303029183709,11.93311595916748,462081300,0.0,2.344,Non-Tech,"2000–2008
(Dot-com → GFC)",98.70096258999433
163,2001-08-01,2001,5,WMT,"Wal-Mart Stores, Inc",11.826385991712506,12.11884250103322,10.084448870623223,10.25736141204834,454365900,0.0,2.344,Non-Tech,"2000–2008
(Dot-com → GFC)",84.8404933352601
164,2001-09-01,2001,5,WMT,"Wal-Mart Stores, Inc",10.295786882949123,10.662958889194917,8.965851523659445,10.566896438598633,522983100,0.023333,2.344,Non-Tech,"2000–2008
(Dot-com → GFC)",87.40071358120204
165,2001-10-01,2001,5,WMT,"Wal-Mart Stores, Inc",10.58323030310924,11.70569412313598,10.292459000365607,10.989455223083496,563800200,0.0,2.344,Non-Tech,"2000–2008
(Dot-com → GFC)",90.89577379198236
166,2001-11-01,2001,5,WMT,"Wal-Mart Stores, Inc",10.946692552230552,12.02425773988346,10.873998827576331,11.79121208190918,474203700,0.0,2.344,Non-Tech,"2000–2008
(Dot-com → GFC)",97.52724992948116
167,2001-12-01,2001,5,WMT,"Wal-Mart Stores, Inc",11.771970056263864,12.558764058692232,11.337951060554609,12.304338455200195,406805700,0.023333,2.344,Non-Tech,"2000–2008
(Dot-com → GFC)",101.7714110645473
168,2001-01-01,2001,6,AIG,"American International Group, Inc",1153.7855536779496,1153.7855536779496,948.4073241612136,997.7861328125,6685040,0.0,2.164,Non-Tech,"2000–2008
(Dot-com → GFC)",122.40820205506634
169,2001-02-01,2001,6,AIG,"American International Group, Inc",1002.8325515784376,1050.480272012455,934.4122759606324,959.9965209960938,4186565,0.74,2.164,Non-Tech,"2000–2008
(Dot-com → GFC)",117.77218007932855
170,2001-03-01,2001,6,AIG,"American International Group, Inc",960.4163557538336,992.1171401124564,852.8685382240214,945.1530151367188,5710495,0.0,2.164,Non-Tech,"2000–2008
(Dot-com → GFC)",115.95118176647529
171,2001-04-01,2001,6,AIG,"American International Group, Inc",951.0234357092374,982.9590518332672,880.5772552863309,960.416259765625,6033140,0.0,2.164,Non-Tech,"2000–2008
(Dot-com → GFC)",117.82367354713843
172,2001-05-01,2001,6,AIG,"American International Group, Inc",960.4163232120468,997.8702402757734,944.2137149767236,951.0234985351562,4899190,0.74,2.164,Non-Tech,"2000–2008
(Dot-com → GFC)",116.67137148886732
173,2001-06-01,2001,6,AIG,"American International Group, Inc",955.5631242892932,1018.405935782197,938.4135259052172,998.5546264648438,5127175,0.0,2.164,Non-Tech,"2000–2008
(Dot-com → GFC)",122.50248070174283
174,2001-07-01,2001,6,AIG,"American International Group, Inc",1007.2467138158668,1023.1042422549503,953.0962194532692,977.8809204101562,4737655,0.0,2.164,Non-Tech,"2000–2008
(Dot-com → GFC)",119.9662346017534
175,2001-08-01,2001,6,AIG,"American International Group, Inc",979.6426012278212,980.9346671082708,897.3009676198901,918.561767578125,7257540,0.84,2.164,Non-Tech,"2000–2008
(Dot-com → GFC)",112.68897286518131
176,2001-09-01,2001,6,AIG,"American International Group, Inc",915.5097603822364,916.6849975585936,775.6565363957332,916.6849975585938,8466420,0.0,2.164,Non-Tech,"2000–2008
(Dot-com → GFC)",112.45873109672326
177,2001-10-01,2001,6,AIG,"American International Group, Inc",913.74705462662,1015.4050870706106,889.654688556079,923.736572265625,7094195,0.0,2.164,Non-Tech,"2000–2008
(Dot-com → GFC)",113.32381686326084
178,2001-11-01,2001,6,AIG,"American International Group, Inc",922.5613707014658,985.3190773497832,905.167871307012,968.3956298828124,5134290,0.0,2.164,Non-Tech,"2000–2008
(Dot-com → GFC)",118.80258106795519
179,2001-12-01,2001,6,AIG,"American International Group, Inc",963.6944088107092,977.9147488337752,928.4372962932442,933.1382446289062,4345800,0.84,2.164,Non-Tech,"2000–2008
(Dot-com → GFC)",114.4772121375128
180,2001-01-01,2001,7,C,"Citigroup, Inc",270.6949730783386,300.11833971728845,261.8679630866537,292.76904296875,32637910,0.0,2.157,Non-Tech,"2000–2008
(Dot-com → GFC)",132.32883331394174
181,2001-02-01,2001,7,C,"Citigroup, Inc",291.6182703246889,296.5352548280768,238.00235515288512,257.25177001953125,23454140,1.4,2.157,Non-Tech,"2000–2008
(Dot-com → GFC)",116.27536248176565
182,2001-03-01,2001,7,C,"Citigroup, Inc",253.28221063289985,270.062812579593,204.51358622532285,235.8723297119141,36429330,0.0,2.157,Non-Tech,"2000–2008
(Dot-com → GFC)",106.61205804177396
183,2001-04-01,2001,7,C,"Citigroup, Inc",233.6173642411722,275.2542316357805,217.09896474937213,257.7394714355469,27192240,0.0,2.157,Non-Tech,"2000–2008
(Dot-com → GFC)",116.49579890063181
184,2001-05-01,2001,7,C,"Citigroup, Inc",258.0017578125,277.9287228467988,256.4810189447389,268.7518310546875,23190850,1.4,2.157,Non-Tech,"2000–2008
(Dot-com → GFC)",121.47328110181519
185,2001-06-01,2001,7,C,"Citigroup, Inc",269.54999492412867,282.64363865040696,251.09272084757083,277.8584289550781,23569340,0.0,2.157,Non-Tech,"2000–2008
(Dot-com → GFC)",125.58937706400512
186,2001-07-01,2001,7,C,"Citigroup, Inc",278.4368761135254,282.5384893992626,248.726425687814,264.02862548828125,23776500,0.0,2.157,Non-Tech,"2000–2008
(Dot-com → GFC)",119.33843694012843
187,2001-08-01,2001,7,C,"Citigroup, Inc",266.6052850781569,270.4965782112861,234.00266639009837,240.8386993408203,22922070,1.6,2.157,Non-Tech,"2000–2008
(Dot-com → GFC)",108.8568100556305
188,2001-09-01,2001,7,C,"Citigroup, Inc",243.9758908307111,249.5148029468678,182.04558143738177,213.6437530517578,29204380,0.0,2.157,Non-Tech,"2000–2008
(Dot-com → GFC)",96.5649520163532
189,2001-10-01,2001,7,C,"Citigroup, Inc",215.12077255126235,257.1637561499421,213.64373587841348,240.12501525878903,35097950,0.0,2.157,Non-Tech,"2000–2008
(Dot-com → GFC)",108.53423161300462
190,2001-11-01,2001,7,C,"Citigroup, Inc",239.7557291337493,268.98007661594266,235.7993639665257,252.6798553466797,25401000,1.6,2.157,Non-Tech,"2000–2008
(Dot-com → GFC)",114.20890037042174
191,2001-12-01,2001,7,C,"Citigroup, Inc",254.10051431309512,274.2168050295485,243.5129928833828,267.2290344238281,24055860,0.0,2.157,Non-Tech,"2000–2008
(Dot-com → GFC)",120.7849914537955
192,2001-01-01,2001,8,JNJ,Johnson & Johnson,26.633826326204343,26.80989128388959,23.144538982987672,23.850078582763672,168446600,0.0,1.775,Non-Tech,"2000–2008
(Dot-com → GFC)",100.0
193,2001-02-01,2001,8,JNJ,Johnson & Johnson,23.850085651710327,25.16129050132168,23.850085651710327,24.925683975219727,116971800,0.16,1.775,Non-Tech,"2000–2008
(Dot-com → GFC)",104.50986099992723
194,2001-03-01,2001,8,JNJ,Johnson & Johnson,25.130132334739272,25.656887494678635,20.68482198181436,22.475793838500977,295296000,0.0,1.775,Non-Tech,"2000–2008
(Dot-com → GFC)",94.23781880007773
195,2001-04-01,2001,8,JNJ,Johnson & Johnson,22.48349173802552,24.847469513747384,21.889928183471213,24.79094123840332,209600800,0.0,1.775,Non-Tech,"2000–2008
(Dot-com → GFC)",103.94490379717074
196,2001-05-01,2001,8,JNJ,Johnson & Johnson,24.821775254135435,26.20932832209188,24.621351292396,24.91170883178711,184641400,0.18,1.775,Non-Tech,"2000–2008
(Dot-com → GFC)",104.45126520375774
197,2001-06-01,2001,8,JNJ,Johnson & Johnson,25.0036773092824,27.953781807665507,24.910841715456403,25.766990661621094,187599900,0.0,1.775,Non-Tech,"2000–2008
(Dot-com → GFC)",108.03734072491805
198,2001-07-01,2001,8,JNJ,Johnson & Johnson,25.83919311317516,28.35606524554986,25.78761866282517,27.90220260620117,164167000,0.0,1.775,Non-Tech,"2000–2008
(Dot-com → GFC)",116.98998185425663
199,2001-08-01,2001,8,JNJ,Johnson & Johnson,27.902202017995688,29.70733528633949,26.97384815919241,27.185306549072266,163136000,0.18,1.775,Non-Tech,"2000–2008
(Dot-com → GFC)",113.98413826912481
200,2001-09-01,2001,8,JNJ,Johnson & Johnson,28.64083012274362,29.577414463908475,25.97596628092372,28.666704177856445,176432200,0.0,1.775,Non-Tech,"2000–2008
(Dot-com → GFC)",120.19542861621314
201,2001-10-01,2001,8,JNJ,Johnson & Johnson,28.666706176298657,30.871040415132065,27.450698536015175,29.965503692626957,181677000,0.0,1.775,Non-Tech,"2000–2008
(Dot-com → GFC)",125.6411109449462
202,2001-11-01,2001,8,JNJ,Johnson & Johnson,29.79473783814821,31.54889101414869,29.758514563615112,30.14142799377441,144831900,0.18,1.775,Non-Tech,"2000–2008
(Dot-com → GFC)",126.37873661161629
203,2001-12-01,2001,8,JNJ,Johnson & Johnson,30.00895308671869,31.23380863798925,28.76333680207177,30.673280715942383,169195500,0.0,1.775,Non-Tech,"2000–2008
(Dot-com → GFC)",128.6087197134428
204,2001-01-01,2001,9,IBM,International Business Machines Corp,41.47420194287692,57.303114679540144,41.10609115463853,54.97172546386719,208114878,0.0,1.698,Tech,"2000–2008
(Dot-com → GFC)",100.0
205,2001-02-01,2001,9,IBM,International Business Machines Corp,55.16805541397805,58.23076631770569,48.64016370127683,49.03281784057617,163635088,0.124283,1.698,Tech,"2000–2008
(Dot-com → GFC)",89.1964322146034
206,2001-03-01,2001,9,IBM,International Business Machines Corp,48.79388720777983,53.2654345119339,43.069328511656295,47.26078796386719,266259300,0.0,1.698,Tech,"2000–2008
(Dot-com → GFC)",85.9729025513882
207,2001-04-01,2001,9,IBM,International Business Machines Corp,47.88483668757465,58.007232211565736,44.24863570649722,56.57732391357422,236616603,0.0,1.698,Tech,"2000–2008
(Dot-com → GFC)",102.92077142596222
208,2001-05-01,2001,9,IBM,International Business Machines Corp,56.92617548030892,58.91625858390886,54.523336897723446,54.93609237670898,166686584,0.133843,1.698,Tech,"2000–2008
(Dot-com → GFC)",99.93517924558938
209,2001-06-01,2001,9,IBM,International Business Machines Corp,55.34693953977988,58.54476287023392,54.65817753128034,55.83891296386719,149504465,0.0,1.698,Tech,"2000–2008
(Dot-com → GFC)",101.57751551853688
210,2001-07-01,2001,9,IBM,International Business Machines Corp,55.83892274707278,56.77367163138776,49.964765001986535,51.76046752929688,168423156,0.0,1.698,Tech,"2000–2008
(Dot-com → GFC)",94.15834611798559
211,2001-08-01,2001,9,IBM,International Business Machines Corp,51.82930741521755,54.16125662514317,48.63640515921403,49.17265701293945,149997969,0.133843,1.698,Tech,"2000–2008
(Dot-com → GFC)",89.45081602952511
212,2001-09-01,2001,9,IBM,International Business Machines Corp,49.33607909406695,50.80409082410646,43.0994872825011,45.18327713012695,198020876,0.0,1.698,Tech,"2000–2008
(Dot-com → GFC)",82.19366728778749
213,2001-10-01,2001,9,IBM,International Business Machines Corp,45.18326443024001,55.22289608634655,44.9960680923617,53.23762893676758,234671667,0.0,1.698,Tech,"2000–2008
(Dot-com → GFC)",96.84547553771179
214,2001-11-01,2001,9,IBM,International Business Machines Corp,52.833703723469,57.63676591137807,52.66128503796163,56.942169189453125,141352568,0.133843,1.698,Tech,"2000–2008
(Dot-com → GFC)",103.58446766762144
215,2001-12-01,2001,9,IBM,International Business Machines Corp,56.6227558261408,61.505730194115934,55.83852262428082,59.66104888916016,139529912,0.0,1.698,Tech,"2000–2008
(Dot-com → GFC)",108.53042793494859
216,2001-01-01,2001,10,T,"SBC Communications, Inc",6.440525874598739,7.185290466323728,6.127386014647377,6.5471625328063965,175202141,0.253,1.679,Non-Tech,"2000–2008
(Dot-com → GFC)",100.0
217,2001-02-01,2001,10,T,"SBC Communications, Inc",6.652668264260569,6.985301505340603,6.270957840875027,6.502710819244385,142241291,0.0,1.679,Non-Tech,"2000–2008
(Dot-com → GFC)",99.32105376429448
218,2001-03-01,2001,10,T,"SBC Communications, Inc",6.577684678011666,6.577684678011666,5.384840682724959,6.084187984466553,229627278,0.0,1.679,Non-Tech,"2000–2008
(Dot-com → GFC)",92.92862295658647
219,2001-04-01,2001,10,T,"SBC Communications, Inc",6.084192107428827,6.14144904908874,5.232159957300655,5.6234130859375,193190533,0.256,1.679,Non-Tech,"2000–2008
(Dot-com → GFC)",85.89084290728708
220,2001-05-01,2001,10,T,"SBC Communications, Inc",5.7490569784103975,6.275195394074373,5.613057791516317,5.913904666900635,164440801,0.0,1.679,Non-Tech,"2000–2008
(Dot-com → GFC)",90.32775094962672
221,2001-06-01,2001,10,T,"SBC Communications, Inc",5.86582503522909,5.872693892420905,5.247646968124559,5.50316047668457,171443438,0.0,1.679,Non-Tech,"2000–2008
(Dot-com → GFC)",84.05412954252226
222,2001-07-01,2001,10,T,"SBC Communications, Inc",5.503157470929415,6.216122949484398,5.459198196559714,6.185900688171387,179271322,0.256,1.679,Non-Tech,"2000–2008
(Dot-com → GFC)",94.48216165667485
223,2001-08-01,2001,10,T,"SBC Communications, Inc",6.273100842386324,6.302188052511549,5.623491146689124,5.666429042816162,141772597,0.0,1.679,Non-Tech,"2000–2008
(Dot-com → GFC)",86.54785969376701
224,2001-09-01,2001,10,T,"SBC Communications, Inc",5.66781230976707,6.579205602532291,5.638725457234209,6.526571750640869,200400507,0.0,1.679,Non-Tech,"2000–2008
(Dot-com → GFC)",99.68550067204913
225,2001-10-01,2001,10,T,"SBC Communications, Inc",6.461472902251905,6.54457840212165,5.228737589838414,5.278601169586182,244138848,0.256,1.679,Non-Tech,"2000–2008
(Dot-com → GFC)",80.62425735020733
226,2001-11-01,2001,10,T,"SBC Communications, Inc",5.318028303959213,5.595720856122039,5.093362038217521,5.216160774230957,181083612,0.0,1.679,Non-Tech,"2000–2008
(Dot-com → GFC)",79.67055572691099
227,2001-12-01,2001,10,T,"SBC Communications, Inc",5.24685999185444,5.622233568777072,5.191042392348748,5.465944290161133,186793627,0.0,1.679,Non-Tech,"2000–2008
(Dot-com → GFC)",83.48569724323299
228,2002-01-01,2002,1,GE,General Electric Co,107.1776811241799,109.943554580894,91.72601355948962,98.8002700805664,101674589,0.0,3.265,Non-Tech,"2000–2008
(Dot-com → GFC)",85.44428730111446
229,2002-02-01,2002,1,GE,General Electric Co,98.1353610524114,105.44896985977654,92.3376643814178,102.39054870605467,94678005,0.862639,3.265,Non-Tech,"2000–2008
(Dot-com → GFC)",88.54922616532116
230,2002-03-01,2002,1,GE,General Electric Co,104.4715940548048,111.7926171801852,98.40635671427312,99.9293441772461,103752530,0.0,3.265,Non-Tech,"2000–2008
(Dot-com → GFC)",86.42073130700915
231,2002-04-01,2002,1,GE,General Electric Co,98.99410784392708,100.99803822020924,80.55796199359233,84.29862976074219,134501767,0.0,3.265,Non-Tech,"2000–2008
(Dot-com → GFC)",72.90300253727646
232,2002-05-01,2002,1,GE,General Electric Co,84.83303317304222,89.37528128581343,81.22596079527233,83.20317077636719,105021382,0.0,3.265,Non-Tech,"2000–2008
(Dot-com → GFC)",71.95562949759552
233,2002-06-01,2002,1,GE,General Electric Co,83.20318760190051,83.897882911223,73.26369367014463,77.61890411376953,118304809,0.862639,3.265,Non-Tech,"2000–2008
(Dot-com → GFC)",67.12625317406984
234,2002-07-01,2002,1,GE,General Electric Co,78.1322558199056,86.57462310791016,61.89278919128612,86.57462310791016,172582954,0.0,3.265,Non-Tech,"2000–2008
(Dot-com → GFC)",74.87132336567363
235,2002-08-01,2002,1,GE,General Electric Co,86.30579071325526,88.67180697031287,76.00825085675478,81.06291961669922,117625887,0.0,3.265,Non-Tech,"2000–2008
(Dot-com → GFC)",70.10470100484858
236,2002-09-01,2002,1,GE,General Electric Co,79.31523160946658,79.85295824986262,63.21020530322656,66.2752685546875,122458333,0.862639,3.265,Non-Tech,"2000–2008
(Dot-com → GFC)",57.31606890069719
237,2002-10-01,2002,1,GE,General Electric Co,67.00985276659098,73.67022736963536,57.93983250879971,68.36358642578125,158018611,0.0,3.265,Non-Tech,"2000–2008
(Dot-com → GFC)",59.12208453211481
238,2002-11-01,2002,1,GE,General Electric Co,68.44480939049042,74.18464643114281,62.81327465887775,73.42655181884766,117798512,0.0,3.265,Non-Tech,"2000–2008
(Dot-com → GFC)",63.500629947911776
239,2002-12-01,2002,1,GE,General Electric Co,75.75496652284309,75.75496652284309,65.24999239323793,65.9268569946289,85501735,0.910563,3.265,Non-Tech,"2000–2008
(Dot-com → GFC)",57.01475618755986
240,2002-01-01,2002,2,MSFT,Microsoft Corp,20.310415202398133,21.52020321891003,18.68923890525196,19.414501190185547,1360115800,0.0,3.153,Tech,"2000–2008
(Dot-com → GFC)",65.09321875053358
241,2002-02-01,2002,2,MSFT,Microsoft Corp,19.54858740866364,19.655243302685637,17.415460228527213,17.778091430664062,1131159200,0.0,3.153,Tech,"2000–2008
(Dot-com → GFC)",59.6066405789611
242,2002-03-01,2002,2,MSFT,Microsoft Corp,17.994445020341256,19.80760273385577,17.76894373250358,18.37840843200684,1073244200,0.0,3.153,Tech,"2000–2008
(Dot-com → GFC)",61.61939205298938
243,2002-04-01,2002,2,MSFT,Microsoft Corp,18.232144635620337,18.405842054310718,15.67543818010505,15.925318717956545,1417479400,0.0,3.153,Tech,"2000–2008
(Dot-com → GFC)",53.39463758687509
244,2002-05-01,2002,2,MSFT,Microsoft Corp,15.894845916085412,17.19910054256108,14.733814762985451,15.513930320739746,1420266200,0.0,3.153,Tech,"2000–2008
(Dot-com → GFC)",52.015328653354736
245,2002-06-01,2002,2,MSFT,Microsoft Corp,15.53831165227524,17.1991029505328,14.983697398337648,16.668869018554688,1834073000,0.0,3.153,Tech,"2000–2008
(Dot-com → GFC)",55.887623726190746
246,2002-07-01,2002,2,MSFT,Microsoft Corp,16.49212249472472,16.73895623701699,12.618972717453245,14.621065139770508,2432188000,0.0,3.153,Tech,"2000–2008
(Dot-com → GFC)",49.02171743614015
247,2002-08-01,2002,2,MSFT,Microsoft Corp,14.499170587380132,16.287949750595434,13.347281131266476,14.956269264221191,1715757200,0.0,3.153,Tech,"2000–2008
(Dot-com → GFC)",50.14559464448067
248,2002-09-01,2002,2,MSFT,Microsoft Corp,14.785621496008394,15.57183076580261,13.137018666605506,13.32900047302246,1695705800,0.0,3.153,Tech,"2000–2008
(Dot-com → GFC)",44.6896644429382
249,2002-10-01,2002,2,MSFT,Microsoft Corp,13.505745270437284,16.47688735738413,13.16139719538374,16.294048309326172,2475370600,0.0,3.153,Tech,"2000–2008
(Dot-com → GFC)",54.63091946276235
250,2002-11-01,2002,2,MSFT,Microsoft Corp,15.977118461240352,17.86950622472124,15.815610675013945,17.576963424682617,1555997200,0.0,3.153,Tech,"2000–2008
(Dot-com → GFC)",58.93229570849761
251,2002-12-01,2002,2,MSFT,Microsoft Corp,17.872564450627834,17.96703079677208,15.620589938713522,15.75467300415039,1268370200,0.0,3.153,Tech,"2000–2008
(Dot-com → GFC)",52.82249418392018
252,2002-01-01,2002,3,WMT,"Wal-Mart Stores, Inc",12.341210246449506,12.839996337890623,11.840282984793872,12.839996337890623,452494500,0.0,2.916,Non-Tech,"2000–2008
(Dot-com → GFC)",106.20193439318777
253,2002-02-01,2002,3,WMT,"Wal-Mart Stores, Inc",12.780058701960884,13.46080521746214,12.437544885976102,13.274563789367676,455066700,0.0,2.916,Non-Tech,"2000–2008
(Dot-com → GFC)",109.79632046283074
254,2002-03-01,2002,3,WMT,"Wal-Mart Stores, Inc",13.315224297177744,13.687708010124588,12.90848923648693,13.122559547424316,454030200,0.025,2.916,Non-Tech,"2000–2008
(Dot-com → GFC)",108.5390658573355
255,2002-04-01,2002,3,WMT,"Wal-Mart Stores, Inc",12.934486645621432,13.255973469909664,11.886440138046764,11.972169876098633,521707500,0.0,2.916,Non-Tech,"2000–2008
(Dot-com → GFC)",99.02398460764708
256,2002-05-01,2002,3,WMT,"Wal-Mart Stores, Inc",11.91644514359527,12.709446174761675,11.489940138173308,11.594958305358888,522541200,0.0,2.916,Non-Tech,"2000–2008
(Dot-com → GFC)",95.90399941186978
257,2002-06-01,2002,3,WMT,"Wal-Mart Stores, Inc",11.612106741571042,12.619432956169875,11.144878629033672,11.789996147155762,594247500,0.025,2.916,Non-Tech,"2000–2008
(Dot-com → GFC)",97.51719271299055
258,2002-07-01,2002,3,WMT,"Wal-Mart Stores, Inc",11.86734990215036,12.167789482139682,9.382288305771738,10.554001808166504,770620200,0.0,2.916,Non-Tech,"2000–2008
(Dot-com → GFC)",87.29405975832391
259,2002-08-01,2002,3,WMT,"Wal-Mart Stores, Inc",10.515371936042982,11.75790291311806,9.69774837377246,11.476778984069824,648445800,0.0,2.916,Non-Tech,"2000–2008
(Dot-com → GFC)",94.92651684911115
260,2002-09-01,2002,3,WMT,"Wal-Mart Stores, Inc",11.341586225611152,12.232174270456603,10.322237960423612,10.566882133483888,567858300,0.025,2.916,Non-Tech,"2000–2008
(Dot-com → GFC)",87.40059526100805
261,2002-10-01,2002,3,WMT,"Wal-Mart Stores, Inc",10.581501182957904,12.46829168463507,10.433221703191176,11.507704734802246,844116000,0.0,2.916,Non-Tech,"2000–2008
(Dot-com → GFC)",95.18230933252897
262,2002-11-01,2002,3,WMT,"Wal-Mart Stores, Inc",11.516303360065647,12.07718378082664,11.297108825942749,11.582921981811523,518123400,0.0,2.916,Non-Tech,"2000–2008
(Dot-com → GFC)",95.80444480063206
263,2002-12-01,2002,3,WMT,"Wal-Mart Stores, Inc",12.025605975529682,12.193225359946998,10.519182169064717,10.854419708251951,517866000,0.025,2.916,Non-Tech,"2000–2008
(Dot-com → GFC)",89.77887060061853
264,2002-01-01,2002,4,XOM,Exxon Mobil Corp,17.96220574986854,18.323278504646236,17.27662536442683,17.847942352294922,199811900,0.0,2.873,Non-Tech,"2000–2008
(Dot-com → GFC)",98.39043839781966
265,2002-02-01,2002,4,XOM,Exxon Mobil Corp,17.89366077434756,19.104852555919717,17.185225838808048,18.876325607299805,201045400,0.23,2.873,Non-Tech,"2000–2008
(Dot-com → GFC)",104.05961175706109
266,2002-03-01,2002,4,XOM,Exxon Mobil Corp,19.19542848630939,20.363246592397186,19.14945211364516,20.151752471923828,220308800,0.0,2.873,Non-Tech,"2000–2008
(Dot-com → GFC)",111.09066362162399
267,2002-04-01,2002,4,XOM,Exxon Mobil Corp,20.3218655564442,20.49198022658001,18.20691925646396,18.4689884185791,241394100,0.0,2.873,Non-Tech,"2000–2008
(Dot-com → GFC)",101.81408206053493
268,2002-05-01,2002,4,XOM,Exxon Mobil Corp,18.344851925496165,18.9103696850912,17.783931101264933,18.358644485473636,214574500,0.23,2.873,Non-Tech,"2000–2008
(Dot-com → GFC)",101.2057885251521
269,2002-06-01,2002,4,XOM,Exxon Mobil Corp,18.49716955416516,18.96884758947968,17.803525695883966,18.92260360717773,234310800,0.0,2.873,Non-Tech,"2000–2008
(Dot-com → GFC)",104.31472871151371
270,2002-07-01,2002,4,XOM,Exxon Mobil Corp,18.853237619108636,19.00583832910044,13.757267914420025,16.9988956451416,419930100,0.0,2.873,Non-Tech,"2000–2008
(Dot-com → GFC)",93.70989449600125
271,2002-08-01,2002,4,XOM,Exxon Mobil Corp,16.30062221531141,17.479815809996694,14.945705107072612,16.393108367919922,256030500,0.23,2.873,Non-Tech,"2000–2008
(Dot-com → GFC)",90.37036803378145
272,2002-09-01,2002,4,XOM,Exxon Mobil Corp,15.940029109189853,16.661402334239988,14.511244160264244,14.846333503723145,237509300,0.0,2.873,Non-Tech,"2000–2008
(Dot-com → GFC)",81.84345473548294
273,2002-10-01,2002,4,XOM,Exxon Mobil Corp,14.976652696998444,16.9871913690604,14.90684161136129,15.665448188781738,325718700,0.0,2.873,Non-Tech,"2000–2008
(Dot-com → GFC)",86.35899223387945
274,2002-11-01,2002,4,XOM,Exxon Mobil Corp,15.73061538640597,16.684690838137538,15.358293475409615,16.19601821899414,219486100,0.23,2.873,Non-Tech,"2000–2008
(Dot-com → GFC)",89.28386821358197
275,2002-12-01,2002,4,XOM,Exxon Mobil Corp,16.46676755733645,16.968031725081058,15.974871243333162,16.36838722229004,245602600,0.0,2.873,Non-Tech,"2000–2008
(Dot-com → GFC)",90.23408765432876
276,2002-01-01,2002,5,PFE,"Pfizer, Inc",14.36382409211755,15.304591243850592,14.093488786978575,15.019837379455566,269328515,0.0,2.392,Non-Tech,"2000–2008
(Dot-com → GFC)",117.360647913384
277,2002-02-01,2002,5,PFE,"Pfizer, Inc",15.102748541794512,15.2289041096897,14.24848800288672,14.763927459716797,200688556,0.12334,2.392,Non-Tech,"2000–2008
(Dot-com → GFC)",115.36104211012245
278,2002-03-01,2002,5,PFE,"Pfizer, Inc",14.886619261722458,15.150579465358444,14.282764917999888,14.369545936584473,263715543,0.0,2.392,Non-Tech,"2000–2008
(Dot-com → GFC)",112.27945940649171
279,2002-04-01,2002,5,PFE,"Pfizer, Inc",14.336999564440417,14.572032701686291,12.970193419900344,13.143756866455078,371685934,0.0,2.392,Non-Tech,"2000–2008
(Dot-com → GFC)",102.70149954972895
280,2002-05-01,2002,5,PFE,"Pfizer, Inc",13.270305028824769,13.686132782269578,12.406108300817271,12.510969161987305,294617769,0.12334,2.392,Non-Tech,"2000–2008
(Dot-com → GFC)",97.75708017209034
281,2002-06-01,2002,5,PFE,"Pfizer, Inc",12.638105223591287,13.440006596361584,11.883374863080968,12.699790954589844,348894658,0.0,2.392,Non-Tech,"2000–2008
(Dot-com → GFC)",99.23247883055463
282,2002-07-01,2002,5,PFE,"Pfizer, Inc",12.699791499200693,12.783247123517494,9.118449718696793,11.738235473632812,749532180,0.0,2.392,Non-Tech,"2000–2008
(Dot-com → GFC)",91.71916351303065
283,2002-08-01,2002,5,PFE,"Pfizer, Inc",11.716463457850155,12.7034190919973,10.685965856464325,12.0031156539917,361399947,0.12334,2.392,Non-Tech,"2000–2008
(Dot-com → GFC)",93.78886032804768
284,2002-09-01,2002,5,PFE,"Pfizer, Inc",11.66985435020172,11.98683102651932,9.837216869481736,10.573186874389648,385400161,0.0,2.392,Non-Tech,"2000–2008
(Dot-com → GFC)",82.61581205832174
285,2002-10-01,2002,5,PFE,"Pfizer, Inc",10.839161041326296,12.241876249511108,10.29264900304775,11.5751314163208,431330632,0.0,2.392,Non-Tech,"2000–2008
(Dot-com → GFC)",90.44471577036586
286,2002-11-01,2002,5,PFE,"Pfizer, Inc",11.567846130177212,12.38761426911884,11.400248551306218,11.487690925598145,351577089,0.12334,2.392,Non-Tech,"2000–2008
(Dot-com → GFC)",89.76148116630071
287,2002-12-01,2002,5,PFE,"Pfizer, Inc",11.704250505241124,11.722538876898115,10.756938294775177,11.181217193603516,368466595,0.0,2.392,Non-Tech,"2000–2008
(Dot-com → GFC)",87.36678441648635
288,2002-01-01,2002,6,JNJ,Johnson & Johnson Company,30.56947538918052,31.192281437161075,29.37575917756279,29.848054885864254,131885400,0.0,2.143,Non-Tech,"2000–2008
(Dot-com → GFC)",125.14866474039749
289,2002-02-01,2002,6,JNJ,Johnson & Johnson Company,29.718316341291946,31.643832286394225,28.389660743853447,31.607501983642575,131715000,0.18,2.143,Non-Tech,"2000–2008
(Dot-com → GFC)",132.52577711205174
290,2002-03-01,2002,6,JNJ,Johnson & Johnson Company,31.705750509607363,34.30364251860706,31.54956296161343,33.81425857543945,154776300,0.0,2.143,Non-Tech,"2000–2008
(Dot-com → GFC)",141.7783948094697
291,2002-04-01,2002,6,JNJ,Johnson & Johnson Company,33.423785384069326,33.99126296042645,32.16388657918498,33.24677658081055,160057900,0.0,2.143,Non-Tech,"2000–2008
(Dot-com → GFC)",139.39902321679486
292,2002-05-01,2002,6,JNJ,Johnson & Johnson Company,33.304044728635816,33.647651684627924,30.79986311500409,31.940019607543945,162571200,0.205,2.143,Non-Tech,"2000–2008
(Dot-com → GFC)",133.91997639214
293,2002-06-01,2002,6,JNJ,Johnson & Johnson Company,31.91792093371737,32.25225108402472,27.16418870707964,27.30000877380371,185599200,0.0,2.143,Non-Tech,"2000–2008
(Dot-com → GFC)",114.46506844440037
294,2002-07-01,2002,6,JNJ,Johnson & Johnson Company,27.00747285041616,28.652994637808376,21.626874288537067,27.47762107849121,343494700,0.0,2.143,Non-Tech,"2000–2008
(Dot-com → GFC)",115.20977167072793
295,2002-08-01,2002,6,JNJ,Johnson & Johnson Company,27.686588666844468,29.51494829578703,25.988826154254948,28.37091827392578,159253500,0.205,2.143,Non-Tech,"2000–2008
(Dot-com → GFC)",118.9552402331676
296,2002-09-01,2002,6,JNJ,Johnson & Johnson Company,28.249744521048825,29.4923551931656,26.9756746166978,28.35460662841797,146893100,0.0,2.143,Non-Tech,"2000–2008
(Dot-com → GFC)",118.88684781487343
297,2002-10-01,2002,6,JNJ,Johnson & Johnson Company,28.81076947220358,32.14012961136004,28.469967946113197,30.803142547607425,223245600,0.0,2.143,Non-Tech,"2000–2008
(Dot-com → GFC)",129.15321197251188
298,2002-11-01,2002,6,JNJ,Johnson & Johnson Company,30.58292117901016,32.10865910410233,29.51857337553973,29.896076202392575,134767300,0.205,2.143,Non-Tech,"2000–2008
(Dot-com → GFC)",125.35001131609819
299,2002-12-01,2002,6,JNJ,Johnson & Johnson Company,29.771568701786755,30.0240928104629,27.88289692419342,28.25642204284668,143258800,0.0,2.143,Non-Tech,"2000–2008
(Dot-com → GFC)",118.47517376008753
300,2002-01-01,2002,7,C,"Citigroup, Inc",264.79393086942576,276.3343233518963,239.33093730651947,250.9242706298828,27281170,1.6,1.999,Non-Tech,"2000–2008
(Dot-com → GFC)",113.41539271332182
301,2002-02-01,2002,7,C,"Citigroup, Inc",249.7008073144032,251.7723487137431,220.43359644768648,240.352294921875,31919760,0.0,1.999,Non-Tech,"2000–2008
(Dot-com → GFC)",108.63695986715054
302,2002-03-01,2002,7,C,"Citigroup, Inc",241.6803121691798,268.1854684376249,238.0683931086275,263.0331726074219,26065460,0.0,1.999,Non-Tech,"2000–2008
(Dot-com → GFC)",118.8885016703083
303,2002-04-01,2002,7,C,"Citigroup, Inc",261.06778893239505,264.52036396405435,227.07320400528764,229.9946136474609,27692140,0.0,1.999,Non-Tech,"2000–2008
(Dot-com → GFC)",103.9553860744351
304,2002-05-01,2002,7,C,"Citigroup, Inc",229.9945519972759,250.12571162065095,223.56744926530732,229.35714721679688,26690120,1.8,1.999,Non-Tech,"2000–2008
(Dot-com → GFC)",103.6672572880334
305,2002-06-01,2002,7,C,"Citigroup, Inc",231.74031972577492,233.28702976668197,192.0057884954637,206.6728973388672,37033710,0.0,1.999,Non-Tech,"2000–2008
(Dot-com → GFC)",93.41419128587152
306,2002-07-01,2002,7,C,"Citigroup, Inc",207.7394739147948,212.00626670380217,130.56386097127685,178.88528442382812,72498020,0.0,1.999,Non-Tech,"2000–2008
(Dot-com → GFC)",80.85445354741455
307,2002-08-01,2002,7,C,"Citigroup, Inc",176.00521734106633,194.13908821863072,152.53785502892416,174.67184448242188,43215900,25.95,1.999,Non-Tech,"2000–2008
(Dot-com → GFC)",78.95001861798738
308,2002-09-01,2002,7,C,"Citigroup, Inc",178.20123939972973,182.85897142690104,150.36987744696424,170.49586486816406,47071850,0.0,1.999,Non-Tech,"2000–2008
(Dot-com → GFC)",77.06251540147919
309,2002-10-01,2002,7,C,"Citigroup, Inc",172.62345680900935,214.1979848322268,144.21706107275935,212.472900390625,54437580,1.8,1.999,Non-Tech,"2000–2008
(Dot-com → GFC)",96.03573770783505
310,2002-11-01,2002,7,C,"Citigroup, Inc",212.35374775965025,228.24416425867165,198.13904438280173,224.66159057617188,34321590,0.0,1.999,Non-Tech,"2000–2008
(Dot-com → GFC)",101.54491017881475
311,2002-12-01,2002,7,C,"Citigroup, Inc",224.71935421387536,228.1285669654618,199.93031056384328,203.3395233154297,29157390,0.0,1.999,Non-Tech,"2000–2008
(Dot-com → GFC)",91.90753781237717
312,2002-01-01,2002,8,AIG,"American International Group, Inc",934.204308538765,940.6714245827716,781.9331216844288,871.8848266601562,7432130,0.0,1.898,Non-Tech,"2000–2008
(Dot-com → GFC)",106.96265514307203
313,2002-02-01,2002,8,AIG,"American International Group, Inc",871.8851127689885,909.8647196460072,802.3930171811401,869.7686157226562,6642725,0.84,1.898,Non-Tech,"2000–2008
(Dot-com → GFC)",106.70303881096439
314,2002-03-01,2002,8,AIG,"American International Group, Inc",867.3315148130389,902.9800957627524,829.4475146745805,848.7424926757812,5115595,0.0,1.898,Non-Tech,"2000–2008
(Dot-com → GFC)",104.12355826526691
315,2002-04-01,2002,8,AIG,"American International Group, Inc",841.2124251222183,888.7438971674635,794.0339667865704,813.2112426757812,6673205,0.0,1.898,Non-Tech,"2000–2008
(Dot-com → GFC)",99.76459166286537
316,2002-05-01,2002,8,AIG,"American International Group, Inc",826.5062046787543,842.38924206404,770.6214435083048,787.9163208007812,6494305,0.0,1.898,Non-Tech,"2000–2008
(Dot-com → GFC)",96.66141573566098
317,2002-06-01,2002,8,AIG,"American International Group, Inc",787.9162787686735,814.1526877251526,727.0901170724629,802.7404174804688,6766900,0.86,1.898,Non-Tech,"2000–2008
(Dot-com → GFC)",98.4800329342546
318,2002-07-01,2002,8,AIG,"American International Group, Inc",803.3936292755617,806.4545960799045,560.515384110731,752.5339965820312,10445415,0.0,1.898,Non-Tech,"2000–2008
(Dot-com → GFC)",92.32071931814473
319,2002-08-01,2002,8,AIG,"American International Group, Inc",752.4163362015347,800.6858886388978,673.4191218090665,739.3482666015625,6642875,0.0,1.898,Non-Tech,"2000–2008
(Dot-com → GFC)",90.70309661663131
320,2002-09-01,2002,8,AIG,"American International Group, Inc",736.4047018047661,736.4047018047661,619.2627868094436,643.9862060546875,6521900,0.94,1.898,Non-Tech,"2000–2008
(Dot-com → GFC)",79.00409821212763
321,2002-10-01,2002,8,AIG,"American International Group, Inc",644.4947317536596,778.2244430041903,611.2684807430187,736.9862060546875,8621050,0.0,1.898,Non-Tech,"2000–2008
(Dot-com → GFC)",90.41331950390158
322,2002-11-01,2002,8,AIG,"American International Group, Inc",735.2184786910015,804.145211068283,718.7231923101136,767.6199340820312,5655180,0.0,1.898,Non-Tech,"2000–2008
(Dot-com → GFC)",94.1714590959014
323,2002-12-01,2002,8,AIG,"American International Group, Inc",783.5260648076248,783.5260648076248,660.4005403378552,681.6087646484375,5550780,0.96,1.898,Non-Tech,"2000–2008
(Dot-com → GFC)",83.619626132115
324,2002-01-01,2002,9,KO,Coca-Cola Co (The),11.626434101759056,11.837598541041038,10.80662161690848,10.868728637695312,249580000,0.0,1.582,Non-Tech,"2000–2008
(Dot-com → GFC)",100.0
325,2002-02-01,2002,9,KO,Coca-Cola Co (The),10.868723986766808,11.92454288833844,10.856302777460291,11.773001670837402,183248000,0.0,1.582,Non-Tech,"2000–2008
(Dot-com → GFC)",108.31995225279485
326,2002-03-01,2002,9,KO,Coca-Cola Co (The),11.6661781107552,13.087186508017377,11.51463688616468,12.9828462600708,210607600,0.1,1.582,Non-Tech,"2000–2008
(Dot-com → GFC)",119.45137920771369
327,2002-04-01,2002,9,KO,Coca-Cola Co (The),12.97220541805228,13.980046221231897,12.847472673647932,13.84782886505127,194723800,0.0,1.582,Non-Tech,"2000–2008
(Dot-com → GFC)",127.4098316984724
328,2002-05-01,2002,9,KO,Coca-Cola Co (The),13.910192390329206,14.446543462149943,13.421240360727817,13.860300064086914,179044800,0.0,1.582,Non-Tech,"2000–2008
(Dot-com → GFC)",127.5245755608998
329,2002-06-01,2002,9,KO,Coca-Cola Co (The),13.69565350416906,14.3317902075572,13.2091956892363,13.970065116882324,200331200,0.1,1.582,Non-Tech,"2000–2008
(Dot-com → GFC)",128.53449177515432
330,2002-07-01,2002,9,KO,Coca-Cola Co (The),14.084595731258924,14.397586747509122,10.917126264737805,12.504616737365724,355021000,0.0,1.582,Non-Tech,"2000–2008
(Dot-com → GFC)",115.05132894749775
331,2002-08-01,2002,9,KO,Coca-Cola Co (The),12.48207984658688,13.3709749900977,11.906176636901078,12.770031929016112,193239800,0.0,1.582,Non-Tech,"2000–2008
(Dot-com → GFC)",117.49333666061577
332,2002-09-01,2002,9,KO,Coca-Cola Co (The),12.61979369801293,12.917760696332865,11.620726306891491,12.008834838867188,181020800,0.1,1.582,Non-Tech,"2000–2008
(Dot-com → GFC)",110.48978440052058
333,2002-10-01,2002,9,KO,Coca-Cola Co (The),12.166755460720536,13.348237108088254,11.203972522219212,11.684106826782228,317116400,0.0,1.582,Non-Tech,"2000–2008
(Dot-com → GFC)",107.50205673788737
334,2002-11-01,2002,9,KO,Coca-Cola Co (The),11.684106669037584,11.855044624693802,11.113475693381622,11.47294807434082,225505600,0.1,1.582,Non-Tech,"2000–2008
(Dot-com → GFC)",105.55924668640573
335,2002-12-01,2002,9,KO,Coca-Cola Co (The),11.66038585441371,11.844709723616171,10.832190724143842,11.069539070129396,227408200,0.0,1.582,Non-Tech,"2000–2008
(Dot-com → GFC)",101.84759817940092
336,2002-01-01,2002,10,PG,Procter & Gamble Co,20.40485762555667,21.237603698964737,19.75314244937262,21.12381172180176,128241600,0.19,1.543,Non-Tech,"2000–2008
(Dot-com → GFC)",100.0
337,2002-02-01,2002,10,PG,Procter & Gamble Co,21.22507790335434,22.828391949756465,20.98341129153078,22.03323173522949,135382600,0.0,1.543,Non-Tech,"2000–2008
(Dot-com → GFC)",104.30518897538326
338,2002-03-01,2002,10,PG,Procter & Gamble Co,22.087802338800348,23.576780945254605,21.469344587031127,23.41047096252441,137984200,0.0,1.543,Non-Tech,"2000–2008
(Dot-com → GFC)",110.82503134774015
339,2002-04-01,2002,10,PG,Procter & Gamble Co,23.21817293325458,24.099086122025163,22.828388266274768,23.45464324951172,141148400,0.19,1.543,Non-Tech,"2000–2008
(Dot-com → GFC)",111.03414269359502
340,2002-05-01,2002,10,PG,Procter & Gamble Co,23.693693344783146,24.458258613480147,22.54554044426697,23.36751365661621,137991200,0.0,1.543,Non-Tech,"2000–2008
(Dot-com → GFC)",110.62167171514191
341,2002-06-01,2002,10,PG,Procter & Gamble Co,23.252683340981044,24.72440502151694,22.94737982010044,23.30226325988769,178855400,0.345,1.543,Non-Tech,"2000–2008
(Dot-com → GFC)",110.31277672219338
342,2002-07-01,2002,10,PG,Procter & Gamble Co,23.493740077108715,23.91712195996137,19.48081910982121,23.401700973510746,236710600,0.205,1.543,Non-Tech,"2000–2008
(Dot-com → GFC)",110.78351427151753
343,2002-08-01,2002,10,PG,Procter & Gamble Co,23.454309283295085,24.553813620229366,22.862269572279715,23.43052291870117,190074400,0.0,1.543,Non-Tech,"2000–2008
(Dot-com → GFC)",110.91995718991693
344,2002-09-01,2002,10,PG,Procter & Gamble Co,23.43316382535541,24.712392591599897,22.825264591377696,23.62346076965332,163217400,0.0,1.543,Non-Tech,"2000–2008
(Dot-com → GFC)",111.83332383743833
345,2002-10-01,2002,10,PG,Procter & Gamble Co,23.65518429452207,24.4084495363594,22.399741552634023,23.37766456604004,217072600,0.205,1.543,Non-Tech,"2000–2008
(Dot-com → GFC)",110.66972606043487
346,2002-11-01,2002,10,PG,Procter & Gamble Co,23.311576392628165,23.646114629296367,22.196442860078637,22.4433650970459,147508200,0.0,1.543,Non-Tech,"2000–2008
(Dot-com → GFC)",106.24675788926027
347,2002-12-01,2002,10,PG,Procter & Gamble Co,22.204403994904798,23.444326257375607,21.771627255527363,22.81772804260254,160358200,0.0,1.543,Non-Tech,"2000–2008
(Dot-com → GFC)",108.01898986371147
348,2003-01-01,2003,1,MSFT,Microsoft Corp,15.937505701347286,17.467262624549704,14.331565671386551,14.462600708007812,1718662200,0.0,3.267,Tech,"2000–2008
(Dot-com → GFC)",48.490415610774555
349,2003-02-01,2003,1,MSFT,Microsoft Corp,14.605831421535292,15.23053292539798,14.017697498701477,14.444323539733888,1346970800,0.08,3.267,Tech,"2000–2008
(Dot-com → GFC)",48.42913565817931
350,2003-03-01,2003,1,MSFT,Microsoft Corp,14.686421471327838,16.386181379089805,13.787626422236382,14.80259132385254,1371902600,0.0,3.267,Tech,"2000–2008
(Dot-com → GFC)",49.630341036285735
351,2003-04-01,2003,1,MSFT,Microsoft Corp,14.955447728324463,16.159955143848606,14.64362215495129,15.634129524230955,1249617700,0.0,3.267,Tech,"2000–2008
(Dot-com → GFC)",52.41833427115801
352,2003-05-01,2003,1,MSFT,Microsoft Corp,15.61579215516595,16.202759486210976,14.606940159856627,15.04716682434082,1311003700,0.0,3.267,Tech,"2000–2008
(Dot-com → GFC)",50.45035729106094
353,2003-06-01,2003,1,MSFT,Microsoft Corp,15.273384605668165,16.20886456412701,14.429619260426662,15.676924705505373,1569995800,0.0,3.267,Tech,"2000–2008
(Dot-com → GFC)",52.561818570284515
354,2003-07-01,2003,1,MSFT,Microsoft Corp,15.646354300722209,17.003716379541565,15.524068924453893,16.147722244262695,1292011000,0.0,3.267,Tech,"2000–2008
(Dot-com → GFC)",54.140315327802824
355,2003-08-01,2003,1,MSFT,Microsoft Corp,16.098800607230256,16.477884158922457,15.54851901029576,16.2149715423584,966506900,0.0,3.267,Tech,"2000–2008
(Dot-com → GFC)",54.365789741432174
356,2003-09-01,2003,1,MSFT,Microsoft Corp,16.32503454146996,18.3427349157192,16.184406020804357,16.997600555419922,1253309100,0.0,3.267,Tech,"2000–2008
(Dot-com → GFC)",56.98979954980578
357,2003-10-01,2003,1,MSFT,Microsoft Corp,17.13822855566195,18.012564580486536,15.842008147851274,15.982635498046877,1400032500,0.16,3.267,Tech,"2000–2008
(Dot-com → GFC)",53.586810111316886
358,2003-11-01,2003,1,MSFT,Microsoft Corp,16.201422563243923,16.447364223628213,15.27299176914368,15.80791473388672,1442336700,0.0,3.267,Tech,"2000–2008
(Dot-com → GFC)",53.00100382094015
359,2003-12-01,2003,1,MSFT,Microsoft Corp,15.924741505088566,16.9392518446868,15.67879978226818,16.82857894897461,1476461300,0.0,3.267,Tech,"2000–2008
(Dot-com → GFC)",56.423101477363254
360,2003-01-01,2003,2,GE,General Electric Co,67.24415455330549,71.63616400667917,61.24264609710213,63.12493896484375,96361904,0.0,3.245,Non-Tech,"2000–2008
(Dot-com → GFC)",54.59160603892251
361,2003-02-01,2003,2,GE,General Electric Co,63.697761636911146,66.01652299158289,58.105454584890445,65.60733032226562,88525391,0.910563,3.245,Non-Tech,"2000–2008
(Dot-com → GFC)",56.73842365555854
362,2003-03-01,2003,2,GE,General Electric Co,66.54378620468604,76.99281272777529,63.68405548683808,70.11845397949219,109292820,0.0,3.245,Non-Tech,"2000–2008
(Dot-com → GFC)",60.63972620771358
363,2003-04-01,2003,2,GE,General Electric Co,70.25592338597853,81.88733037566585,70.11843502248486,80.97991943359375,88309532,0.0,3.245,Non-Tech,"2000–2008
(Dot-com → GFC)",70.03292092281514
364,2003-05-01,2003,2,GE,General Electric Co,80.97987893247097,80.97987893247097,75.20542308370277,78.91757202148438,80344128,0.0,3.245,Non-Tech,"2000–2008
(Dot-com → GFC)",68.2493650210824
365,2003-06-01,2003,2,GE,General Electric Co,80.89743489150551,87.05685091880751,78.45016113182479,78.86261749267578,86805683,0.910563,3.245,Non-Tech,"2000–2008
(Dot-com → GFC)",68.20183933573568
366,2003-07-01,2003,2,GE,General Electric Co,78.82452161215254,81.6475933182484,74.45153146804414,78.71381378173828,96594186,0.0,3.245,Non-Tech,"2000–2008
(Dot-com → GFC)",68.07315115483853
367,2003-08-01,2003,2,GE,General Electric Co,78.04956684940024,84.11086311083938,75.2265036349645,81.84133911132812,70212250,0.0,3.245,Non-Tech,"2000–2008
(Dot-com → GFC)",70.77789247371425
368,2003-09-01,2003,2,GE,General Electric Co,82.3395490230259,89.72935002649635,81.12175363904191,82.505615234375,88341832,0.910563,3.245,Non-Tech,"2000–2008
(Dot-com → GFC)",71.35237065943787
369,2003-10-01,2003,2,GE,General Electric Co,83.01754830528022,87.16703317479123,77.97689622211418,80.78963470458984,99631996,0.0,3.245,Non-Tech,"2000–2008
(Dot-com → GFC)",69.86835919600239
370,2003-11-01,2003,2,GE,General Electric Co,80.90103612379191,83.40743247967363,76.22241895253866,79.84278106689453,85741171,0.0,3.245,Non-Tech,"2000–2008
(Dot-com → GFC)",69.04950278816695
371,2003-12-01,2003,2,GE,General Electric Co,81.3187860155212,87.13920304011776,80.14912710612371,86.27588653564453,89419006,0.958487,3.245,Non-Tech,"2000–2008
(Dot-com → GFC)",74.61297049389303
372,2003-01-01,2003,3,WMT,"Wal-Mart Stores, Inc",10.900552953237495,11.229829431596391,10.097807692895062,10.287195205688477,531613200,0.0,2.652,Non-Tech,"2000–2008
(Dot-com → GFC)",85.08725404386871
373,2003-02-01,2003,3,WMT,"Wal-Mart Stores, Inc",10.280739783591756,10.715470566093634,9.953615862082902,10.343152046203612,441135900,0.0,2.652,Non-Tech,"2000–2008
(Dot-com → GFC)",85.5500832027604
374,2003-03-01,2003,3,WMT,"Wal-Mart Stores, Inc",10.45936742069656,11.806602388068644,10.007418974428512,11.197547912597656,533390400,0.03,2.652,Non-Tech,"2000–2008
(Dot-com → GFC)",92.61694610215419
375,2003-04-01,2003,3,WMT,"Wal-Mart Stores, Inc",11.231959868812384,12.398272742737545,11.1069199711961,12.14172649383545,509019600,0.0,2.652,Non-Tech,"2000–2008
(Dot-com → GFC)",100.42641809118922
376,2003-05-01,2003,3,WMT,"Wal-Mart Stores, Inc",12.141728931697124,12.27754792414648,11.130636648119198,11.341910362243652,572232000,0.0,2.652,Non-Tech,"2000–2008
(Dot-com → GFC)",93.81099406001074
377,2003-06-01,2003,3,WMT,"Wal-Mart Stores, Inc",11.417369046372048,11.984357192608329,11.23627740478599,11.570433616638184,499862700,0.03,2.652,Non-Tech,"2000–2008
(Dot-com → GFC)",95.70115127126371
378,2003-07-01,2003,3,WMT,"Wal-Mart Stores, Inc",11.55266340380259,12.45960251856082,11.444696226719667,12.073074340820312,473967900,0.0,2.652,Non-Tech,"2000–2008
(Dot-com → GFC)",99.85858370412252
379,2003-08-01,2003,3,WMT,"Wal-Mart Stores, Inc",12.032045391006603,12.84397136699882,11.82906389700855,12.777029991149902,410007900,0.0,2.652,Non-Tech,"2000–2008
(Dot-com → GFC)",105.68112833923252
380,2003-09-01,2003,3,WMT,"Wal-Mart Stores, Inc",12.731687965663737,12.999451096287302,12.049324815188609,12.060121536254885,525302100,0.0,2.652,Non-Tech,"2000–2008
(Dot-com → GFC)",99.75144871245544
381,2003-10-01,2003,3,WMT,"Wal-Mart Stores, Inc",12.096824988126068,12.87851936929658,12.094666386195582,12.729522705078123,456421800,0.03,2.652,Non-Tech,"2000–2008
(Dot-com → GFC)",105.2881869749344
382,2003-11-01,2003,3,WMT,"Wal-Mart Stores, Inc",12.710700859355828,12.961584561691136,11.756912120715151,12.033748626708984,517154100,0.0,2.652,Non-Tech,"2000–2008
(Dot-com → GFC)",99.53331360278365
383,2003-12-01,2003,3,WMT,"Wal-Mart Stores, Inc",12.033749853067246,12.038075114524986,10.922075979670788,11.473587036132812,840196800,0.03,2.652,Non-Tech,"2000–2008
(Dot-com → GFC)",94.90011566982166
384,2003-01-01,2003,4,XOM,Exxon Mobil Corp,16.39649861073535,17.146052118109786,14.794326425030537,15.998298645019531,268464500,0.0,2.64,Non-Tech,"2000–2008
(Dot-com → GFC)",88.19389855886205
385,2003-02-01,2003,4,XOM,Exxon Mobil Corp,16.002976009064714,16.43865436499651,15.140988935584966,15.937390327453612,220545200,0.23,2.64,Non-Tech,"2000–2008
(Dot-com → GFC)",87.85812898110935
386,2003-03-01,2003,4,XOM,Exxon Mobil Corp,16.22003683311526,17.07372364509021,15.672923120252095,16.484161376953125,271091900,0.0,2.64,Non-Tech,"2000–2008
(Dot-com → GFC)",90.87231639843793
387,2003-04-01,2003,4,XOM,Exxon Mobil Corp,16.625661530263606,16.979399009630917,16.130429418989745,16.602079391479492,230596000,0.0,2.64,Non-Tech,"2000–2008
(Dot-com → GFC)",91.5223636092167
388,2003-05-01,2003,4,XOM,Exxon Mobil Corp,16.658668197704007,17.342560661037343,16.503024723527975,17.16805076599121,241625800,0.25,2.64,Non-Tech,"2000–2008
(Dot-com → GFC)",94.6423967513937
389,2003-06-01,2003,4,XOM,Exxon Mobil Corp,17.352123021019555,18.26414359955977,17.0576171875,17.0576171875,244445200,0.0,2.64,Non-Tech,"2000–2008
(Dot-com → GFC)",94.03360902745794
390,2003-07-01,2003,4,XOM,Exxon Mobil Corp,17.076613058290455,17.290367960698536,16.577852827351393,16.900859832763672,260446600,0.0,2.64,Non-Tech,"2000–2008
(Dot-com → GFC)",93.16945199746806
391,2003-08-01,2003,4,XOM,Exxon Mobil Corp,16.896108782451822,17.926881621595147,16.68235387921752,17.907880783081055,212805700,0.25,2.64,Non-Tech,"2000–2008
(Dot-com → GFC)",98.72086127601585
392,2003-09-01,2003,4,XOM,Exxon Mobil Corp,18.07436662486304,18.41394808676248,17.385635970295095,17.505207061767578,224083400,0.0,2.64,Non-Tech,"2000–2008
(Dot-com → GFC)",96.50103989889111
393,2003-10-01,2003,4,XOM,Exxon Mobil Corp,17.658248929120848,18.61960103718993,17.275621995975325,17.495634078979492,256091700,0.0,2.64,Non-Tech,"2000–2008
(Dot-com → GFC)",96.44826687023027
394,2003-11-01,2003,4,XOM,Exxon Mobil Corp,17.65825582658973,17.691737406795475,16.763864678909616,17.313892364501953,224482300,0.25,2.64,Non-Tech,"2000–2008
(Dot-com → GFC)",95.44637843907915
395,2003-12-01,2003,4,XOM,Exxon Mobil Corp,17.579724218787216,19.809700709476424,17.44486664833143,19.74708747863769,257997900,0.0,2.64,Non-Tech,"2000–2008
(Dot-com → GFC)",108.85986494983456
396,2003-01-01,2003,5,PFE,"Pfizer, Inc",11.243396071038006,11.751799883201198,10.610635444057442,11.104408264160156,398546385,0.142315,2.571,Non-Tech,"2000–2008
(Dot-com → GFC)",86.76662174512907
397,2003-02-01,2003,5,PFE,"Pfizer, Inc",11.467098111505072,11.467098111505072,10.254231929573155,10.959898948669434,339507313,0.0,2.571,Non-Tech,"2000–2008
(Dot-com → GFC)",85.63746791562698
398,2003-03-01,2003,5,PFE,"Pfizer, Inc",11.033404038144884,11.96326773631964,10.415945253649513,11.452393531799316,402298732,0.0,2.571,Non-Tech,"2000–2008
(Dot-com → GFC)",89.48567758060074
399,2003-04-01,2003,5,PFE,"Pfizer, Inc",11.492823615985555,12.40063569939339,10.75775254969814,11.301705360412598,469584300,0.0,2.571,Non-Tech,"2000–2008
(Dot-com → GFC)",88.3082439653062
400,2003-05-01,2003,5,PFE,"Pfizer, Inc",11.342131913716305,12.40430910388656,11.173066072557123,11.400938034057615,501524612,0.142315,2.571,Non-Tech,"2000–2008
(Dot-com → GFC)",89.08361926258381
401,2003-06-01,2003,5,PFE,"Pfizer, Inc",11.60761029408422,13.630819252618087,11.445162713181045,12.608139038085938,522908054,0.0,2.571,Non-Tech,"2000–2008
(Dot-com → GFC)",98.51633736832319
402,2003-07-01,2003,5,PFE,"Pfizer, Inc",12.552752300047755,12.914566626533697,11.821739332841782,12.316465377807615,401347603,0.0,2.571,Non-Tech,"2000–2008
(Dot-com → GFC)",96.23728408134458
403,2003-08-01,2003,5,PFE,"Pfizer, Inc",12.231553058608778,12.298008935301644,10.865517654969084,11.046424865722656,462768715,0.142315,2.571,Non-Tech,"2000–2008
(Dot-com → GFC)",86.31355630660755
404,2003-09-01,2003,5,PFE,"Pfizer, Inc",11.182372454880436,12.00575128048493,11.089649432792267,11.267677307128906,436019878,0.0,2.571,Non-Tech,"2000–2008
(Dot-com → GFC)",88.04235863780808
405,2003-10-01,2003,5,PFE,"Pfizer, Inc",11.26026235983174,11.727585539560163,10.941295898954523,11.720168113708496,437355088,0.0,2.571,Non-Tech,"2000–2008
(Dot-com → GFC)",91.57799040887292
406,2003-11-01,2003,5,PFE,"Pfizer, Inc",11.738705852794268,12.795745857665674,11.50504439373047,12.450817108154297,409005332,0.142315,2.571,Non-Tech,"2000–2008
(Dot-com → GFC)",97.28706949002938
407,2003-12-01,2003,5,PFE,"Pfizer, Inc",12.699873370249636,13.188043919529104,12.614164277356483,13.165684700012209,363827835,0.0,2.571,Non-Tech,"2000–2008
(Dot-com → GFC)",102.87283727387248
408,2003-01-01,2003,6,C,"Citigroup, Inc",206.286418931453,224.7770783314712,194.44084025331637,198.4856719970703,33382560,2.0,2.547,Non-Tech,"2000–2008
(Dot-com → GFC)",89.71364300873022
409,2003-02-01,2003,6,C,"Citigroup, Inc",199.7830094894824,203.44396545984105,180.43230555272564,193.7395477294922,27901340,0.0,2.547,Non-Tech,"2000–2008
(Dot-com → GFC)",87.56843981127795
410,2003-03-01,2003,6,C,"Citigroup, Inc",196.70318920207475,216.1701222545696,175.78349995163254,200.18980407714844,33574480,0.0,2.547,Non-Tech,"2000–2008
(Dot-com → GFC)",90.48389456156829
411,2003-04-01,2003,6,C,"Citigroup, Inc",200.24784633886472,234.7653177249204,200.24784633886472,228.0826416015625,33078400,0.0,2.547,Non-Tech,"2000–2008
(Dot-com → GFC)",103.091192826416
412,2003-05-01,2003,6,C,"Citigroup, Inc",226.92052912657985,241.9710805206014,221.3419415090941,238.3682556152344,30082100,2.0,2.547,Non-Tech,"2000–2008
(Dot-com → GFC)",107.74019290014311
413,2003-06-01,2003,6,C,"Citigroup, Inc",242.2757524440988,267.04069487628675,237.7199473158221,249.985595703125,27812680,0.0,2.547,Non-Tech,"2000–2008
(Dot-com → GFC)",112.99112054076097
414,2003-07-01,2003,6,C,"Citigroup, Inc",247.4156919161552,281.233838387898,247.3572804927826,261.6672058105469,30063740,3.5,2.547,Non-Tech,"2000–2008
(Dot-com → GFC)",118.27109762122193
415,2003-08-01,2003,6,C,"Citigroup, Inc",265.35602266558004,268.2991906985331,250.05154889422408,255.17266845703125,24893100,0.0,2.547,Non-Tech,"2000–2008
(Dot-com → GFC)",115.33562827586402
416,2003-09-01,2003,6,C,"Citigroup, Inc",255.17268613760996,279.4832485887802,254.5840524902337,267.8871765136719,26675290,0.0,2.547,Non-Tech,"2000–2008
(Dot-com → GFC)",121.082465442236
417,2003-10-01,2003,6,C,"Citigroup, Inc",270.53600877222414,289.31341720130376,269.2410076542164,279.0123291015625,28429260,3.5,2.547,Non-Tech,"2000–2008
(Dot-com → GFC)",126.11092899653427
418,2003-11-01,2003,6,C,"Citigroup, Inc",282.26548359947805,290.44880340630414,265.89882588906335,278.8854064941406,22496890,0.0,2.547,Non-Tech,"2000–2008
(Dot-com → GFC)",126.05356118062386
419,2003-12-01,2003,6,C,"Citigroup, Inc",281.13882691458866,288.4326554205178,272.7775969538251,287.83966064453125,21336000,0.0,2.547,Non-Tech,"2000–2008
(Dot-com → GFC)",130.1007992113339
420,2003-01-01,2003,7,INTC,Intel Corp,9.168232008492812,10.307107106939956,8.664608725961342,8.962203979492188,1296861600,0.0,1.947,Tech,"2000–2008
(Dot-com → GFC)",31.892513508470653
421,2003-02-01,2003,7,INTC,Intel Corp,8.956479404346455,9.895050535189409,8.515809444740349,9.87215805053711,972981900,0.02,1.947,Tech,"2000–2008
(Dot-com → GFC)",35.13063691754446
422,2003-03-01,2003,7,INTC,Intel Corp,9.816038702451936,10.893339586828876,8.933569898796529,9.328962326049805,1292712700,0.0,1.947,Tech,"2000–2008
(Dot-com → GFC)",33.197643981811645
423,2003-04-01,2003,7,INTC,Intel Corp,9.386263971534571,11.208505963184557,9.32896164412668,10.54378890991211,1222054300,0.0,1.947,Tech,"2000–2008
(Dot-com → GFC)",37.52067359873776
424,2003-05-01,2003,7,INTC,Intel Corp,10.52659638619088,12.039400238396858,10.48648323546709,11.930523872375488,1286127600,0.02,1.947,Tech,"2000–2008
(Dot-com → GFC)",42.455448975892004
425,2003-06-01,2003,7,INTC,Intel Corp,12.046325888257597,13.14770429894885,11.466954845194484,11.937335014343262,1356186800,0.0,1.947,Tech,"2000–2008
(Dot-com → GFC)",42.47968681266881
426,2003-07-01,2003,7,INTC,Intel Corp,11.971760541624162,14.627689580036918,11.76525163272822,14.277771949768066,1431224400,0.0,1.947,Tech,"2000–2008
(Dot-com → GFC)",50.80826500052976
427,2003-08-01,2003,7,INTC,Intel Corp,14.214670689427392,16.658355060391706,13.382899794614191,16.400218963623047,1148633000,0.02,1.947,Tech,"2000–2008
(Dot-com → GFC)",58.36111363187932
428,2003-09-01,2003,7,INTC,Intel Corp,16.516617217921414,16.866812383740715,15.62677449347898,15.799002647399902,1165832900,0.0,1.947,Tech,"2000–2008
(Dot-com → GFC)",56.22165111456379
429,2003-10-01,2003,7,INTC,Intel Corp,15.9712299459742,19.10576991144893,15.965488897924734,18.91632080078125,1220535000,0.0,1.947,Tech,"2000–2008
(Dot-com → GFC)",67.31480538157354
430,2003-11-01,2003,7,INTC,Intel Corp,19.13446909201488,19.811894988664843,18.17573523110524,19.255027770996094,904543000,0.02,1.947,Tech,"2000–2008
(Dot-com → GFC)",68.5201134338906
431,2003-12-01,2003,7,INTC,Intel Corp,19.42731038926634,19.760482349642395,17.037670856911642,18.410564422607425,1082622400,0.0,1.947,Tech,"2000–2008
(Dot-com → GFC)",65.5150424929121
432,2003-01-01,2003,8,IBM,International Business Machines Corp,39.15244438165168,44.19555506859837,38.2680362150392,38.85432815551758,202854441,0.0,1.662,Tech,"2000–2008
(Dot-com → GFC)",70.68056865170888
433,2003-02-01,2003,8,IBM,International Business Machines Corp,38.85430961418989,39.77349922067221,36.92153325274141,38.73009490966797,152373642,0.143403,1.662,Tech,"2000–2008
(Dot-com → GFC)",70.45457384292074
434,2003-03-01,2003,8,IBM,International Business Machines Corp,39.27838570815533,42.26533917958661,36.42585245291917,39.044410705566406,200766311,0.0,1.662,Tech,"2000–2008
(Dot-com → GFC)",71.02635104883187
435,2003-04-01,2003,8,IBM,International Business Machines Corp,39.0792524835228,43.05687481578967,38.89007894091381,42.26533508300781,186056518,0.0,1.662,Tech,"2000–2008
(Dot-com → GFC)",76.88558932134801
436,2003-05-01,2003,8,IBM,International Business Machines Corp,42.46449023324171,45.003398798151615,42.04133748148418,43.82852935791016,156427206,0.152964,1.662,Tech,"2000–2008
(Dot-com → GFC)",79.72922259229169
437,2003-06-01,2003,8,IBM,International Business Machines Corp,44.38758383487193,44.42748028946051,39.80419204729603,41.14579391479492,192974761,0.0,1.662,Tech,"2000–2008
(Dot-com → GFC)",74.84901295637877
438,2003-07-01,2003,8,IBM,International Business Machines Corp,40.59717921236421,43.4050671461658,40.18821669877568,40.522369384765625,160995717,0.0,1.662,Tech,"2000–2008
(Dot-com → GFC)",73.71493079910854
439,2003-08-01,2003,8,IBM,International Business Machines Corp,40.47249820848256,42.25298896992235,39.26555481316299,40.90141296386719,119134378,0.152964,1.662,Tech,"2000–2008
(Dot-com → GFC)",74.404455415451
440,2003-09-01,2003,8,IBM,International Business Machines Corp,41.17841977393385,46.71052143665172,41.12844510202516,44.14186477661133,179852483,0.0,1.662,Tech,"2000–2008
(Dot-com → GFC)",80.2992163773824
441,2003-10-01,2003,8,IBM,International Business Machines Corp,44.35176580801452,47.24524840067312,43.74208347169403,44.71657180786133,163328087,0.0,1.662,Tech,"2000–2008
(Dot-com → GFC)",81.34467570470105
442,2003-11-01,2003,8,IBM,International Business Machines Corp,44.92645977304527,45.71604449450998,43.83703098541769,45.24629211425781,102472540,0.152964,1.662,Tech,"2000–2008
(Dot-com → GFC)",82.30829891631856
443,2003-12-01,2003,8,IBM,International Business Machines Corp,45.50848981769969,47.120560707497205,45.07292931135892,46.399635314941406,121444365,0.0,1.662,Tech,"2000–2008
(Dot-com → GFC)",84.40636513299879
444,2003-01-01,2003,9,AIG,"American International Group, Inc",685.0779063227661,749.1049664786333,626.1211157614266,638.1483154296875,6377440,0.0,1.64,Non-Tech,"2000–2008
(Dot-com → GFC)",78.28790696462443
445,2003-02-01,2003,9,AIG,"American International Group, Inc",643.2186644866215,656.6608431827317,541.2234042151407,581.1961059570312,9973455,0.0,1.64,Non-Tech,"2000–2008
(Dot-com → GFC)",71.30102136323734
446,2003-03-01,2003,9,AIG,"American International Group, Inc",583.3182389112858,645.9302936529757,506.08487787247606,583.0823974609375,8582230,0.94,1.64,Non-Tech,"2000–2008
(Dot-com → GFC)",71.53243122548314
447,2003-04-01,2003,9,AIG,"American International Group, Inc",583.7774604065111,690.4767693559911,583.7774604065111,683.985107421875,7495790,0.0,1.64,Non-Tech,"2000–2008
(Dot-com → GFC)",83.91115538552636
448,2003-05-01,2003,9,AIG,"American International Group, Inc",683.9849171032258,689.8864263103287,643.2645035742158,683.15869140625,6402615,0.0,1.64,Non-Tech,"2000–2008
(Dot-com → GFC)",83.8097708349744
449,2003-06-01,2003,9,AIG,"American International Group, Inc",684.574988792339,715.2628331175129,647.9856359430933,651.2904663085938,6029775,0.94,1.64,Non-Tech,"2000–2008
(Dot-com → GFC)",79.90018339072468
450,2003-07-01,2003,9,AIG,"American International Group, Inc",648.5121374397635,770.6545251339118,640.2433123722255,758.369384765625,7187770,0.0,1.64,Non-Tech,"2000–2008
(Dot-com → GFC)",93.0366035666396
451,2003-08-01,2003,9,AIG,"American International Group, Inc",756.0069668396832,764.8664234823358,692.3369762617766,703.6771240234375,4949570,0.0,1.64,Non-Tech,"2000–2008
(Dot-com → GFC)",86.32696802088671
452,2003-09-01,2003,9,AIG,"American International Group, Inc",701.6690221089011,720.3329311729161,676.2719110393028,681.5875854492188,5885220,1.3,1.64,Non-Tech,"2000–2008
(Dot-com → GFC)",83.61702787221533
453,2003-10-01,2003,9,AIG,"American International Group, Inc",684.7043540452522,746.5524185674617,684.231299713589,719.3534545898438,5859095,0.0,1.64,Non-Tech,"2000–2008
(Dot-com → GFC)",88.25013710126444
454,2003-11-01,2003,9,AIG,"American International Group, Inc",719.5899370142465,734.9632635240004,664.1276763501843,685.2955932617188,4829170,0.0,1.64,Non-Tech,"2000–2008
(Dot-com → GFC)",84.07192552473619
455,2003-12-01,2003,9,AIG,"American International Group, Inc",685.2955186860313,784.6308484006587,684.1129552370476,783.8030395507812,5723680,1.3,1.64,Non-Tech,"2000–2008
(Dot-com → GFC)",96.15679921935394
456,2003-01-01,2003,10,JNJ,Johnson & Johnson Company,28.540527804738165,30.27663324217487,27.11481712784956,28.203828811645508,157116600,0.0,1.601,Non-Tech,"2000–2008
(Dot-com → GFC)",118.25465779399264
457,2003-02-01,2003,10,JNJ,Johnson & Johnson Company,28.145944460481445,28.38268645077805,25.831137010510957,27.59354782104492,139008100,0.205,1.601,Non-Tech,"2000–2008
(Dot-com → GFC)",115.69583607572108
458,2003-03-01,2003,10,JNJ,Johnson & Johnson Company,28.08221771600204,30.99820445588719,27.205308813493332,30.570314407348636,160153900,0.0,1.601,Non-Tech,"2000–2008
(Dot-com → GFC)",128.17699657158215
459,2003-04-01,2003,10,JNJ,Johnson & Johnson Company,30.57030355599783,31.209497553129243,28.49953223794985,29.772634506225582,159363100,0.0,1.601,Non-Tech,"2000–2008
(Dot-com → GFC)",124.832437775455
460,2003-05-01,2003,10,JNJ,Johnson & Johnson Company,29.772630736994824,30.38541013262932,27.75996638699476,28.71083068847656,161675800,0.24,1.601,Non-Tech,"2000–2008
(Dot-com → GFC)",120.38044482262514
461,2003-06-01,2003,10,JNJ,Johnson & Johnson Company,28.835680768732757,29.48295890535332,26.92568243051551,27.429710388183597,216949500,0.0,1.601,Non-Tech,"2000–2008
(Dot-com → GFC)",115.0088889350952
462,2003-07-01,2003,10,JNJ,Johnson & Johnson Company,27.429693664530323,28.77730383846449,26.819554610311723,27.47744369506836,180959900,0.0,1.601,Non-Tech,"2000–2008
(Dot-com → GFC)",115.20902792717071
463,2003-08-01,2003,10,JNJ,Johnson & Johnson Company,27.031778084032872,27.721499190203964,25.997195412822855,26.30491828918457,154672000,0.24,1.601,Non-Tech,"2000–2008
(Dot-com → GFC)",110.29279504426873
464,2003-09-01,2003,10,JNJ,Johnson & Johnson Company,26.535905901068592,27.98583957349343,26.16809274158272,26.397310256958008,197900400,0.0,1.601,Non-Tech,"2000–2008
(Dot-com → GFC)",110.68018147342796
465,2003-10-01,2003,10,JNJ,Johnson & Johnson Company,26.49860619971385,27.26621952347611,25.613720199748137,26.8291072845459,200619900,0.0,1.601,Non-Tech,"2000–2008
(Dot-com → GFC)",112.49064522552624
466,2003-11-01,2003,10,JNJ,Johnson & Johnson Company,26.69582407129846,28.19373137405898,25.7256465209214,26.280033111572266,164719400,0.24,1.601,Non-Tech,"2000–2008
(Dot-com → GFC)",110.18845502070886
467,2003-12-01,2003,10,JNJ,Johnson & Johnson Company,26.94153766090565,27.71282753357742,26.132756800775592,27.66997718811035,185895500,0.0,1.601,Non-Tech,"2000–2008
(Dot-com → GFC)",116.01629358197293
468,2004-01-01,2004,1,GE,General Electric Co,86.89727774436528,96.90448514260233,86.6730282481859,94.26953125,92789799,0.0,3.41,Non-Tech,"2000–2008
(Dot-com → GFC)",81.5260211869677
469,2004-02-01,2004,1,GE,General Electric Co,94.43771938000428,95.2786594224134,90.68151814391078,91.15805053710938,70689040,0.958487,3.41,Non-Tech,"2000–2008
(Dot-com → GFC)",78.83515554715406
470,2004-03-01,2004,1,GE,General Electric Co,92.1938609727032,94.42185603019932,81.4487219573365,86.07392120361328,182817307,0.0,3.41,Non-Tech,"2000–2008
(Dot-com → GFC)",74.43830716715443
471,2004-04-01,2004,1,GE,General Electric Co,85.79189961823877,89.82484878750076,84.04334546725342,84.46637725830078,135684799,0.0,3.41,Non-Tech,"2000–2008
(Dot-com → GFC)",73.04807365260592
472,2004-05-01,2004,1,GE,General Electric Co,84.94584493447672,88.75317675254637,83.33830403533875,87.7660903930664,82740194,0.0,3.41,Non-Tech,"2000–2008
(Dot-com → GFC)",75.9017261463518
473,2004-06-01,2004,1,GE,General Electric Co,87.42763211793444,94.4500529469979,86.91999578544872,91.3759765625,120545006,0.958487,3.41,Non-Tech,"2000–2008
(Dot-com → GFC)",79.0236219745098
474,2004-07-01,2004,1,GE,General Electric Co,91.92612271045262,95.38754624889836,89.37262331673195,94.3377685546875,94471572,0.0,3.41,Non-Tech,"2000–2008
(Dot-com → GFC)",81.58503406073432
475,2004-08-01,2004,1,GE,General Electric Co,92.63544795935904,94.62150631897224,89.14565866649204,93.03266143798828,67958259,0.0,3.41,Non-Tech,"2000–2008
(Dot-com → GFC)",80.45635346758367
476,2004-09-01,2004,1,GE,General Electric Co,93.03263915215196,97.96940954150097,92.55030280780252,95.2740478515625,75023372,0.958487,3.41,Non-Tech,"2000–2008
(Dot-com → GFC)",82.39474558450887
477,2004-10-01,2004,1,GE,General Electric Co,96.18146055579636,98.1792948053712,93.18470918143412,97.38015747070312,66681976,0.0,3.41,Non-Tech,"2000–2008
(Dot-com → GFC)",84.21614784625115
478,2004-11-01,2004,1,GE,General Electric Co,97.32305989912024,105.20023397691313,96.4953801811893,100.91915893554688,75904695,0.0,3.41,Non-Tech,"2000–2008
(Dot-com → GFC)",87.27674128060708
479,2004-12-01,2004,1,GE,General Electric Co,100.91922618741393,107.74040278691145,100.66236115027516,104.17284393310548,83558462,1.054336,3.41,Non-Tech,"2000–2008
(Dot-com → GFC)",90.0905877963304
480,2004-01-01,2004,2,XOM,Exxon Mobil Corp,19.75673031143177,20.11795770217329,19.275093790443083,19.64595413208008,238350800,0.0,3.023,Non-Tech,"2000–2008
(Dot-com → GFC)",108.30234665960083
481,2004-02-01,2004,2,XOM,Exxon Mobil Corp,19.87232068690712,20.58995986245379,19.28954097736565,20.310609817504883,199643700,0.25,3.023,Non-Tech,"2000–2008
(Dot-com → GFC)",111.96639728133206
482,2004-03-01,2004,2,XOM,Exxon Mobil Corp,20.635425160318533,21.03281927977318,19.341469694323813,20.15564346313477,285284900,0.0,3.023,Non-Tech,"2000–2008
(Dot-com → GFC)",111.11211350775035
483,2004-04-01,2004,2,XOM,Exxon Mobil Corp,20.30587553923305,21.309053454235983,20.078100218389903,20.62088203430176,225169900,0.0,3.023,Non-Tech,"2000–2008
(Dot-com → GFC)",113.67683643620657
484,2004-05-01,2004,2,XOM,Exxon Mobil Corp,20.790509984368253,21.43991058018473,20.15564761461954,20.960128784179688,237764400,0.27,3.023,Non-Tech,"2000–2008
(Dot-com → GFC)",115.54700364017182
485,2004-06-01,2004,2,XOM,Exxon Mobil Corp,21.217512604349064,22.207662597143194,21.022408295910108,21.66137313842773,249433500,0.0,3.023,Non-Tech,"2000–2008
(Dot-com → GFC)",119.41275679404109
486,2004-07-01,2004,2,XOM,Exxon Mobil Corp,21.71990505262541,22.836873474344834,21.558945569595505,22.58323860168457,217947100,0.0,3.023,Non-Tech,"2000–2008
(Dot-com → GFC)",124.49472900592393
487,2004-08-01,2004,2,XOM,Exxon Mobil Corp,22.578358818427198,22.895400971461427,21.558942693078443,22.48568344116211,245975700,0.27,3.023,Non-Tech,"2000–2008
(Dot-com → GFC)",123.95693619920632
488,2004-09-01,2004,2,XOM,Exxon Mobil Corp,22.669609622457344,24.43116591379433,22.58619233802924,23.714767456054688,262349900,0.0,3.023,Non-Tech,"2000–2008
(Dot-com → GFC)",130.73251361121447
489,2004-10-01,2004,2,XOM,Exxon Mobil Corp,23.773650741168503,24.75992519594657,23.641165777664867,24.151477813720703,247700600,0.0,3.023,Non-Tech,"2000–2008
(Dot-com → GFC)",133.1399689186944
490,2004-11-01,2004,2,XOM,Exxon Mobil Corp,24.23980999153176,25.51558867663872,23.67552218553497,25.14757537841797,244145100,0.27,3.023,Non-Tech,"2000–2008
(Dot-com → GFC)",138.6311607963375
491,2004-12-01,2004,2,XOM,Exxon Mobil Corp,25.288572311401367,25.67831081964463,24.12429311561941,25.288572311401367,286965800,0.0,3.023,Non-Tech,"2000–2008
(Dot-com → GFC)",139.40843527286566
492,2004-01-01,2004,3,MSFT,Microsoft Corp,16.957694682523755,17.726263152857033,16.760941341757224,17.000734329223633,1232189000,0.0,2.892,Tech,"2000–2008
(Dot-com → GFC)",57.00030651167523
493,2004-02-01,2004,3,MSFT,Microsoft Corp,16.976136687362562,17.092958222535348,16.201419713847297,16.31209373474121,1032065600,0.0,2.892,Tech,"2000–2008
(Dot-com → GFC)",54.6914224245681
494,2004-03-01,2004,3,MSFT,Microsoft Corp,16.373578400255266,16.42891541117804,14.762659914647424,15.328326225280762,1703041000,0.0,2.892,Tech,"2000–2008
(Dot-com → GFC)",51.39303257330844
495,2004-04-01,2004,3,MSFT,Microsoft Corp,15.340625021776916,17.043771625920602,15.279139318079446,16.066152572631836,1558947800,0.0,2.892,Tech,"2000–2008
(Dot-com → GFC)",53.86682735987291
496,2004-05-01,2004,3,MSFT,Microsoft Corp,16.103046190395656,16.35513654344268,15.629607752627392,16.127639770507812,1141456900,0.0,2.892,Tech,"2000–2008
(Dot-com → GFC)",54.07298252103263
497,2004-06-01,2004,3,MSFT,Microsoft Corp,16.06614877877206,17.707810464298603,15.900138942555383,17.560245513916016,1534889700,0.0,2.892,Tech,"2000–2008
(Dot-com → GFC)",58.8762436568934
498,2004-07-01,2004,3,MSFT,Microsoft Corp,17.646332023063906,18.378008340683145,16.754792154898936,17.5172119140625,1550446900,0.0,2.892,Tech,"2000–2008
(Dot-com → GFC)",58.73195998452669
499,2004-08-01,2004,3,MSFT,Microsoft Corp,17.38194967775096,17.55410831279737,16.50885560386086,16.785539627075195,1094195300,0.08,2.892,Tech,"2000–2008
(Dot-com → GFC)",56.27879862003878
500,2004-09-01,2004,3,MSFT,Microsoft Corp,16.791877787706586,17.13721288793914,16.489710457154192,17.050878524780273,1141012300,0.0,2.892,Tech,"2000–2008
(Dot-com → GFC)",57.16843069155826
501,2004-10-01,2004,3,MSFT,Microsoft Corp,17.15572038829478,17.815555606890424,16.989219582798118,17.248220443725586,1300591200,0.0,2.892,Tech,"2000–2008
(Dot-com → GFC)",57.83008151496705
502,2004-11-01,2004,3,MSFT,Microsoft Corp,17.365379417422,18.62338332729333,16.095043035333433,16.53287696838379,1739407300,3.08,2.892,Tech,"2000–2008
(Dot-com → GFC)",55.43166762495531
503,2004-12-01,2004,3,MSFT,Microsoft Corp,18.522786470522107,18.859564239504863,18.337214645493543,18.36470603942871,1803777700,0.0,2.892,Tech,"2000–2008
(Dot-com → GFC)",61.573450474127455
504,2004-01-01,2004,4,PFE,Pfizer Inc,13.202950333592517,13.739565660253009,12.852661354678888,13.65013027191162,408016786,0.0,2.221,Non-Tech,"2000–2008
(Dot-com → GFC)",106.65815430231459
505,2004-02-01,2004,4,PFE,Pfizer Inc,13.747029186704754,14.492327679927126,13.638960777831391,13.657593727111816,366195750,0.16129,2.221,Non-Tech,"2000–2008
(Dot-com → GFC)",106.71647157405587
506,2004-03-01,2004,4,PFE,Pfizer Inc,13.902312248084264,14.213000598657866,12.539781595852956,13.119979858398438,450753534,0.0,2.221,Non-Tech,"2000–2008
(Dot-com → GFC)",102.51571291299838
507,2004-04-01,2004,4,PFE,Pfizer Inc,13.36329021724588,14.18679883747996,13.157413814703595,13.385749816894531,406959414,0.0,2.221,Non-Tech,"2000–2008
(Dot-com → GFC)",104.59236219601115
508,2004-05-01,2004,4,PFE,Pfizer Inc,13.43441207847976,13.84990945235229,12.80929526208647,13.228535652160645,289461810,0.16129,2.221,Non-Tech,"2000–2008
(Dot-com → GFC)",103.36393636368038
509,2004-06-01,2004,4,PFE,Pfizer Inc,13.220000311173854,13.65251733436677,12.719783985095392,12.89279079437256,342879060,0.0,2.221,Non-Tech,"2000–2008
(Dot-com → GFC)",100.74052353648872
510,2004-07-01,2004,4,PFE,Pfizer Inc,12.86646489803612,12.960489953302115,11.734396609233862,12.020234107971191,377432340,0.0,2.221,Non-Tech,"2000–2008
(Dot-com → GFC)",93.92261895669013
511,2004-08-01,2004,4,PFE,Pfizer Inc,11.94877008109311,12.309828390782013,11.65541029898282,12.287261962890623,310095444,0.16129,2.221,Non-Tech,"2000–2008
(Dot-com → GFC)",96.0090970770945
512,2004-09-01,2004,4,PFE,Pfizer Inc,12.308602462622952,12.49767433857459,11.185513406111388,11.57122039794922,470923722,0.0,2.221,Non-Tech,"2000–2008
(Dot-com → GFC)",90.41415620846823
513,2004-10-01,2004,4,PFE,Pfizer Inc,11.741381410823022,11.91154625964935,10.30443253151062,10.947278022766112,641742864,0.0,2.221,Non-Tech,"2000–2008
(Dot-com → GFC)",85.53885166540667
514,2004-11-01,2004,4,PFE,Pfizer Inc,10.94728455709294,11.533408781924791,10.039737394779142,10.501073837280272,777608316,0.16129,2.221,Non-Tech,"2000–2008
(Dot-com → GFC)",82.05234172609732
515,2004-12-01,2004,4,PFE,Pfizer Inc,10.655582237519877,11.070240448386528,8.365450165069378,10.229511260986328,1307835664,0.0,2.221,Non-Tech,"2000–2008
(Dot-com → GFC)",79.93043060963754
516,2004-01-01,2004,5,C,"Citigroup, Inc",290.86394797061183,303.07964440993345,287.839670886121,293.413818359375,27000450,4.0,2.198,Non-Tech,"2000–2008
(Dot-com → GFC)",132.6202656809904
517,2004-02-01,2004,5,C,"Citigroup, Inc",295.93687931475955,301.0784125841783,286.909306215955,300.4805603027344,21926060,0.0,2.198,Non-Tech,"2000–2008
(Dot-com → GFC)",135.8143660790822
518,2004-03-01,2004,5,C,"Citigroup, Inc",302.5131952813331,311.1820516678535,290.5561519895808,309.0895690917969,32846010,0.0,2.198,Non-Tech,"2000–2008
(Dot-com → GFC)",139.70555647781472
519,2004-04-01,2004,5,C,"Citigroup, Inc",310.7636227923941,316.14429357118127,286.0723297388504,287.5071716308594,27732730,4.0,2.198,Non-Tech,"2000–2008
(Dot-com → GFC)",129.95051732762533
520,2004-05-01,2004,5,C,"Citigroup, Inc",289.96197817273384,296.472551612839,270.2493789506479,279.8946838378906,28850240,0.0,2.198,Non-Tech,"2000–2008
(Dot-com → GFC)",126.50974497667804
521,2004-06-01,2004,5,C,"Citigroup, Inc",280.0753385195689,287.0681831032759,277.6640140698041,280.31646728515625,22738830,0.0,2.198,Non-Tech,"2000–2008
(Dot-com → GFC)",126.70038709826925
522,2004-07-01,2004,5,C,"Citigroup, Inc",280.31666538731406,281.8237442334824,262.53313500252744,265.7884216308594,29498220,4.0,2.198,Non-Tech,"2000–2008
(Dot-com → GFC)",120.13384812177647
523,2004-08-01,2004,5,C,"Citigroup, Inc",262.6237905982648,284.76765000187294,261.52875326100525,283.3684387207031,21604350,0.0,2.198,Non-Tech,"2000–2008
(Dot-com → GFC)",128.0798492684431
524,2004-09-01,2004,5,C,"Citigroup, Inc",283.3076627728342,288.78279461333324,264.8747077706365,268.40313720703125,28039120,0.0,2.198,Non-Tech,"2000–2008
(Dot-com → GFC)",121.31567478669318
525,2004-10-01,2004,5,C,"Citigroup, Inc",270.5323592219142,274.85161510893096,256.1145043985341,269.92401123046875,29696040,4.0,2.198,Non-Tech,"2000–2008
(Dot-com → GFC)",122.00309543437568
526,2004-11-01,2004,5,C,"Citigroup, Inc",272.8943990867231,289.16369397040853,271.4209572595175,274.7362060546875,30287280,0.0,2.198,Non-Tech,"2000–2008
(Dot-com → GFC)",124.17816189738362
527,2004-12-01,2004,5,C,"Citigroup, Inc",276.4551879049509,301.1968033538447,275.841252316678,295.7941589355469,28931460,0.0,2.198,Non-Tech,"2000–2008
(Dot-com → GFC)",133.6961570667073
528,2004-01-01,2004,6,WMT,"Wal-Mart Stores, Inc",11.558715657237016,11.90536971689648,11.175230510290032,11.66704559326172,604991400,0.0,2.17,Non-Tech,"2000–2008
(Dot-com → GFC)",96.50024642152407
529,2004-02-01,2004,6,WMT,"Wal-Mart Stores, Inc",11.742876381317204,13.031991746489783,11.732042395628827,12.904163360595703,676257600,0.0,2.17,Non-Tech,"2000–2008
(Dot-com → GFC)",106.73267145542673
530,2004-03-01,2004,6,WMT,"Wal-Mart Stores, Inc",12.927996994670613,13.283316795063508,12.408017706092046,12.932331085205078,667011900,0.043333,2.17,Non-Tech,"2000–2008
(Dot-com → GFC)",106.96565180543995
531,2004-04-01,2004,6,WMT,"Wal-Mart Stores, Inc",12.7572757610674,13.05910860652406,12.192699573811918,12.377272605895996,579843000,0.0,2.17,Non-Tech,"2000–2008
(Dot-com → GFC)",102.37466262968682
532,2004-05-01,2004,6,WMT,"Wal-Mart Stores, Inc",12.377278037407168,12.490192827402804,11.606413055268616,12.1015043258667,616011300,0.043333,2.17,Non-Tech,"2000–2008
(Dot-com → GFC)",100.09373325769255
533,2004-06-01,2004,6,WMT,"Wal-Mart Stores, Inc",12.069121018212172,12.587146221085275,11.302965311369915,11.427030563354492,643453500,0.0,2.17,Non-Tech,"2000–2008
(Dot-com → GFC)",94.51503865441857
534,2004-07-01,2004,6,WMT,"Wal-Mart Stores, Inc",11.557623124665946,11.794869610202827,11.20937117425452,11.538033485412598,630021000,0.0,2.17,Non-Tech,"2000–2008
(Dot-com → GFC)",95.43316391985022
535,2004-08-01,2004,6,WMT,"Wal-Mart Stores, Inc",11.540206410216166,11.96463977029894,11.117951336771371,11.464027404785156,558774900,0.043333,2.17,Non-Tech,"2000–2008
(Dot-com → GFC)",94.82104622817307
536,2004-09-01,2004,6,WMT,"Wal-Mart Stores, Inc",11.445385491013802,11.772645828179972,11.148668486554492,11.606833457946776,619920900,0.0,2.17,Non-Tech,"2000–2008
(Dot-com → GFC)",96.00222094892163
537,2004-10-01,2004,6,WMT,"Wal-Mart Stores, Inc",11.672286074850216,11.864279896753969,11.325390870417996,11.763919830322266,557516700,0.0,2.17,Non-Tech,"2000–2008
(Dot-com → GFC)",97.30151077534119
538,2004-11-01,2004,6,WMT,"Wal-Mart Stores, Inc",11.76392054959505,12.630070009462724,11.35811710357666,11.35811710357666,714803100,0.0,2.17,Non-Tech,"2000–2008
(Dot-com → GFC)",93.94504295180803
539,2004-12-01,2004,6,WMT,"Wal-Mart Stores, Inc",11.454115057755615,11.70501463769887,11.34502741541544,11.523930549621582,694931400,0.043333,2.17,Non-Tech,"2000–2008
(Dot-com → GFC)",95.31651598458492
540,2004-01-01,2004,7,AIG,"American International Group, Inc",787.2824705273579,838.3078167814416,785.8617959784639,822.20703125,5268365,0.0,1.703,Non-Tech,"2000–2008
(Dot-com → GFC)",100.86819319552423
541,2004-02-01,2004,7,AIG,"American International Group, Inc",823.9824007601352,895.7256670953454,823.1536683766423,876.0732421875,5022000,0.0,1.703,Non-Tech,"2000–2008
(Dot-com → GFC)",107.4764891174093
542,2004-03-01,2004,7,AIG,"American International Group, Inc",880.217116849775,890.2801235656096,813.3277192680504,844.7006225585938,5861715,1.3,1.703,Non-Tech,"2000–2008
(Dot-com → GFC)",103.62770245236798
543,2004-04-01,2004,7,AIG,"American International Group, Inc",859.6631045078616,916.657969206634,844.0220797339978,848.998779296875,6542825,0.0,1.703,Non-Tech,"2000–2008
(Dot-com → GFC)",104.15499945638712
544,2004-05-01,2004,7,AIG,"American International Group, Inc",853.1464430742667,869.4984021020995,814.3993609868864,868.5504760742188,5116915,0.0,1.703,Non-Tech,"2000–2008
(Dot-com → GFC)",106.55359768393959
545,2004-06-01,2004,7,AIG,"American International Group, Inc",865.2322253062911,888.4567257290074,840.8227275945785,844.614501953125,4564290,1.5,1.703,Non-Tech,"2000–2008
(Dot-com → GFC)",103.61713719381342
546,2004-07-01,2004,7,AIG,"American International Group, Inc",840.9760409582615,855.2097680266664,782.8549887622744,838.0106811523438,5074625,0.0,1.703,Non-Tech,"2000–2008
(Dot-com → GFC)",102.80698178642274
547,2004-08-01,2004,7,AIG,"American International Group, Inc",838.0105729011112,848.0927949388457,785.8202470587207,845.0088500976562,4195505,0.0,1.703,Non-Tech,"2000–2008
(Dot-com → GFC)",103.66551574485597
548,2004-09-01,2004,7,AIG,"American International Group, Inc",844.0598026924732,865.8848750776741,802.1889458152702,806.4591064453125,4533155,1.5,1.703,Non-Tech,"2000–2008
(Dot-com → GFC)",98.93624094839632
549,2004-10-01,2004,7,AIG,"American International Group, Inc",807.3091568166981,818.1144125212658,644.5174065744483,720.8668212890625,18618005,0.0,1.703,Non-Tech,"2000–2008
(Dot-com → GFC)",88.43579662349012
550,2004-11-01,2004,7,AIG,"American International Group, Inc",726.6853757646015,766.1068844999869,710.0618540967838,752.21435546875,8812400,0.0,1.703,Non-Tech,"2000–2008
(Dot-com → GFC)",92.28150581066757
551,2004-12-01,2004,7,AIG,"American International Group, Inc",753.4015552765017,792.4668500947673,752.8078582274264,779.76171875,6118730,1.5,1.703,Non-Tech,"2000–2008
(Dot-com → GFC)",95.66101079648122
552,2004-01-01,2004,8,BAC,Bank of America Corp,23.812207019679924,24.76768024593556,23.170247377963857,24.32278823852539,286629000,0.0,1.695,Non-Tech,"2000–2008
(Dot-com → GFC)",100.0
553,2004-02-01,2004,8,BAC,Bank of America Corp,24.322779698507087,24.737813449003685,24.098840526166025,24.460128784179688,173625000,0.0,1.695,Non-Tech,"2000–2008
(Dot-com → GFC)",100.56465790150145
554,2004-03-01,2004,8,BAC,Bank of America Corp,24.52581860306368,24.78260237619169,23.28967452220424,24.17946052551269,293859800,0.4,1.695,Non-Tech,"2000–2008
(Dot-com → GFC)",99.41072663377598
555,2004-04-01,2004,8,BAC,Bank of America Corp,24.557930851807573,24.77803364656341,23.846368740441672,24.268482208251957,273736600,0.0,1.695,Non-Tech,"2000–2008
(Dot-com → GFC)",99.77672777585829
556,2004-05-01,2004,8,BAC,Bank of America Corp,24.19009689720212,25.130804625553974,23.21923639266761,25.064472198486328,248866200,0.0,1.695,Non-Tech,"2000–2008
(Dot-com → GFC)",103.0493377349977
557,2004-06-01,2004,8,BAC,Bank of America Corp,24.96498015207856,25.83332642767805,24.76899857485272,25.51372718811035,231440400,0.4,1.695,Non-Tech,"2000–2008
(Dot-com → GFC)",104.8963915563702
558,2004-07-01,2004,8,BAC,Bank of America Corp,25.764963763559745,26.093762167728173,25.43007753237112,25.880653381347656,194684000,0.0,1.695,Non-Tech,"2000–2008
(Dot-com → GFC)",106.40496117280966
559,2004-08-01,2004,8,BAC,Bank of America Corp,25.816694936675948,27.39370534750092,25.390475467291772,27.387615203857425,198202300,0.0,1.695,Non-Tech,"2000–2008
(Dot-com → GFC)",112.60063992366463
560,2004-09-01,2004,8,BAC,Bank of America Corp,27.064913084384006,27.284111848439235,26.21247396254918,26.382963180541992,173874800,0.45,1.695,Non-Tech,"2000–2008
(Dot-com → GFC)",108.47014298612955
561,2004-10-01,2004,8,BAC,Bank of America Corp,26.772601074552583,28.101082945849186,26.40972859207796,27.547550201416016,190469300,0.0,1.695,Non-Tech,"2000–2008
(Dot-com → GFC)",113.25819199372404
562,2004-11-01,2004,8,BAC,Bank of America Corp,27.627491900488323,29.195839886472083,27.436831718201383,28.457794189453125,175773900,0.0,1.695,Non-Tech,"2000–2008
(Dot-com → GFC)",117.00054249692562
563,2004-12-01,2004,8,BAC,Bank of America Corp,28.168730655663925,29.0420855481105,27.799708915644977,28.90062713623047,169836700,0.45,1.695,Non-Tech,"2000–2008
(Dot-com → GFC)",118.82119291921532
564,2004-01-01,2004,9,JNJ,Johnson & Johnson Co,27.66998733519701,28.94475697528641,27.01117835617061,28.612672805786133,172050600,0.0,1.607,Non-Tech,"2000–2008
(Dot-com → GFC)",119.96888272923496
565,2004-02-01,2004,9,JNJ,Johnson & Johnson Co,28.607317259831337,29.405387861878832,28.275235136711025,28.87512588500977,126994200,0.24,1.607,Non-Tech,"2000–2008
(Dot-com → GFC)",121.06931130146327
566,2004-03-01,2004,9,JNJ,Johnson & Johnson Co,29.31452514774355,29.31452514774355,26.49550961744424,27.286340713500977,172924700,0.0,1.607,Non-Tech,"2000–2008
(Dot-com → GFC)",114.40776020428156
567,2004-04-01,2004,9,JNJ,Johnson & Johnson Co,27.46387121083209,29.46515692986027,26.84519560839024,29.06705093383789,166843100,0.0,1.607,Non-Tech,"2000–2008
(Dot-com → GFC)",121.87402583589179
568,2004-05-01,2004,9,JNJ,Johnson & Johnson Co,29.16927248775892,30.336687951846635,29.06167609121525,29.970861434936523,140688600,0.285,1.607,Non-Tech,"2000–2008
(Dot-com → GFC)",125.66357519927129
569,2004-06-01,2004,9,JNJ,Johnson & Johnson Co,29.867591404657716,30.976201582095083,29.472818125030432,30.121761322021484,125332400,0.0,1.607,Non-Tech,"2000–2008
(Dot-com → GFC)",126.29627704367535
570,2004-07-01,2004,9,JNJ,Johnson & Johnson Co,29.932490608322283,31.44128335454573,29.43496870568837,29.88922882080078,141900800,0.0,1.607,Non-Tech,"2000–2008
(Dot-com → GFC)",125.32130121534095
571,2004-08-01,2004,9,JNJ,Johnson & Johnson Co,29.74321062657816,31.41964530944824,29.40251509087051,31.41964530944824,107083900,0.285,1.607,Non-Tech,"2000–2008
(Dot-com → GFC)",131.738120695984
572,2004-09-01,2004,9,JNJ,Johnson & Johnson Co,31.52515289262803,31.959982173012847,30.48699707858384,30.617446899414062,110410900,0.0,1.607,Non-Tech,"2000–2008
(Dot-com → GFC)",128.37461643225416
573,2004-10-01,2004,9,JNJ,Johnson & Johnson Co,30.65005732062337,31.78604996418225,29.79126976446113,31.73169708251953,139893100,0.0,1.607,Non-Tech,"2000–2008
(Dot-com → GFC)",133.0465095635025
574,2004-11-01,2004,9,JNJ,Johnson & Johnson Co,31.71539808601947,33.422106813036294,31.42188954332914,32.78616714477539,123981200,0.285,1.607,Non-Tech,"2000–2008
(Dot-com → GFC)",137.46775311872466
575,2004-12-01,2004,9,JNJ,Johnson & Johnson Co,32.946549924074574,35.08728275111981,32.547891026113554,34.63401412963867,173950700,0.0,1.607,Non-Tech,"2000–2008
(Dot-com → GFC)",145.2155136908794
576,2004-01-01,2004,10,IBM,International Business Machines Corp,46.48976005443356,49.98925926844748,44.56228311830051,49.67885971069336,145779452,0.0,1.381,Tech,"2000–2008
(Dot-com → GFC)",90.37165795959449
577,2004-02-01,2004,10,IBM,International Business Machines Corp,49.63881749340729,50.27964123688599,47.66127491067554,48.312110900878906,102238026,0.152964,1.381,Tech,"2000–2008
(Dot-com → GFC)",87.88538197265495
578,2004-03-01,2004,10,IBM,International Business Machines Corp,48.39039314660568,48.94199501320761,45.27134688788593,46.05361557006836,130209950,0.0,1.381,Tech,"2000–2008
(Dot-com → GFC)",83.77691473471997
579,2004-04-01,2004,10,IBM,International Business Machines Corp,45.968362304184005,47.412549796491184,44.13303653085292,44.2132682800293,115721072,0.0,1.381,Tech,"2000–2008
(Dot-com → GFC)",80.42910770390607
580,2004-05-01,2004,10,IBM,International Business Machines Corp,44.193214547843866,45.00557257228908,42.683833897761005,44.42388534545898,109523838,0.172084,1.381,Tech,"2000–2008
(Dot-com → GFC)",80.81224478692907
581,2004-06-01,2004,10,IBM,International Business Machines Corp,44.21750334451992,45.83043659438847,43.865771153763525,44.29287338256836,96199154,0.0,1.381,Tech,"2000–2008
(Dot-com → GFC)",80.57391869877176
582,2004-07-01,2004,10,IBM,International Business Machines Corp,44.35820244652491,44.43859690064049,41.91619032728871,43.75021362304688,126567046,0.0,1.381,Tech,"2000–2008
(Dot-com → GFC)",79.58675710807698
583,2004-08-01,2004,10,IBM,International Business Machines Corp,43.64973252379559,43.91101759673951,41.15244710746627,42.554344177246094,95363504,0.172084,1.381,Tech,"2000–2008
(Dot-com → GFC)",77.41133067619823
584,2004-09-01,2004,10,IBM,International Business Machines Corp,42.32215984054067,43.94857824033352,41.91429748517389,43.173133850097656,98225988,0.0,1.381,Tech,"2000–2008
(Dot-com → GFC)",78.53698148601006
585,2004-10-01,2004,10,IBM,International Business Machines Corp,43.27887834538299,45.45415230847007,42.44300944409227,45.19231414794922,123549440,0.0,1.381,Tech,"2000–2008
(Dot-com → GFC)",82.2101066804862
586,2004-11-01,2004,10,IBM,International Business Machines Corp,44.98082108883467,48.65663302006248,44.9304666750396,47.45318222045898,120271278,0.172084,1.381,Tech,"2000–2008
(Dot-com → GFC)",86.32289021316943
587,2004-12-01,2004,10,IBM,International Business Machines Corp,47.676125924811714,49.94641648518594,47.66099159384627,49.73452377319336,113146239,0.0,1.381,Tech,"2000–2008
(Dot-com → GFC)",90.47291740166273
588,2005-01-01,2005,1,XOM,Exxon Mobil Corp,25.17016876374652,25.638841427688742,24.296958065312644,25.4563045501709,245378900,0.0,3.614,Non-Tech,"2000–2008
(Dot-com → GFC)",140.3330935993119
589,2005-02-01,2005,1,XOM,Exxon Mobil Corp,25.64378981108908,31.59346551446857,25.619123209758047,31.233327865600582,368112500,0.27,3.614,Non-Tech,"2000–2008
(Dot-com → GFC)",172.18011805849085
590,2005-03-01,2005,1,XOM,Exxon Mobil Corp,31.21771695451501,31.911775244550544,28.446444298388545,29.547019958496094,550792900,0.0,3.614,Non-Tech,"2000–2008
(Dot-com → GFC)",162.88400027758672
591,2005-04-01,2005,1,XOM,Exxon Mobil Corp,29.794905117569044,30.6079457349832,27.464855755154517,28.27293586730957,420482400,0.0,3.614,Non-Tech,"2000–2008
(Dot-com → GFC)",155.86035072666743
592,2005-05-01,2005,1,XOM,Exxon Mobil Corp,28.258063757437387,29.07606109635239,26.165974923207692,27.861459732055664,401416300,0.29,3.614,Non-Tech,"2000–2008
(Dot-com → GFC)",153.59200423950688
593,2005-06-01,2005,1,XOM,Exxon Mobil Corp,28.127928920265795,30.45988134102165,28.06813580457148,28.63617515563965,359084600,0.0,3.614,Non-Tech,"2000–2008
(Dot-com → GFC)",157.86278171376176
594,2005-07-01,2005,1,XOM,Exxon Mobil Corp,28.77568369114653,30.260558569538805,28.70094089526981,29.273963928222656,329633500,0.0,3.614,Non-Tech,"2000–2008
(Dot-com → GFC)",161.37872297472066
595,2005-08-01,2005,1,XOM,Exxon Mobil Corp,29.51314368355316,30.56451548275914,28.780670991050894,29.84699249267578,394547100,0.29,3.614,Non-Tech,"2000–2008
(Dot-com → GFC)",164.53766032212678
596,2005-09-01,2005,1,XOM,Exxon Mobil Corp,30.09341998793498,33.02765399748824,30.09341998793498,31.815906524658203,430770300,0.0,3.614,Non-Tech,"2000–2008
(Dot-com → GFC)",175.39170225875708
597,2005-10-01,2005,1,XOM,Exxon Mobil Corp,31.82092804354853,31.9911738424499,27.28938787086617,28.110572814941406,519294300,0.0,3.614,Non-Tech,"2000–2008
(Dot-com → GFC)",154.96529114014552
598,2005-11-01,2005,1,XOM,Exxon Mobil Corp,28.08552574275024,30.17353769858068,27.96034511489168,29.05692672729492,391813500,0.29,3.614,Non-Tech,"2000–2008
(Dot-com → GFC)",160.18226094417346
599,2005-12-01,2005,1,XOM,Exxon Mobil Corp,29.376372670986008,30.387963777785394,27.982290655650942,28.2691593170166,333738200,0.0,3.614,Non-Tech,"2000–2008
(Dot-com → GFC)",155.83953171954482
600,2005-01-01,2005,2,GE,General Electric Co,105.39591892468265,105.91270731943143,100.34288496820228,103.730712890625,79385700,0.0,3.22,Non-Tech,"2000–2008
(Dot-com → GFC)",89.70822475433022
601,2005-02-01,2005,2,GE,General Electric Co,103.35751888290284,105.10885396441049,100.63003161980734,101.0606918334961,64890010,1.054336,3.22,Non-Tech,"2000–2008
(Dot-com → GFC)",87.39914152895733
602,2005-03-01,2005,2,GE,General Electric Co,101.89724370832934,105.3930061300565,101.29054243163117,104.17960357666016,82435380,0.0,3.22,Non-Tech,"2000–2008
(Dot-com → GFC)",90.09643366016728
603,2005-04-01,2005,2,GE,General Electric Co,104.52626759697522,105.739679103895,101.17496028909363,104.58405303955078,89505102,0.0,3.22,Non-Tech,"2000–2008
(Dot-com → GFC)",90.44620898039493
604,2005-05-01,2005,2,GE,General Electric Co,104.23734300582804,107.87755825728816,102.73502304311612,105.39295959472656,70516396,0.0,3.22,Non-Tech,"2000–2008
(Dot-com → GFC)",91.14576621889066
605,2005-06-01,2005,2,GE,General Electric Co,105.39296837830707,107.2708661885603,98.66146209303048,100.10598754882812,104675107,1.054336,3.22,Non-Tech,"2000–2008
(Dot-com → GFC)",86.57349573750093
606,2005-07-01,2005,2,GE,General Electric Co,101.30779007240382,104.01126185510704,98.63338081267354,100.29035186767578,90584097,0.0,3.22,Non-Tech,"2000–2008
(Dot-com → GFC)",86.73293738492606
607,2005-08-01,2005,2,GE,General Electric Co,100.49381928907688,100.63916890237395,95.4938351673214,97.70313262939452,86252897,0.0,3.22,Non-Tech,"2000–2008
(Dot-com → GFC)",84.49546269253494
608,2005-09-01,2005,2,GE,General Electric Co,97.17989469143214,100.52290861422004,95.92990075663823,97.87757110595705,95658694,1.054336,3.22,Non-Tech,"2000–2008
(Dot-com → GFC)",84.6463202893373
609,2005-10-01,2005,2,GE,General Electric Co,98.31880526409212,100.95234976506934,95.597479051974,99.22591400146484,98129774,0.0,3.22,Non-Tech,"2000–2008
(Dot-com → GFC)",85.81239197770655
610,2005-11-01,2005,2,GE,General Electric Co,99.401440906406,106.3364258056904,98.0554056006358,104.52220916748048,92318325,0.0,3.22,Non-Tech,"2000–2008
(Dot-com → GFC)",90.39272526452372
611,2005-12-01,2005,2,GE,General Electric Co,104.90265577428109,106.1023733047116,102.26911130909254,102.56172943115234,95124247,1.198109,3.22,Non-Tech,"2000–2008
(Dot-com → GFC)",88.69726639885222
612,2005-01-01,2005,3,MSFT,Microsoft Corp,18.419691935267263,18.625883309056675,17.62242176950021,18.06229591369629,1521414300,0.0,2.139,Tech,"2000–2008
(Dot-com → GFC)",60.559525456232684
613,2005-02-01,2005,3,MSFT,Microsoft Corp,18.04167990793177,18.213505430864448,17.271900988386474,17.29252052307129,1361126000,0.08,2.139,Tech,"2000–2008
(Dot-com → GFC)",57.97861145798581
614,2005-03-01,2005,3,MSFT,Microsoft Corp,17.36655674849353,17.780210597362,16.422047148826678,16.663345336914062,1541411300,0.0,2.139,Tech,"2000–2008
(Dot-com → GFC)",55.86910384696134
615,2005-04-01,2005,3,MSFT,Microsoft Corp,16.711599233239316,17.54580104174068,16.504773034090295,17.442386627197266,1520253700,0.0,2.139,Tech,"2000–2008
(Dot-com → GFC)",58.48108468681612
616,2005-05-01,2005,3,MSFT,Microsoft Corp,17.394127361441576,17.987031064128153,16.987368027966216,17.787097930908203,1270563700,0.08,2.139,Tech,"2000–2008
(Dot-com → GFC)",59.63683770248364
617,2005-06-01,2005,3,MSFT,Microsoft Corp,17.795106815892023,17.981841641843236,17.16574246395871,17.179574966430664,1303029500,0.0,2.139,Tech,"2000–2008
(Dot-com → GFC)",57.59992597164297
618,2005-07-01,2005,3,MSFT,Microsoft Corp,17.18650036928717,18.313823538237408,16.944436723691993,17.71212387084961,1321407700,0.0,2.139,Tech,"2000–2008
(Dot-com → GFC)",59.385463595871165
619,2005-08-01,2005,3,MSFT,Microsoft Corp,17.85044113031274,19.323570129174808,17.8158611823787,18.936267852783203,1441979300,0.08,2.139,Tech,"2000–2008
(Dot-com → GFC)",63.48979114039929
620,2005-09-01,2005,3,MSFT,Microsoft Corp,18.992432861173278,18.999369628209656,17.424760556435267,17.84789276123047,1348861500,0.0,2.139,Tech,"2000–2008
(Dot-com → GFC)",59.84067148375376
621,2005-10-01,2005,3,MSFT,Microsoft Corp,17.834028572007107,17.896458184994017,16.821283868981627,17.82709312438965,1439659900,0.0,2.139,Tech,"2000–2008
(Dot-com → GFC)",59.77093416227699
622,2005-11-01,2005,3,MSFT,Microsoft Corp,17.76466396101826,19.59592912683951,17.76466396101826,19.20054244995117,1444948300,0.08,2.139,Tech,"2000–2008
(Dot-com → GFC)",64.37585480977441
623,2005-12-01,2005,3,MSFT,Microsoft Corp,19.29160871065501,19.549016266765232,18.157627227521186,18.19241142272949,1271695500,0.0,2.139,Tech,"2000–2008
(Dot-com → GFC)",60.99577860584317
624,2005-01-01,2005,4,C,"Citigroup, Inc",300.82849967248825,302.6703068133402,290.0846246841851,301.1354675292969,30975710,0.0,2.123,Non-Tech,"2000–2008
(Dot-com → GFC)",136.11037793997124
625,2005-02-01,2005,4,C,"Citigroup, Inc",302.6703629046441,306.9065163664874,292.2334538389667,292.9701843261719,26002040,4.4,2.123,Non-Tech,"2000–2008
(Dot-com → GFC)",132.41974730159876
626,2005-03-01,2005,4,C,"Citigroup, Inc",296.88871008855835,301.53437122432706,272.8551640408126,278.3680114746094,36521630,0.0,2.123,Non-Tech,"2000–2008
(Dot-com → GFC)",125.81970353432783
627,2005-04-01,2005,4,C,"Citigroup, Inc",281.8368715895583,292.05732957027857,271.30670276093747,290.88043212890625,31872170,4.4,2.123,Non-Tech,"2000–2008
(Dot-com → GFC)",131.47519910970226
628,2005-05-01,2005,4,C,"Citigroup, Inc",293.6262142891593,301.0043780440038,286.12298914930864,294.5641174316406,24431760,0.0,2.123,Non-Tech,"2000–2008
(Dot-com → GFC)",133.14018996209435
629,2005-06-01,2005,4,C,"Citigroup, Inc",294.62683086163395,300.75446089373264,288.8743470538555,289.0619201660156,23531710,0.0,2.123,Non-Tech,"2000–2008
(Dot-com → GFC)",130.6532489336297
630,2005-07-01,2005,4,C,"Citigroup, Inc",290.7500736631196,292.6884113038794,271.99200439453125,271.99200439453125,37122440,4.4,2.123,Non-Tech,"2000–2008
(Dot-com → GFC)",122.93780874944024
631,2005-08-01,2005,4,C,"Citigroup, Inc",275.3463769423493,280.5880548493669,270.98883492326377,276.41998291015625,34770810,0.0,2.123,Non-Tech,"2000–2008
(Dot-com → GFC)",124.93921308157245
632,2005-09-01,2005,4,C,"Citigroup, Inc",275.34662135155054,289.6823361814703,273.9572499567381,287.47198486328125,29009040,0.0,2.123,Non-Tech,"2000–2008
(Dot-com → GFC)",129.93461324208923
633,2005-10-01,2005,4,C,"Citigroup, Inc",288.8612534323762,292.08205399038343,277.87265676922965,289.1138610839844,31998360,0.0,2.123,Non-Tech,"2000–2008
(Dot-com → GFC)",130.67672573638984
634,2005-11-01,2005,4,C,"Citigroup, Inc",290.1874029786162,314.2486474283412,285.514095011525,306.6071472167969,33326260,4.4,2.123,Non-Tech,"2000–2008
(Dot-com → GFC)",138.5835253122901
635,2005-12-01,2005,4,C,"Citigroup, Inc",312.21241016519406,317.1226017736961,307.4935173938965,309.4703369140625,27837050,0.0,2.123,Non-Tech,"2000–2008
(Dot-com → GFC)",139.87765992554597
636,2005-01-01,2005,5,JNJ,Johnson & Johnson Co,34.59578150278507,35.48593610629766,33.42165596467771,35.33302307128906,136191800,0.0,1.698,Non-Tech,"2000–2008
(Dot-com → GFC)",148.14635913537012
637,2005-02-01,2005,5,JNJ,Johnson & Johnson Co,35.28386931625632,36.52898892947369,35.23471766496961,35.82451248168945,107556700,0.285,1.698,Non-Tech,"2000–2008
(Dot-com → GFC)",150.20710459033725
638,2005-03-01,2005,5,JNJ,Johnson & Johnson Co,36.45675232092526,37.66886888136541,36.26478891714304,36.83519744873047,158100100,0.0,1.698,Non-Tech,"2000–2008
(Dot-com → GFC)",154.44476344556398
639,2005-04-01,2005,5,JNJ,Johnson & Johnson Co,36.922951742531566,38.38736371507344,36.55547832940477,37.64144515991211,158634500,0.0,1.698,Non-Tech,"2000–2008
(Dot-com → GFC)",157.82524585522913
640,2005-05-01,2005,5,JNJ,Johnson & Johnson Co,37.6688666223864,37.773077114399456,36.615806712370976,36.802284240722656,125789400,0.33,1.698,Non-Tech,"2000–2008
(Dot-com → GFC)",154.3067630281079
641,2005-06-01,2005,5,JNJ,Johnson & Johnson Co,36.98268686558048,37.26377851586216,35.51109657557681,35.82525634765625,162476400,0.0,1.698,Non-Tech,"2000–2008
(Dot-com → GFC)",150.21022351493204
642,2005-07-01,2005,5,JNJ,Johnson & Johnson Co,35.72603288654598,36.06223933469215,34.54104329103064,35.252037048339844,149908400,0.0,1.698,Non-Tech,"2000–2008
(Dot-com → GFC)",147.80679621666448
643,2005-08-01,2005,5,JNJ,Johnson & Johnson Co,35.4118928288505,36.01816563939486,33.97888322074542,34.937896728515625,138029400,0.33,1.698,Non-Tech,"2000–2008
(Dot-com → GFC)",146.48965036855293
644,2005-09-01,2005,5,JNJ,Johnson & Johnson Co,35.00193540457414,36.19304357432805,34.81911326595156,35.057334899902344,139445700,0.0,1.698,Non-Tech,"2000–2008
(Dot-com → GFC)",146.99043769708206
645,2005-10-01,2005,5,JNJ,Johnson & Johnson Co,35.001908075744296,35.78859128462484,33.53379934891042,34.69166564941406,224158000,0.0,1.698,Non-Tech,"2000–2008
(Dot-com → GFC)",145.45723834421892
646,2005-11-01,2005,5,JNJ,Johnson & Johnson Co,34.61411980724481,35.33432354717157,33.24019211989182,34.20969772338867,241169500,0.33,1.698,Non-Tech,"2000–2008
(Dot-com → GFC)",143.43641512406523
647,2005-12-01,2005,5,JNJ,Johnson & Johnson Co,34.44455390142058,34.56150549977737,33.280623025336375,33.469970703125,189869600,0.0,1.698,Non-Tech,"2000–2008
(Dot-com → GFC)",140.33484454560067
648,2005-01-01,2005,6,PFE,"Pfizer, Inc",10.389292229709437,10.404509002327996,9.126295513705566,9.190966606140137,664858139,0.0,1.663,Non-Tech,"2000–2008
(Dot-com → GFC)",71.81554424299507
649,2005-02-01,2005,6,PFE,"Pfizer, Inc",9.179553004954215,10.347444977620398,9.054014068626412,10.001261711120604,749200276,0.180266,1.663,Non-Tech,"2000–2008
(Dot-com → GFC)",78.14695490471279
650,2005-03-01,2005,6,PFE,"Pfizer, Inc",10.168179583050057,10.47862922259991,9.735083705016285,10.06852912902832,507622526,0.0,1.663,Non-Tech,"2000–2008
(Dot-com → GFC)",78.67256297553706
651,2005-04-01,2005,6,PFE,"Pfizer, Inc",10.106854132063914,10.819738750412164,9.873059198188642,10.413471221923828,676383946,0.0,1.663,Non-Tech,"2000–2008
(Dot-com → GFC)",81.36784032722053
652,2005-05-01,2005,6,PFE,"Pfizer, Inc",10.444135552193234,11.091863960656363,10.42497226792473,10.693262100219728,447106167,0.180266,1.663,Non-Tech,"2000–2008
(Dot-com → GFC)",83.55404500623897
653,2005-06-01,2005,6,PFE,"Pfizer, Inc",10.778796753942832,11.272777114660052,10.53952575618934,10.64372444152832,557478306,0.0,1.663,Non-Tech,"2000–2008
(Dot-com → GFC)",83.16697212567051
654,2005-07-01,2005,6,PFE,"Pfizer, Inc",10.3620039193435,10.736348878097186,10.111155052535995,10.22693157196045,560553775,0.0,1.663,Non-Tech,"2000–2008
(Dot-com → GFC)",79.91027366866385
655,2005-08-01,2005,6,PFE,"Pfizer, Inc",10.412169581761685,10.412169581761685,9.555423093916083,9.833287239074709,506696060,0.180266,1.663,Non-Tech,"2000–2008
(Dot-com → GFC)",76.83445115555905
656,2005-09-01,2005,6,PFE,"Pfizer, Inc",9.895992779078018,10.358531276377308,9.588929597345793,9.705535888671877,528477285,0.0,1.663,Non-Tech,"2000–2008
(Dot-com → GFC)",75.83623919917704
657,2005-10-01,2005,6,PFE,"Pfizer, Inc",9.78716099128352,9.938749656928731,8.04972641814687,8.450075149536133,869974341,0.0,1.663,Non-Tech,"2000–2008
(Dot-com → GFC)",66.02643353667872
658,2005-11-01,2005,6,PFE,"Pfizer, Inc",8.453960373106908,8.788231776412182,8.228521138102577,8.240181922912598,703705310,0.180266,1.663,Non-Tech,"2000–2008
(Dot-com → GFC)",64.38638881137014
659,2005-12-01,2005,6,PFE,"Pfizer, Inc",8.338530301914462,9.879217948275215,7.94649779986509,9.142196655273438,980975611,0.0,1.663,Non-Tech,"2000–2008
(Dot-com → GFC)",71.43447000844652
660,2005-01-01,2005,7,BAC,Bank of America Corp,28.979500171651058,29.1596133651527,27.575864896019247,28.79938697814941,205274600,0.0,1.526,Non-Tech,"2000–2008
(Dot-com → GFC)",118.4049570950646
661,2005-02-01,2005,7,BAC,Bank of America Corp,28.79317251113096,29.2465591046584,28.047878539476237,28.973285675048828,145901700,0.0,1.526,Non-Tech,"2000–2008
(Dot-com → GFC)",119.11991911008548
662,2005-03-01,2005,7,BAC,Bank of America Corp,28.973278458275026,29.31487075250794,26.95477573781622,27.389528274536133,234087600,0.45,1.526,Non-Tech,"2000–2008
(Dot-com → GFC)",112.60850526648613
663,2005-04-01,2005,7,BAC,Bank of America Corp,27.85452097627897,28.719880505401523,27.258804834608508,28.24330711364746,208204800,0.0,1.526,Non-Tech,"2000–2008
(Dot-com → GFC)",116.11870660828382
664,2005-05-01,2005,7,BAC,Bank of America Corp,28.11162402683305,29.34695358626908,28.04891542477501,29.04595947265625,160564500,0.0,1.526,Non-Tech,"2000–2008
(Dot-com → GFC)",119.41870803549457
665,2005-06-01,2005,7,BAC,Bank of America Corp,28.82648278119075,29.74827642459703,28.569383515846525,28.600736618041992,214426700,0.45,1.526,Non-Tech,"2000–2008
(Dot-com → GFC)",117.588231816041
666,2005-07-01,2005,7,BAC,Bank of America Corp,28.88131998218697,29.159937411690372,27.60853958129883,27.608539581298828,332510500,0.0,1.526,Non-Tech,"2000–2008
(Dot-com → GFC)",113.50894194592816
667,2005-08-01,2005,7,BAC,Bank of America Corp,27.71618302690267,27.956808547673763,26.880328497440026,27.247596740722656,265820600,0.5,1.526,Non-Tech,"2000–2008
(Dot-com → GFC)",112.02497211057653
668,2005-09-01,2005,7,BAC,Bank of America Corp,27.57382910202627,27.990253949228464,26.350176493821102,26.97161102294922,282956200,0.0,1.526,Non-Tech,"2000–2008
(Dot-com → GFC)",110.89029250449298
669,2005-10-01,2005,7,BAC,Bank of America Corp,27.20864675513347,28.246508243582383,26.510331985593314,28.022279739379883,275395800,0.0,1.526,Non-Tech,"2000–2008
(Dot-com → GFC)",115.20998112788232
670,2005-11-01,2005,7,BAC,Bank of America Corp,28.02869868737504,30.20692996292876,27.721184115045443,29.399702072143555,264563100,0.5,1.526,Non-Tech,"2000–2008
(Dot-com → GFC)",120.87307501027671
671,2005-12-01,2005,7,BAC,Bank of America Corp,29.788541707823796,30.59801294988422,29.412945865758864,29.88567924499512,243161500,0.0,1.526,Non-Tech,"2000–2008
(Dot-com → GFC)",122.87110734146239
672,2005-01-01,2005,8,AIG,"American International Group, Inc",785.7975841717034,807.9092572141881,779.1403265516577,788.0563354492188,6074020,0.0,1.451,Non-Tech,"2000–2008
(Dot-com → GFC)",96.67859270456542
673,2005-02-01,2005,8,AIG,"American International Group, Inc",787.580795059661,873.293332562687,782.944441355843,794.1192016601562,7502170,0.0,1.451,Non-Tech,"2000–2008
(Dot-com → GFC)",97.42238391169451
674,2005-03-01,2005,8,AIG,"American International Group, Inc",794.713756450219,802.5598168696357,644.0926006636245,658.71484375,20064735,2.5,1.451,Non-Tech,"2000–2008
(Dot-com → GFC)",80.811004521721
675,2005-04-01,2005,8,AIG,"American International Group, Inc",655.0710972548703,664.599404124032,594.4472520693499,605.6430053710938,21160365,0.0,1.451,Non-Tech,"2000–2008
(Dot-com → GFC)",74.30016206552527
676,2005-05-01,2005,8,AIG,"American International Group, Inc",641.9695150545328,679.0107696836833,616.0048998566722,661.6216430664062,10088110,0.0,1.451,Non-Tech,"2000–2008
(Dot-com → GFC)",81.16761007711516
677,2005-06-01,2005,8,AIG,"American International Group, Inc",664.5995211314006,701.9981612552361,649.2350945217781,691.993408203125,9419170,2.5,1.451,Non-Tech,"2000–2008
(Dot-com → GFC)",84.89361211439052
678,2005-07-01,2005,8,AIG,"American International Group, Inc",697.7318938499274,731.1561761900437,694.2700640353254,718.6220703125,6570560,0.0,1.451,Non-Tech,"2000–2008
(Dot-com → GFC)",88.1604110252479
679,2005-08-01,2005,8,AIG,"American International Group, Inc",719.4579281097631,760.76077570147,692.3603614600929,706.68505859375,7970240,3.0,1.451,Non-Tech,"2000–2008
(Dot-com → GFC)",86.69598082888534
680,2005-09-01,2005,8,AIG,"American International Group, Inc",703.0923183371642,746.7737985402391,700.2200822021022,741.508056640625,8359655,0.0,1.451,Non-Tech,"2000–2008
(Dot-com → GFC)",90.9680592241521
681,2005-10-01,2005,8,AIG,"American International Group, Inc",738.7556386595178,777.7698316784506,729.1816143177932,775.4959716796875,6819880,0.0,1.451,Non-Tech,"2000–2008
(Dot-com → GFC)",95.13768980400884
682,2005-11-01,2005,8,AIG,"American International Group, Inc",775.4955969054432,830.5462102660148,772.024985541209,803.4996337890625,7941220,3.0,1.451,Non-Tech,"2000–2008
(Dot-com → GFC)",98.5731734382661
683,2005-12-01,2005,8,AIG,"American International Group, Inc",807.3138034958388,829.9824279934086,779.3678780036062,818.3482666015625,6896490,0.0,1.451,Non-Tech,"2000–2008
(Dot-com → GFC)",100.39480072469736
684,2005-01-01,2005,9,MO,"Altria Group, Inc",4.028981307820005,4.195489872137423,3.9594936668579663,4.184345722198486,139362700,0.0,1.38,Non-Tech,"2000–2008
(Dot-com → GFC)",100.0
685,2005-02-01,2005,9,MO,"Altria Group, Inc",4.181723677405687,4.490485464667304,4.113546903764574,4.30365514755249,139066400,0.0,1.38,Non-Tech,"2000–2008
(Dot-com → GFC)",102.8513280994219
686,2005-03-01,2005,9,MO,"Altria Group, Inc",4.322011551268561,4.369866593381827,4.143047657716493,4.286612033843994,128948100,0.73,1.38,Non-Tech,"2000–2008
(Dot-com → GFC)",102.44402156119587
687,2005-04-01,2005,9,MO,"Altria Group, Inc",4.375371036403799,4.398573660440996,4.156602535161537,4.308414459228516,145719800,0.0,1.38,Non-Tech,"2000–2008
(Dot-com → GFC)",102.96506898012343
688,2005-05-01,2005,9,MO,"Altria Group, Inc",4.352169140299302,4.519228567088319,4.274605853067949,4.45094633102417,114566300,0.0,1.38,Non-Tech,"2000–2008
(Dot-com → GFC)",106.37138101212176
689,2005-06-01,2005,9,MO,"Altria Group, Inc",4.456249824733511,4.619331798698866,4.281897569671786,4.286538600921631,141595900,0.73,1.38,Non-Tech,"2000–2008
(Dot-com → GFC)",102.44226661723954
690,2005-07-01,2005,9,MO,"Altria Group, Inc",4.36508033678151,4.573451820951494,4.261229412994627,4.486351013183594,109336400,0.0,1.38,Non-Tech,"2000–2008
(Dot-com → GFC)",107.21750330960778
691,2005-08-01,2005,9,MO,"Altria Group, Inc",4.499082312066718,4.766414082821052,4.424711738739309,4.736933708190918,152867800,0.0,1.38,Non-Tech,"2000–2008
(Dot-com → GFC)",113.20607862445213
692,2005-09-01,2005,9,MO,"Altria Group, Inc",4.73760569869689,4.960717505453228,4.676635504294382,4.938607215881348,174946100,0.8,1.38,Non-Tech,"2000–2008
(Dot-com → GFC)",118.02579288994713
693,2005-10-01,2005,9,MO,"Altria Group, Inc",4.994287394604315,5.121651019525136,4.64742406370121,5.084390640258789,192945100,0.0,1.38,Non-Tech,"2000–2008
(Dot-com → GFC)",121.50981247284253
694,2005-11-01,2005,9,MO,"Altria Group, Inc",5.094551803995626,5.094551803995626,4.755818292643089,4.9312825202941895,147519900,0.0,1.38,Non-Tech,"2000–2008
(Dot-com → GFC)",117.85074292817413
695,2005-12-01,2005,9,MO,"Altria Group, Inc",4.9563498973602025,5.330311535219721,4.841180172208241,5.062034606933594,220996600,0.8,1.38,Non-Tech,"2000–2008
(Dot-com → GFC)",120.9755345998027
696,2005-01-01,2005,10,PG,Procter & Gamble Co,30.695252557554536,31.46194404273382,28.759216634913138,29.360435485839844,179678100,0.25,1.376,Non-Tech,"2000–2008
(Dot-com → GFC)",138.9921282792779
697,2005-02-01,2005,10,PG,Procter & Gamble Co,29.614020886556943,30.02955905957635,28.345243824355613,29.4145622253418,202519600,0.0,1.376,Non-Tech,"2000–2008
(Dot-com → GFC)",139.2483639445773
698,2005-03-01,2005,10,PG,Procter & Gamble Co,29.414549702668637,29.91873572007665,28.733067642668928,29.36468505859375,135538500,0.0,1.376,Non-Tech,"2000–2008
(Dot-com → GFC)",139.01224573161022
699,2005-04-01,2005,10,PG,Procter & Gamble Co,29.42009699751697,30.960359677722447,29.01564016215185,30.00185203552246,153967800,0.28,1.376,Non-Tech,"2000–2008
(Dot-com → GFC)",142.02859043928007
700,2005-05-01,2005,10,PG,Procter & Gamble Co,30.157268610477423,31.627539496565493,30.079297897258456,30.714189529418945,127605500,0.0,1.376,Non-Tech,"2000–2008
(Dot-com → GFC)",145.40079193055396
701,2005-06-01,2005,10,PG,Procter & Gamble Co,30.636207154178734,31.276666816957107,29.20492110729313,29.37756729125977,133340000,0.0,1.376,Non-Tech,"2000–2008
(Dot-com → GFC)",139.0732301450091
702,2005-07-01,2005,10,PG,Procter & Gamble Co,29.51680033649977,31.176423949538457,28.90975662195843,30.981502532958984,159872500,0.28,1.376,Non-Tech,"2000–2008
(Dot-com → GFC)",146.6662501113999
703,2005-08-01,2005,10,PG,Procter & Gamble Co,31.235563140474515,31.34192216084252,29.696176047091647,31.056434631347656,196557700,0.0,1.376,Non-Tech,"2000–2008
(Dot-com → GFC)",147.02097822285782
704,2005-09-01,2005,10,PG,Procter & Gamble Co,31.0116466516142,33.28433990478516,30.770942370803517,33.28433990478516,197112200,0.0,1.376,Non-Tech,"2000–2008
(Dot-com → GFC)",157.56786863628687
705,2005-10-01,2005,10,PG,Procter & Gamble Co,33.267539141344486,33.34031073144598,30.575011661381748,31.341907501220703,230305400,0.28,1.376,Non-Tech,"2000–2008
(Dot-com → GFC)",148.37240510372902
706,2005-11-01,2005,10,PG,Procter & Gamble Co,31.78821285864508,32.65465315785378,30.921772559436384,32.176422119140625,164870600,0.0,1.376,Non-Tech,"2000–2008
(Dot-com → GFC)",152.32299237893477
707,2005-12-01,2005,10,PG,Procter & Gamble Co,32.27206430482387,33.58860256483194,31.900733110782465,32.56462860107422,154817400,0.0,1.376,Non-Tech,"2000–2008
(Dot-com → GFC)",154.16075957287794
708,2006-01-01,2006,1,XOM,Exxon Mobil Corp,28.39497272149508,32.189693162203824,28.39497272149508,31.58072662353516,408984300,0.0,3.316,Non-Tech,"2000–2008
(Dot-com → GFC)",174.09522487682088
709,2006-02-01,2006,1,XOM,Exxon Mobil Corp,31.590779984523778,31.74679695293413,29.49210841785841,29.8796329498291,366218200,0.32,3.316,Non-Tech,"2000–2008
(Dot-com → GFC)",164.71759752863662
710,2006-03-01,2006,1,XOM,Exxon Mobil Corp,30.149706993625625,31.328575214955112,29.567860895980235,30.792266845703125,423277300,0.0,3.316,Non-Tech,"2000–2008
(Dot-com → GFC)",169.74867883421967
711,2006-04-01,2006,1,XOM,Exxon Mobil Corp,31.04525200988088,32.88691917486432,30.57471593497449,31.915491104125977,341320100,0.0,3.316,Non-Tech,"2000–2008
(Dot-com → GFC)",175.94068265314058
712,2006-05-01,2006,1,XOM,Exxon Mobil Corp,32.07739640159809,32.770549010188155,29.92709779866912,30.81757354736328,433413200,0.32,3.316,Non-Tech,"2000–2008
(Dot-com → GFC)",169.8881872112414
713,2006-06-01,2006,1,XOM,Exxon Mobil Corp,30.713242893099157,31.857362011703223,28.80129163529763,31.196313858032227,503806800,0.0,3.316,Non-Tech,"2000–2008
(Dot-com → GFC)",171.97607075938902
714,2006-07-01,2006,1,XOM,Exxon Mobil Corp,31.425136429260675,34.54731184600327,31.33869280923184,34.44561004638672,419971700,0.0,3.316,Non-Tech,"2000–2008
(Dot-com → GFC)",189.8884816214431
715,2006-08-01,2006,1,XOM,Exxon Mobil Corp,34.19135729775755,36.21517825472571,34.07440509152491,34.410011291503906,507318400,0.32,3.316,Non-Tech,"2000–2008
(Dot-com → GFC)",189.69223619268723
716,2006-09-01,2006,1,XOM,Exxon Mobil Corp,34.661626875674536,35.07031380129041,32.62841741066669,34.27848434448242,474291100,0.0,3.316,Non-Tech,"2000–2008
(Dot-com → GFC)",188.96716695371657
717,2006-10-01,2006,1,XOM,Exxon Mobil Corp,34.375545456669364,36.95026351605621,33.123944288862496,36.485382080078125,458300600,0.0,3.316,Non-Tech,"2000–2008
(Dot-com → GFC)",201.13314280787418
718,2006-11-01,2006,1,XOM,Exxon Mobil Corp,36.56711038806841,39.52497008643531,35.89788570110665,39.238887786865234,407406000,0.32,3.316,Non-Tech,"2000–2008
(Dot-com → GFC)",216.31240707678003
719,2006-12-01,2006,1,XOM,Exxon Mobil Corp,39.39362715341072,40.53264645217212,38.38800753394855,39.31666564941406,386455900,0.0,3.316,Non-Tech,"2000–2008
(Dot-com → GFC)",216.74117347700547
720,2006-01-01,2006,2,GE,General Electric Co,103.44020505723384,105.00212357364477,96.16107607570297,96.51472473144533,137559877,0.0,3.036,Non-Tech,"2000–2008
(Dot-com → GFC)",83.46770572607643
721,2006-02-01,2006,2,GE,General Electric Co,96.24952168652864,99.4617671514262,94.92336228901824,96.86839294433594,101070217,1.198109,3.036,Non-Tech,"2000–2008
(Dot-com → GFC)",83.7735644890824
722,2006-03-01,2006,2,GE,General Electric Co,97.89047802601075,103.91770834294276,96.73253876295549,103.26451110839844,119471086,0.0,3.036,Non-Tech,"2000–2008
(Dot-com → GFC)",89.30504489471673
723,2006-04-01,2006,2,GE,General Electric Co,103.2942741149457,103.8880858885828,98.18745504829252,102.7004623413086,99603470,0.0,3.036,Non-Tech,"2000–2008
(Dot-com → GFC)",88.81724516635805
724,2006-05-01,2006,2,GE,General Electric Co,102.84885811952574,104.6303114797678,100.05792996226678,101.72061157226562,104818460,0.0,3.036,Non-Tech,"2000–2008
(Dot-com → GFC)",87.96985223358516
725,2006-06-01,2006,2,GE,General Electric Co,101.83943326123983,103.68026411682467,97.32643498691029,97.86087036132812,119733501,1.198109,3.036,Non-Tech,"2000–2008
(Dot-com → GFC)",84.63187717879669
726,2006-07-01,2006,2,GE,General Electric Co,99.01171844266209,100.56718822452008,95.90076935488425,97.78528594970705,99207180,0.0,3.036,Non-Tech,"2000–2008
(Dot-com → GFC)",84.56651039207868
727,2006-08-01,2006,2,GE,General Electric Co,97.6656403257402,103.02004913463324,96.31955697253564,101.88336181640624,84907672,0.0,3.036,Non-Tech,"2000–2008
(Dot-com → GFC)",88.11060163242118
728,2006-09-01,2006,2,GE,General Electric Co,102.24223709861202,106.63942670427684,100.98589040838266,105.59247589111328,96034453,1.198109,3.036,Non-Tech,"2000–2008
(Dot-com → GFC)",91.31831157464546
729,2006-10-01,2006,2,GE,General Electric Co,106.65301196662394,109.90682932143172,105.20686985420524,105.77930450439452,116095623,0.0,3.036,Non-Tech,"2000–2008
(Dot-com → GFC)",91.47988438913526
730,2006-11-01,2006,2,GE,General Electric Co,106.05049698694516,109.30431557629409,104.3030718069534,106.29151916503906,96348425,0.0,3.036,Non-Tech,"2000–2008
(Dot-com → GFC)",91.92285703069047
731,2006-12-01,2006,2,GE,General Electric Co,106.59280556346744,115.96260782753949,105.3274246936088,112.1062240600586,134967421,1.341882,3.036,Non-Tech,"2000–2008
(Dot-com → GFC)",96.95152056790656
732,2006-01-01,2006,3,C,"Citigroup, Inc",312.46744322046544,316.166029662055,290.97732760652764,297.0353698730469,33796900,0.0,2.042,Non-Tech,"2000–2008
(Dot-com → GFC)",134.25717264946962
733,2006-02-01,2006,3,C,"Citigroup, Inc",297.0990393617366,300.5425530346756,285.7481929500137,295.6961364746094,26977970,4.9,2.042,Non-Tech,"2000–2008
(Dot-com → GFC)",133.65185184316695
734,2006-03-01,2006,3,C,"Citigroup, Inc",298.98603076854454,309.4270254051236,295.18345310120765,304.3998718261719,31069380,0.0,2.042,Non-Tech,"2000–2008
(Dot-com → GFC)",137.58585775057608
735,2006-04-01,2006,3,C,"Citigroup, Inc",305.55993015635704,321.93035888671875,303.8842126428186,321.93035888671875,30020240,4.9,2.042,Non-Tech,"2000–2008
(Dot-com → GFC)",145.50947179331806
736,2006-05-01,2006,3,C,"Citigroup, Inc",325.59358856015467,330.2821441844831,315.36994193030364,321.0352783203125,35165160,0.0,2.042,Non-Tech,"2000–2008
(Dot-com → GFC)",145.1049038585615
737,2006-06-01,2006,3,C,"Citigroup, Inc",321.5563470693527,328.2635895654289,309.11868297385894,314.19793701171875,34884240,0.0,2.042,Non-Tech,"2000–2008
(Dot-com → GFC)",142.01449037371773
738,2006-07-01,2006,3,C,"Citigroup, Inc",316.47709314986827,323.83550321025456,300.97884015867254,314.5886535644531,31003120,0.0,2.042,Non-Tech,"2000–2008
(Dot-com → GFC)",142.19109055335252
739,2006-08-01,2006,3,C,"Citigroup, Inc",314.58852772642086,323.7051481622032,307.49059150452143,321.3608703613281,26847450,4.9,2.042,Non-Tech,"2000–2008
(Dot-com → GFC)",145.25206837598114
740,2006-09-01,2006,3,C,"Citigroup, Inc",326.9282289495379,331.203950253707,318.508355026538,326.7308959960937,25561000,0.0,2.042,Non-Tech,"2000–2008
(Dot-com → GFC)",147.67926907967825
741,2006-10-01,2006,3,C,"Citigroup, Inc",326.7966944899245,337.6504497064621,324.1654811040972,329.95416259765625,37694180,0.0,2.042,Non-Tech,"2000–2008
(Dot-com → GFC)",149.13615504179856
742,2006-11-01,2006,3,C,"Citigroup, Inc",332.5195354349457,335.15074837607284,325.15213116996495,326.2046203613281,30696010,4.9,2.042,Non-Tech,"2000–2008
(Dot-com → GFC)",147.44139747944382
743,2006-12-01,2006,3,C,"Citigroup, Inc",329.4271865651209,378.6519432410304,324.3784899339983,370.0160217285156,43413980,0.0,2.042,Non-Tech,"2000–2008
(Dot-com → GFC)",167.24373576624
744,2006-01-01,2006,4,BAC,Bank of America Corp,30.3843296056884,30.59155664080609,28.16314145606839,28.64234733581543,310721300,0.0,2.022,Non-Tech,"2000–2008
(Dot-com → GFC)",117.75930890377197
745,2006-02-01,2006,4,BAC,Bank of America Corp,28.55816294269256,29.82093939287949,27.794021397258906,29.69142341613769,265429500,0.0,2.022,Non-Tech,"2000–2008
(Dot-com → GFC)",122.07244960965784
746,2006-03-01,2006,4,BAC,Bank of America Corp,29.367626089708637,30.526789912336785,29.076218315460792,29.49066734313965,290541900,0.5,2.022,Non-Tech,"2000–2008
(Dot-com → GFC)",121.24706696425841
747,2006-04-01,2006,4,BAC,Bank of America Corp,30.018756151628946,32.72273650267943,29.63247324433602,32.68345260620117,260058600,0.0,2.022,Non-Tech,"2000–2008
(Dot-com → GFC)",134.37379088978435
748,2006-05-01,2006,4,BAC,Bank of America Corp,32.631098478892056,33.06321164002816,31.360948277382292,31.68830680847168,325148600,0.5,2.022,Non-Tech,"2000–2008
(Dot-com → GFC)",130.2823775700184
749,2006-06-01,2006,4,BAC,Bank of America Corp,32.01702574210365,32.73145390741368,30.33679284678188,31.81857109069824,309481300,0.0,2.022,Non-Tech,"2000–2008
(Dot-com → GFC)",130.81794232907933
750,2006-07-01,2006,4,BAC,Bank of America Corp,31.87809712994453,34.332295846326424,31.481192996702863,34.0875358581543,241464800,0.0,2.022,Non-Tech,"2000–2008
(Dot-com → GFC)",140.14649769536828
751,2006-08-01,2006,4,BAC,Bank of America Corp,33.96185092500766,34.894577930846594,33.53848583348573,34.047847747802734,248484800,0.56,2.022,Non-Tech,"2000–2008
(Dot-com → GFC)",139.9833251595457
752,2006-09-01,2006,4,BAC,Bank of America Corp,34.65715655397376,36.10816877867165,33.96842493348469,35.820640563964844,231381700,0.0,2.022,Non-Tech,"2000–2008
(Dot-com → GFC)",147.2719336808095
753,2006-10-01,2006,4,BAC,Bank of America Corp,35.79387724529198,36.68989447047738,35.272315855523594,36.02122497558594,240512800,0.0,2.022,Non-Tech,"2000–2008
(Dot-com → GFC)",148.09661056264568
754,2006-11-01,2006,4,BAC,Bank of America Corp,36.20845353253305,36.8303163559183,35.58659070914779,36.007850646972656,217510900,0.56,2.022,Non-Tech,"2000–2008
(Dot-com → GFC)",148.0416237392514
755,2006-12-01,2006,4,BAC,Bank of America Corp,36.3697783770751,36.51841773482724,34.67391699280105,36.07249450683594,285404800,0.0,2.022,Non-Tech,"2000–2008
(Dot-com → GFC)",148.30739861353533
756,2006-01-01,2006,5,MSFT,Microsoft Corp,18.26198011451816,19.74380877424616,18.157626207821583,19.583799362182617,1388622700,0.0,1.962,Tech,"2000–2008
(Dot-com → GFC)",65.66084409593476
757,2006-02-01,2006,5,MSFT,Microsoft Corp,19.451611516979067,19.528138312731983,18.324587521529683,18.69330596923828,1047699000,0.09,1.962,Tech,"2000–2008
(Dot-com → GFC)",62.67518504371389
758,2006-03-01,2006,5,MSFT,Microsoft Corp,18.83343834065587,19.69902246326574,18.58214058340025,18.993989944458008,1437940900,0.0,1.962,Tech,"2000–2008
(Dot-com → GFC)",63.68332259934947
759,2006-04-01,2006,5,MSFT,Microsoft Corp,19.31509279423562,19.50356709426497,16.75324270991991,16.85795021057129,1446126900,0.0,1.962,Tech,"2000–2008
(Dot-com → GFC)",56.52157786557241
760,2006-05-01,2006,5,MSFT,Microsoft Corp,16.976622664898702,17.45129818865876,15.671266305986924,15.81087589263916,2309193400,0.09,1.962,Tech,"2000–2008
(Dot-com → GFC)",53.01093203658367
761,2006-06-01,2006,5,MSFT,Microsoft Corp,15.935594802240413,16.57329880331424,15.038603927382134,16.328027725219727,1971637200,0.0,1.962,Tech,"2000–2008
(Dot-com → GFC)",54.74484613695847
762,2006-07-01,2006,5,MSFT,Microsoft Corp,16.48920930328126,17.23903711490632,15.578202489038617,16.860618591308594,1332298100,0.0,1.962,Tech,"2000–2008
(Dot-com → GFC)",56.530524450876946
763,2006-08-01,2006,5,MSFT,Microsoft Corp,16.83258568205914,18.3953108132118,16.71345409189926,18.009885787963867,1134188400,0.09,1.962,Tech,"2000–2008
(Dot-com → GFC)",60.38380403307461
764,2006-09-01,2006,5,MSFT,Microsoft Corp,18.20984576169649,19.356314233752407,17.858168546729512,19.236743927001957,1097482600,0.0,1.962,Tech,"2000–2008
(Dot-com → GFC)",64.49723164256942
765,2006-10-01,2006,5,MSFT,Microsoft Corp,19.21564369590837,20.29177650621162,19.09607338365245,20.19330596923828,1290967400,0.0,1.962,Tech,"2000–2008
(Dot-com → GFC)",67.70440661213406
766,2006-11-01,2006,5,MSFT,Microsoft Corp,20.242540486603534,21.10063238740277,20.10186906740402,20.65048599243164,1239142000,0.1,1.962,Tech,"2000–2008
(Dot-com → GFC)",69.23724636766399
767,2006-12-01,2006,5,MSFT,Microsoft Corp,20.629332395558887,21.356264549689136,20.325855852124626,21.07396125793457,1137160900,0.0,1.962,Tech,"2000–2008
(Dot-com → GFC)",70.65708032697052
768,2006-01-01,2006,6,PFE,"Pfizer, Inc",9.27156719597962,10.326134888990358,9.251965847260395,10.06739330291748,750441781,0.0,1.719,Non-Tech,"2000–2008
(Dot-com → GFC)",78.6636879601213
769,2006-02-01,2006,6,PFE,"Pfizer, Inc",10.094838589987882,10.522153790393048,9.781212190851717,10.267333030700684,612834074,0.227704,1.719,Non-Tech,"2000–2008
(Dot-com → GFC)",80.22595893572841
770,2006-03-01,2006,6,PFE,"Pfizer, Inc",10.330513780638968,10.52841676725275,9.827841435939844,9.86346435546875,559360119,0.0,1.719,Non-Tech,"2000–2008
(Dot-com → GFC)",77.07024638041325
771,2006-04-01,2006,6,PFE,"Pfizer, Inc",9.930746846625446,10.069278246014235,9.570563935087009,10.025739669799805,467020337,0.0,1.719,Non-Tech,"2000–2008
(Dot-com → GFC)",78.33821856607022
772,2006-05-01,2006,6,PFE,"Pfizer, Inc",10.093031926573094,10.180109122802806,9.30933795621083,9.364750862121582,595874790,0.227704,1.719,Non-Tech,"2000–2008
(Dot-com → GFC)",73.17344395681123
773,2006-06-01,2006,6,PFE,"Pfizer, Inc",9.521615697521042,9.753363253948258,8.99419055665723,9.377772331237791,650777649,0.0,1.719,Non-Tech,"2000–2008
(Dot-com → GFC)",73.2751899353897
774,2006-07-01,2006,6,PFE,"Pfizer, Inc",9.405745178376192,10.6523867793525,8.854346487581578,10.38467788696289,622999374,0.0,1.719,Non-Tech,"2000–2008
(Dot-com → GFC)",81.14285756867051
775,2006-08-01,2006,6,PFE,"Pfizer, Inc",10.404654779743892,11.139853495657828,10.11696877970846,11.011993408203123,660775260,0.227704,1.719,Non-Tech,"2000–2008
(Dot-com → GFC)",86.04451889554863
776,2006-09-01,2006,6,PFE,"Pfizer, Inc",11.206708978322506,11.52528737018972,11.017174587869803,11.436569213867188,507930398,0.0,1.719,Non-Tech,"2000–2008
(Dot-com → GFC)",89.36203095524897
777,2006-10-01,2006,6,PFE,"Pfizer, Inc",11.37204179318318,11.533347528772245,10.638101547487658,10.74698257446289,789692109,0.0,1.719,Non-Tech,"2000–2008
(Dot-com → GFC)",83.97380119294812
778,2006-11-01,2006,6,PFE,"Pfizer, Inc",10.767148550294406,11.243000240831227,10.081600397749789,11.08572769165039,872034387,0.227704,1.719,Non-Tech,"2000–2008
(Dot-com → GFC)",86.6206571758896
779,2006-12-01,2006,6,PFE,"Pfizer, Inc",11.232903275080456,11.33461395109819,9.560783098350894,10.537203788757324,1156432988,0.0,1.719,Non-Tech,"2000–2008
(Dot-com → GFC)",82.33465067574187
780,2006-01-01,2006,7,PG,Procter & Gamble Co,32.80092194433554,33.64485648224933,32.23267363315098,33.324161529541016,167161700,0.28,1.635,Non-Tech,"2000–2008
(Dot-com → GFC)",157.75638397281938
781,2006-02-01,2006,7,PG,Procter & Gamble Co,33.41051217056515,35.10082503093127,33.38790094114767,33.879730224609375,146114600,0.0,1.635,Non-Tech,"2000–2008
(Dot-com → GFC)",160.38644289582598
782,2006-03-01,2006,7,PG,Procter & Gamble Co,33.98151211291941,35.33263160026845,32.223360019444826,32.57951354980469,219966200,0.0,1.635,Non-Tech,"2000–2008
(Dot-com → GFC)",154.23122483230412
783,2006-04-01,2006,7,PG,Procter & Gamble Co,32.6134266987224,33.20136211963697,31.13228360373548,32.90739440917969,206413800,0.31,1.635,Non-Tech,"2000–2008
(Dot-com → GFC)",155.78341088514892
784,2006-05-01,2006,7,PG,Procter & Gamble Co,33.21511789327992,33.35154707858892,30.554724926223404,30.83895492553711,254349400,0.0,1.635,Non-Tech,"2000–2008
(Dot-com → GFC)",145.99143057930405
785,2006-06-01,2006,7,PG,Procter & Gamble Co,30.895792291543128,32.51021836855739,29.986257389775485,31.60636711120605,203598800,0.0,1.635,Non-Tech,"2000–2008
(Dot-com → GFC)",149.62435533633027
786,2006-07-01,2006,7,PG,Procter & Gamble Co,31.84512957132878,32.5954966004666,31.407415109581247,31.947452545166016,138325100,0.31,1.635,Non-Tech,"2000–2008
(Dot-com → GFC)",151.23905176731546
787,2006-08-01,2006,7,PG,Procter & Gamble Co,32.011571535678755,35.45853113002728,31.84008141000353,35.384220123291016,169851100,0.0,1.635,Non-Tech,"2000–2008
(Dot-com → GFC)",167.50868919538405
788,2006-09-01,2006,7,PG,Procter & Gamble Co,35.435649210898035,35.92725340428666,34.20091788623223,35.429931640625,159938000,0.0,1.635,Non-Tech,"2000–2008
(Dot-com → GFC)",167.72508724861422
789,2006-10-01,2006,7,PG,Procter & Gamble Co,35.4356588674782,36.596075178504655,35.1555567243503,36.23594665527344,163520800,0.31,1.635,Non-Tech,"2000–2008
(Dot-com → GFC)",171.54075757016207
790,2006-11-01,2006,7,PG,Procter & Gamble Co,36.30814841040438,36.98605168861405,35.78535712694826,36.07260513305664,140394500,0.0,1.635,Non-Tech,"2000–2008
(Dot-com → GFC)",170.76749976817072
791,2006-12-01,2006,7,PG,Procter & Gamble Co,36.19898391369008,37.18711970588938,35.73938765460841,36.922847747802734,115728500,0.0,1.635,Non-Tech,"2000–2008
(Dot-com → GFC)",174.79254328751134
792,2006-01-01,2006,8,JNJ,Johnson & Johnson,34.0101772313662,35.14069333761067,31.99418237520131,32.04430389404297,220695200,0.0,1.579,Non-Tech,"2000–2008
(Dot-com → GFC)",134.35722562860326
793,2006-02-01,2006,8,JNJ,Johnson & Johnson,32.11669652845559,33.252782750095946,31.576500355207664,32.105560302734375,183341700,0.33,1.579,Non-Tech,"2000–2008
(Dot-com → GFC)",134.61406507036375
794,2006-03-01,2006,8,JNJ,Johnson & Johnson,32.27061009474532,34.219615829545106,32.17540105745707,33.16670608520508,181202600,0.0,1.579,Non-Tech,"2000–2008
(Dot-com → GFC)",139.0632989745136
795,2006-04-01,2006,8,JNJ,Johnson & Johnson,33.31792211229376,33.46913621332686,32.10259256052647,32.825069427490234,171133300,0.0,1.579,Non-Tech,"2000–2008
(Dot-com → GFC)",137.63086487779015
796,2006-05-01,2006,8,JNJ,Johnson & Johnson,32.88108527346816,34.124417765095615,32.58985414315646,33.726776123046875,196603700,0.375,1.579,Non-Tech,"2000–2008
(Dot-com → GFC)",141.41159328263615
797,2006-06-01,2006,8,JNJ,Johnson & Johnson,33.9530118028978,34.93919886771226,33.23168709482872,33.76704406738281,199396300,0.0,1.579,Non-Tech,"2000–2008
(Dot-com → GFC)",141.58043106736798
798,2006-07-01,2006,8,JNJ,Johnson & Johnson,33.885405282149165,35.502752284290146,33.631813764460574,35.24916076660156,134968800,0.0,1.579,Non-Tech,"2000–2008
(Dot-com → GFC)",147.79473637489792
799,2006-08-01,2006,8,JNJ,Johnson & Johnson,35.15333601939463,36.70305609471878,35.10261775149553,36.43819808959961,150477100,0.375,1.579,Non-Tech,"2000–2008
(Dot-com → GFC)",152.7802013865619
800,2006-09-01,2006,8,JNJ,Johnson & Johnson,36.76868864070973,36.86504457532961,35.85046181684378,36.80836486816406,128522300,0.0,1.579,Non-Tech,"2000–2008
(Dot-com → GFC)",154.33225823735975
801,2006-10-01,2006,8,JNJ,Johnson & Johnson,36.842359789786414,39.34197427584349,36.55895702217268,38.20269393920898,189511300,0.0,1.579,Non-Tech,"2000–2008
(Dot-com → GFC)",160.17848245924802
802,2006-11-01,2006,8,JNJ,Johnson & Johnson,38.191366486999165,39.12659675633184,36.96706842439139,37.3581657409668,196072100,0.375,1.579,Non-Tech,"2000–2008
(Dot-com → GFC)",156.63749539158897
803,2006-12-01,2006,8,JNJ,Johnson & Johnson,37.56915825057933,38.332965437292486,37.21575239398817,37.63185501098633,157532600,0.0,1.579,Non-Tech,"2000–2008
(Dot-com → GFC)",157.78503571968386
804,2006-01-01,2006,9,AIG,"American International Group, Inc",826.8639324777301,852.6509558585035,783.3257832752149,785.1248779296875,6727210,0.0,1.432,Non-Tech,"2000–2008
(Dot-com → GFC)",96.31896208577223
805,2006-02-01,2006,9,AIG,"American International Group, Inc",786.8039897641943,823.8653655154067,775.6496185747642,795.9193725585938,6190935,0.0,1.432,Non-Tech,"2000–2008
(Dot-com → GFC)",97.64322851538574
806,2006-03-01,2006,9,AIG,"American International Group, Inc",795.0795167327464,833.5800931938185,781.0465710264069,792.6807250976562,8069300,3.0,1.432,Non-Tech,"2000–2008
(Dot-com → GFC)",97.2459118963763
807,2006-04-01,2006,9,AIG,"American International Group, Inc",798.2033330340038,799.5256284842317,743.9880456357395,784.3790283203125,6245685,0.0,1.432,Non-Tech,"2000–2008
(Dot-com → GFC)",96.22746140573199
808,2006-05-01,2006,9,AIG,"American International Group, Inc",790.3896281593724,801.9298884387765,721.6287211190272,730.885009765625,9885260,3.0,1.432,Non-Tech,"2000–2008
(Dot-com → GFC)",89.66482597049874
809,2006-06-01,2006,9,AIG,"American International Group, Inc",732.6984976979255,742.9418155111366,705.4633526982113,711.6093139648438,7476535,0.0,1.432,Non-Tech,"2000–2008
(Dot-com → GFC)",87.30008748722959
810,2006-07-01,2006,9,AIG,"American International Group, Inc",711.7301006277376,736.9166517524394,693.1716550835122,731.1322021484375,6124415,0.0,1.432,Non-Tech,"2000–2008
(Dot-com → GFC)",89.69515148229604
811,2006-08-01,2006,9,AIG,"American International Group, Inc",731.131935063883,771.8641750226586,701.8481098790579,769.0924682617188,8004280,3.3,1.432,Non-Tech,"2000–2008
(Dot-com → GFC)",94.352109292845
812,2006-09-01,2006,9,AIG,"American International Group, Inc",776.2884382866014,807.098329611595,765.5351526008345,800.5738525390625,6578645,0.0,1.432,Non-Tech,"2000–2008
(Dot-com → GFC)",98.21423918307714
813,2006-10-01,2006,9,AIG,"American International Group, Inc",801.0572222979948,821.3554901050474,795.499388715024,811.56884765625,6339500,0.0,1.432,Non-Tech,"2000–2008
(Dot-com → GFC)",99.56310297225957
814,2006-11-01,2006,9,AIG,"American International Group, Inc",811.3270561239603,876.5715252687017,801.298754319144,849.6279907226562,8788585,3.3,1.432,Non-Tech,"2000–2008
(Dot-com → GFC)",104.23219098752746
815,2006-12-01,2006,9,AIG,"American International Group, Inc",848.3699779077598,883.7338804216577,837.7123826907584,867.8685302734375,5974455,0.0,1.432,Non-Tech,"2000–2008
(Dot-com → GFC)",106.4699367102825
816,2006-01-01,2006,10,JPM,JPMorgan Chase & Co,23.421980121537587,24.03354904702799,22.275284740998067,23.374935150146484,262471900,0.34,1.356,Non-Tech,"2000–2008
(Dot-com → GFC)",100.0
817,2006-02-01,2006,10,JPM,JPMorgan Chase & Co,23.651471027739664,24.87911737925163,23.159225196887466,24.39873313903809,189953500,0.0,1.356,Non-Tech,"2000–2008
(Dot-com → GFC)",104.37989659571393
818,2006-03-01,2006,10,JPM,JPMorgan Chase & Co,24.41060098450972,25.1637952153052,24.238611269730225,24.69527244567871,254538100,0.0,1.356,Non-Tech,"2000–2008
(Dot-com → GFC)",105.64851746989318
819,2006-04-01,2006,10,JPM,JPMorgan Chase & Co,24.87912275899511,27.221734251057665,24.600380974630685,26.913339614868164,208177900,0.34,1.356,Non-Tech,"2000–2008
(Dot-com → GFC)",115.13760120399523
820,2006-05-01,2006,10,JPM,JPMorgan Chase & Co,27.133355953899727,27.982393302181112,24.86725984358334,25.49506950378418,262343700,0.0,1.356,Non-Tech,"2000–2008
(Dot-com → GFC)",109.07011865495768
821,2006-06-01,2006,10,JPM,JPMorgan Chase & Co,25.560843535832,26.427819971582466,23.515977147779527,25.11240768432617,271716100,0.0,1.356,Non-Tech,"2000–2008
(Dot-com → GFC)",107.43305820109963
822,2006-07-01,2006,10,JPM,JPMorgan Chase & Co,25.14230290901433,27.33066976942272,24.155745405889647,27.276857376098636,239719400,0.34,1.356,Non-Tech,"2000–2008
(Dot-com → GFC)",116.69276171629379
823,2006-08-01,2006,10,JPM,JPMorgan Chase & Co,27.60195017213848,27.788814924152227,26.221550742115685,27.52358627319336,198516600,0.0,1.356,Non-Tech,"2000–2008
(Dot-com → GFC)",117.74828933812411
824,2006-09-01,2006,10,JPM,JPMorgan Chase & Co,27.638107228341024,28.62669143608343,26.932839269204127,28.307209014892575,182171700,0.0,1.356,Non-Tech,"2000–2008
(Dot-com → GFC)",121.10069539472147
825,2006-10-01,2006,10,JPM,JPMorgan Chase & Co,28.30723742951644,29.27773722567077,27.951588478742107,28.59657859802246,247025600,0.34,1.356,Non-Tech,"2000–2008
(Dot-com → GFC)",122.33864356985501
826,2006-11-01,2006,10,JPM,JPMorgan Chase & Co,28.98985243517487,29.17198717052671,27.793830556948738,28.097389221191406,184245600,0.0,1.356,Non-Tech,"2000–2008
(Dot-com → GFC)",120.20306811852407
827,2006-12-01,2006,10,JPM,JPMorgan Chase & Co,28.23094679129064,29.748739629532075,27.62989980832108,29.32375717163086,204996600,0.0,1.356,Non-Tech,"2000–2008
(Dot-com → GFC)",125.44957657966847
828,2007-01-01,2007,1,XOM,Exxon Mobil Corp,39.1268407989561,39.13196869650238,36.24337703557467,38.01860427856445,504732000,0.0,3.812,Non-Tech,"2000–2008
(Dot-com → GFC)",209.58534426015763
829,2007-02-01,2007,1,XOM,Exxon Mobil Corp,38.26487029193513,39.04473718605063,36.52042655117399,36.77696228027344,401419000,0.32,3.812,Non-Tech,"2000–2008
(Dot-com → GFC)",202.74053839214173
830,2007-03-01,2007,1,XOM,Exxon Mobil Corp,36.531684080483465,39.33983023658913,35.5629994123512,38.8760986328125,611224400,0.0,3.812,Non-Tech,"2000–2008
(Dot-com → GFC)",214.31245754710034
831,2007-04-01,2007,1,XOM,Exxon Mobil Corp,38.82456795786724,41.6739351478012,38.788500168036215,40.90105056762695,451394900,0.0,3.812,Non-Tech,"2000–2008
(Dot-com → GFC)",225.4754199025502
832,2007-05-01,2007,1,XOM,Exxon Mobil Corp,40.962876853295285,43.446412122880254,40.73101308505373,42.85386657714844,443527200,0.35,3.812,Non-Tech,"2000–2008
(Dot-com → GFC)",236.2407181926578
833,2007-06-01,2007,1,XOM,Exxon Mobil Corp,43.24069444865005,44.80348867788074,41.83832195234124,43.406288146972656,506912200,0.0,3.812,Non-Tech,"2000–2008
(Dot-com → GFC)",239.28605526079483
834,2007-07-01,2007,1,XOM,Exxon Mobil Corp,43.72714239866989,48.44657031317939,43.530501049423606,44.05315399169922,559643700,0.0,3.812,Non-Tech,"2000–2008
(Dot-com → GFC)",242.85203574139845
835,2007-08-01,2007,1,XOM,Exxon Mobil Corp,43.98070111829681,45.486572450609664,40.75679728316134,44.36363983154297,687544000,0.35,3.812,Non-Tech,"2000–2008
(Dot-com → GFC)",244.56365253707986
836,2007-09-01,2007,1,XOM,Exxon Mobil Corp,44.32278061775636,48.66102348816384,43.57982443883843,48.08951568603516,446258200,0.0,3.812,Non-Tech,"2000–2008
(Dot-com → GFC)",265.1033064368585
837,2007-10-01,2007,1,XOM,Exxon Mobil Corp,48.03236164704792,49.49749144323595,46.58801431169543,47.79336929321289,513452200,0.0,3.812,Non-Tech,"2000–2008
(Dot-com → GFC)",263.4707387803426
838,2007-11-01,2007,1,XOM,Exxon Mobil Corp,46.67114494415991,47.25303800199728,43.31485475752947,46.32304763793945,548075900,0.35,3.812,Non-Tech,"2000–2008
(Dot-com → GFC)",255.3652894578015
839,2007-12-01,2007,1,XOM,Exxon Mobil Corp,46.404018088523785,49.60123624663724,45.74683970121348,48.86582565307617,386223600,0.0,3.812,Non-Tech,"2000–2008
(Dot-com → GFC)",269.3828741585651
840,2007-01-01,2007,2,GE,General Electric Co,113.54213023006852,116.18264353819102,108.5342608293856,109.4144287109375,135776275,0.0,3.146,Non-Tech,"2000–2008
(Dot-com → GFC)",94.62360653509515
841,2007-02-01,2007,2,GE,General Electric Co,109.80896550906076,110.78019203865776,104.7100479714722,105.95442199707033,126586278,1.341882,3.146,Non-Tech,"2000–2008
(Dot-com → GFC)",91.63132921153749
842,2007-03-01,2007,2,GE,General Electric Co,105.86937215593484,110.12127436776863,103.69753384995232,108.16356658935548,165005847,0.0,3.146,Non-Tech,"2000–2008
(Dot-com → GFC)",93.54183800952957
843,2007-04-01,2007,2,GE,General Electric Co,108.1635789908654,113.91435659742658,105.68584521250092,112.75196838378906,163407852,0.0,3.146,Non-Tech,"2000–2008
(Dot-com → GFC)",97.50997211338206
844,2007-05-01,2007,2,GE,General Electric Co,112.6295776198828,115.65790823423406,111.49777148497677,114.95435333251952,138288318,0.0,3.146,Non-Tech,"2000–2008
(Dot-com → GFC)",99.41463504753723
845,2007-06-01,2007,2,GE,General Electric Co,115.2602901291343,121.6534402591496,112.10960227193624,117.09564208984376,182865780,1.341882,3.146,Non-Tech,"2000–2008
(Dot-com → GFC)",101.26646087378512
846,2007-07-01,2007,2,GE,General Electric Co,118.37216927484818,126.2595435006222,116.24627904255794,119.41970825195312,182419535,0.0,3.146,Non-Tech,"2000–2008
(Dot-com → GFC)",103.27635595504492
847,2007-08-01,2007,2,GE,General Electric Co,118.92680161785955,124.65747577036502,111.53239126761656,119.75867462158205,217516331,0.0,3.146,Non-Tech,"2000–2008
(Dot-com → GFC)",103.56950029410768
848,2007-09-01,2007,2,GE,General Electric Co,119.66625136356184,129.6178958141314,118.46465044683129,127.55361938476562,142179217,1.341882,3.146,Non-Tech,"2000–2008
(Dot-com → GFC)",110.31071162175547
849,2007-10-01,2007,2,GE,General Electric Co,128.04215010260063,130.74071140931773,122.21077408760068,127.66993713378906,150841574,0.0,3.146,Non-Tech,"2000–2008
(Dot-com → GFC)",110.41130534642518
850,2007-11-01,2007,2,GE,General Electric Co,126.83249077373408,127.11165305785914,113.27762963237598,118.76781463623048,186695711,0.0,3.146,Non-Tech,"2000–2008
(Dot-com → GFC)",102.71258638896838
851,2007-12-01,2007,2,GE,General Electric Co,118.48864049867228,118.48864049867228,111.88181689516236,114.98361206054688,174149004,1.485656,3.146,Non-Tech,"2000–2008
(Dot-com → GFC)",99.4399385326552
852,2007-01-01,2007,3,T,"AT&T, Inc",6.852293072647506,7.276839261544653,6.135751038330783,7.228813648223877,728997050,0.355,1.916,Non-Tech,"2000–2008
(Dot-com → GFC)",110.41139748710798
853,2007-02-01,2007,3,T,"AT&T, Inc",7.34390048571118,7.437404124384438,6.854956763060272,7.168581962585449,507762738,0.0,1.916,Non-Tech,"2000–2008
(Dot-com → GFC)",109.49143123704744
854,2007-03-01,2007,3,T,"AT&T, Inc",7.045861579876359,7.764667822391043,6.872491040527944,7.680904865264893,677210112,0.0,1.916,Non-Tech,"2000–2008
(Dot-com → GFC)",117.3165447898622
855,2007-04-01,2007,3,T,"AT&T, Inc",7.73739386376212,7.819209243887268,7.4763638648833295,7.542595386505127,532007695,0.355,1.916,Non-Tech,"2000–2008
(Dot-com → GFC)",115.20403455253836
856,2007-05-01,2007,3,T,"AT&T, Inc",7.675463267309754,8.182166626991265,7.578855092925529,8.150620460510254,602987335,0.0,1.916,Non-Tech,"2000–2008
(Dot-com → GFC)",124.49088318289459
857,2007-06-01,2007,3,T,"AT&T, Inc",8.162449933479506,8.19005226723854,7.630115939098766,8.18216609954834,667078202,0.0,1.916,Non-Tech,"2000–2008
(Dot-com → GFC)",124.97270471825465
858,2007-07-01,2007,3,T,"AT&T, Inc",8.17033844709275,8.266947140883868,7.65574930252763,7.7208123207092285,706564782,0.355,1.916,Non-Tech,"2000–2008
(Dot-com → GFC)",117.92608297139303
859,2007-08-01,2007,3,T,"AT&T, Inc",7.8064461015392785,8.153487919644736,7.285883122543466,7.9520440101623535,701850151,0.0,1.916,Non-Tech,"2000–2008
(Dot-com → GFC)",121.45786774524694
860,2007-09-01,2007,3,T,"AT&T, Inc",7.960023217585626,8.570337676686062,7.68278874010528,8.438701629638672,606332022,0.0,1.916,Non-Tech,"2000–2008
(Dot-com → GFC)",128.89097509576382
861,2007-10-01,2007,3,T,"AT&T, Inc",8.460641029172464,8.52047564043255,8.04578634772337,8.33498764038086,607221090,0.355,1.916,Non-Tech,"2000–2008
(Dot-com → GFC)",127.30686917601423
862,2007-11-01,2007,3,T,"AT&T, Inc",8.401099860771337,8.443458111181933,7.311881522065742,7.707227230072021,753270601,0.0,1.916,Non-Tech,"2000–2008
(Dot-com → GFC)",117.7185871200355
863,2007-12-01,2007,3,T,"AT&T, Inc",7.763710553269924,8.631051025199413,7.606378713069745,8.382951736450195,688829404,0.0,1.916,Non-Tech,"2000–2008
(Dot-com → GFC)",128.03946281224975
864,2007-01-01,2007,4,MSFT,Microsoft Corp,21.109256200651945,22.21729785769185,20.749318870368437,21.779727935791016,1324518200,0.0,1.765,Tech,"2000–2008
(Dot-com → GFC)",73.02338499266911
865,2007-02-01,2007,4,MSFT,Microsoft Corp,21.76561000120309,21.836186177995323,19.613045358875866,19.88123321533203,1290850900,0.1,1.765,Tech,"2000–2008
(Dot-com → GFC)",66.65808459555967
866,2007-03-01,2007,4,MSFT,Microsoft Corp,19.702297921959573,20.219288167171907,18.838286771708976,19.73770904541016,1269506500,0.0,1.765,Tech,"2000–2008
(Dot-com → GFC)",66.17687469491922
867,2007-04-01,2007,4,MSFT,Microsoft Corp,19.75186991161523,21.77025779310573,19.518161926440293,21.203693389892575,958964900,0.0,1.765,Tech,"2000–2008
(Dot-com → GFC)",71.09204808441073
868,2007-05-01,2007,4,MSFT,Microsoft Corp,21.20370455237068,22.067716059819976,21.17537564189851,21.73485946655273,1327154700,0.1,1.765,Tech,"2000–2008
(Dot-com → GFC)",72.87294934384565
869,2007-06-01,2007,4,MSFT,Microsoft Corp,21.876303714272066,21.95445782156391,20.632928255953395,20.93844223022461,1181412800,0.0,1.765,Tech,"2000–2008
(Dot-com → GFC)",70.20271018224366
870,2007-07-01,2007,4,MSFT,Microsoft Corp,21.08054101881209,22.62232650925736,20.56898136193117,20.597400665283203,1295548000,0.0,1.765,Tech,"2000–2008
(Dot-com → GFC)",69.0592611194896
871,2007-08-01,2007,4,MSFT,Microsoft Corp,20.568988732440417,21.386063985375856,19.54586769689085,20.412677764892575,1228579500,0.1,1.765,Tech,"2000–2008
(Dot-com → GFC)",68.43991952293915
872,2007-09-01,2007,4,MSFT,Microsoft Corp,20.32023869827919,21.28277659281368,20.15625113341122,21.00470924377441,1117419500,0.0,1.765,Tech,"2000–2008
(Dot-com → GFC)",70.4248911781233
873,2007-10-01,2007,4,MSFT,Microsoft Corp,21.004710765555423,26.38066267745311,20.88350362094107,26.245195388793945,1772076700,0.0,1.765,Tech,"2000–2008
(Dot-com → GFC)",87.99526847781621
874,2007-11-01,2007,4,MSFT,Microsoft Corp,26.045559025622,26.737161130549165,23.30054490415682,23.95649528503418,1830846800,0.11,1.765,Tech,"2000–2008
(Dot-com → GFC)",80.32168186083346
875,2007-12-01,2007,4,MSFT,Microsoft Corp,23.9641661146428,26.267588327845257,23.341813907978672,25.46639633178711,1064817100,0.0,1.765,Tech,"2000–2008
(Dot-com → GFC)",85.38409980117349
876,2007-01-01,2007,5,C,"Citigroup, Inc",369.7502828296137,373.8689611760933,355.401383382384,366.2294921875,35993230,0.0,1.723,Non-Tech,"2000–2008
(Dot-com → GFC)",165.53226029263655
877,2007-02-01,2007,5,C,"Citigroup, Inc",366.2295084286855,368.6874327562116,329.227916980663,334.6087646484375,36396840,5.4,1.723,Non-Tech,"2000–2008
(Dot-com → GFC)",151.23999106446954
878,2007-03-01,2007,5,C,"Citigroup, Inc",333.7592524608437,352.2082563657145,322.35441368328725,344.4261474609375,49720280,0.0,1.723,Non-Tech,"2000–2008
(Dot-com → GFC)",155.6773550719515
879,2007-04-01,2007,5,C,"Citigroup, Inc",344.2248870287512,367.0345668491653,338.1870510791176,359.7220764160156,42166890,0.0,1.723,Non-Tech,"2000–2008
(Dot-com → GFC)",162.59097002438511
880,2007-05-01,2007,5,C,"Citigroup, Inc",360.9297058506602,372.6699843866948,352.7450463390278,365.5587463378906,52983340,5.4,1.723,Non-Tech,"2000–2008
(Dot-com → GFC)",165.22908952420784
881,2007-06-01,2007,5,C,"Citigroup, Inc",370.4503253355044,370.9924064248633,342.05837851060284,347.54705810546875,44881080,0.0,1.723,Non-Tech,"2000–2008
(Dot-com → GFC)",157.08797711135873
882,2007-07-01,2007,5,C,"Citigroup, Inc",347.61480736180687,358.93093119472496,315.0894452694741,315.56378173828125,67224520,0.0,1.723,Non-Tech,"2000–2008
(Dot-com → GFC)",142.63183924817952
883,2007-08-01,2007,5,C,"Citigroup, Inc",314.4118396749097,338.12824999521536,302.6213998229143,317.66436767578125,105746890,5.4,1.723,Non-Tech,"2000–2008
(Dot-com → GFC)",143.5812841880078
884,2007-09-01,2007,5,C,"Citigroup, Inc",321.9168773636592,335.9013370059922,307.31543934577184,319.92889404296875,61826420,0.0,1.723,Non-Tech,"2000–2008
(Dot-com → GFC)",144.60482864865136
885,2007-10-01,2007,5,C,"Citigroup, Inc",314.5818813244961,335.5585812953321,277.22142641010265,287.2299194335937,121282180,0.0,1.723,Non-Tech,"2000–2008
(Dot-com → GFC)",129.82520196154064
886,2007-11-01,2007,5,C,"Citigroup, Inc",264.74516915081085,280.3748595549896,202.91187879774307,228.2758636474609,262076700,5.4,1.723,Non-Tech,"2000–2008
(Dot-com → GFC)",103.17852736030318
887,2007-12-01,2007,5,C,"Citigroup, Inc",231.25619901276048,245.0760096700521,200.00536130833336,204.44992065429688,149544570,0.0,1.723,Non-Tech,"2000–2008
(Dot-com → GFC)",92.40942688807048
888,2007-01-01,2007,6,BAC,Bank of America Corp,36.07927558844132,36.60627540328705,34.69420774297185,35.52524948120117,307421400,0.0,1.65,Non-Tech,"2000–2008
(Dot-com → GFC)",146.0574714248096
889,2007-02-01,2007,6,BAC,Bank of America Corp,35.64685491311209,36.6265358923533,33.10644325835023,34.34286880493164,270187400,0.56,1.65,Non-Tech,"2000–2008
(Dot-com → GFC)",141.19626610297593
890,2007-03-01,2007,6,BAC,Bank of America Corp,34.32943301352034,35.627462368908326,33.038236845509786,34.85547637939453,380801500,0.0,1.65,Non-Tech,"2000–2008
(Dot-com → GFC)",143.30378588827324
891,2007-04-01,2007,6,BAC,Bank of America Corp,34.978434516841006,35.66160705581799,34.199618239382666,34.77348327636719,321763700,0.0,1.65,Non-Tech,"2000–2008
(Dot-com → GFC)",142.96668184319722
892,2007-05-01,2007,6,BAC,Bank of America Corp,34.84180124426385,35.45665760277772,34.47972061430377,34.643680572509766,320333400,0.56,1.65,Non-Tech,"2000–2008
(Dot-com → GFC)",142.43301480393967
893,2007-06-01,2007,6,BAC,Bank of America Corp,35.05449348559872,35.22026958952674,33.53488930012535,33.769737243652344,396038600,0.0,1.65,Non-Tech,"2000–2008
(Dot-com → GFC)",138.83990976891263
894,2007-07-01,2007,6,BAC,Bank of America Corp,33.9493234061969,34.67458815835483,32.39518352232073,32.75436019897461,524912600,0.0,1.65,Non-Tech,"2000–2008
(Dot-com → GFC)",134.6653182923094
895,2007-08-01,2007,6,BAC,Bank of America Corp,32.671477189478274,36.45667133177002,32.13270947834369,35.006141662597656,831819900,0.0,1.65,Non-Tech,"2000–2008
(Dot-com → GFC)",143.92322672591735
896,2007-09-01,2007,6,BAC,Bank of America Corp,34.96470025620583,35.86955616926053,33.56942739936234,34.72294616699219,430843600,0.64,1.65,Non-Tech,"2000–2008
(Dot-com → GFC)",142.75890505017745
897,2007-10-01,2007,6,BAC,Bank of America Corp,35.00264360622337,37.04516265835039,32.491462679199664,33.77153396606445,536301700,0.0,1.65,Non-Tech,"2000–2008
(Dot-com → GFC)",138.8472967608746
898,2007-11-01,2007,6,BAC,Bank of America Corp,32.70131282890186,32.876186159537696,29.189856029531583,32.26762771606445,770417600,0.0,1.65,Non-Tech,"2000–2008
(Dot-com → GFC)",132.66418060144542
899,2007-12-01,2007,6,BAC,Bank of America Corp,32.35155143355793,32.87617118653454,28.406411318110436,28.86108016967773,590402900,0.64,1.65,Non-Tech,"2000–2008
(Dot-com → GFC)",118.65860067787804
900,2007-01-01,2007,7,PG,Procter & Gamble Co,36.60688024612685,38.08908075232396,36.25643738885413,37.26755142211914,178068200,0.31,1.635,Non-Tech,"2000–2008
(Dot-com → GFC)",176.42436844698594
901,2007-02-01,2007,7,PG,Procter & Gamble Co,37.4634531499018,37.89061608747589,35.35649385950318,36.649532318115234,150219300,0.0,1.635,Non-Tech,"2000–2008
(Dot-com → GFC)",173.49866965671478
902,2007-03-01,2007,7,PG,Procter & Gamble Co,36.22238099681615,37.01321384866283,34.87738953788799,36.45905303955078,203281700,0.0,1.635,Non-Tech,"2000–2008
(Dot-com → GFC)",172.59694187636413
903,2007-04-01,2007,7,PG,Procter & Gamble Co,36.49367374268972,37.3768637964743,36.14155158471479,37.1748275756836,190693300,0.35,1.635,Non-Tech,"2000–2008
(Dot-com → GFC)",175.98541430529644
904,2007-05-01,2007,7,PG,Procter & Gamble Co,36.68938553763214,37.39751867781683,35.429839570387415,36.88673400878906,270602700,0.0,1.635,Non-Tech,"2000–2008
(Dot-com → GFC)",174.62158106019513
905,2007-06-01,2007,7,PG,Procter & Gamble Co,36.88674508293473,37.02024523376897,35.26732645527572,35.51691436767578,286935600,0.0,1.635,Non-Tech,"2000–2008
(Dot-com → GFC)",168.1368629650253
906,2007-07-01,2007,7,PG,Procter & Gamble Co,35.60979494662214,37.368517650825474,35.34279456388187,35.905818939208984,267293600,0.35,1.635,Non-Tech,"2000–2008
(Dot-com → GFC)",169.9779349110123
907,2007-08-01,2007,7,PG,Procter & Gamble Co,35.90897909880751,38.961708989111614,35.89730491131632,38.121185302734375,308712900,0.0,1.635,Non-Tech,"2000–2008
(Dot-com → GFC)",180.46546619893286
908,2007-09-01,2007,7,PG,Procter & Gamble Co,37.96358854098951,41.2848202206035,37.87603324995586,41.05717468261719,204381300,0.0,1.635,Non-Tech,"2000–2008
(Dot-com → GFC)",194.36442259254906
909,2007-10-01,2007,7,PG,Procter & Gamble Co,41.11555606020953,42.13702426877778,39.63296738309785,40.57855224609375,242760100,0.35,1.635,Non-Tech,"2000–2008
(Dot-com → GFC)",192.09862680329076
910,2007-11-01,2007,7,PG,Procter & Gamble Co,40.604111553427785,43.75999142604446,40.23455379425699,43.40803527832031,248924200,0.0,1.635,Non-Tech,"2000–2008
(Dot-com → GFC)",205.49338277579483
911,2007-12-01,2007,7,PG,Procter & Gamble Co,43.40804397158316,44.10022647338791,42.5398811229904,43.06781768798828,188244900,0.0,1.635,Non-Tech,"2000–2008
(Dot-com → GFC)",203.88279471142152
912,2007-01-01,2007,8,CSCO,"Cisco Systems, Inc",17.672268398250345,18.65692184637066,16.578210238951016,17.131675720214844,1263093600,0.0,1.496,Tech,"2000–2008
(Dot-com → GFC)",48.62100854874447
913,2007-02-01,2007,8,CSCO,"Cisco Systems, Inc",17.163845358717328,18.566814538055745,16.372262236338457,16.69404411315918,1071784100,0.0,1.496,Tech,"2000–2008
(Dot-com → GFC)",47.37897651081915
914,2007-03-01,2007,8,CSCO,"Cisco Systems, Inc",16.346527024093316,17.37622977476477,15.97325991506878,16.430191040039062,1044179400,0.0,1.496,Tech,"2000–2008
(Dot-com → GFC)",46.63014126940443
915,2007-04-01,2007,8,CSCO,"Cisco Systems, Inc",16.520294522617977,17.504948277509616,16.288610997349025,17.208908081054688,867375700,0.0,1.496,Tech,"2000–2008
(Dot-com → GFC)",48.840199907369296
916,2007-05-01,2007,8,CSCO,"Cisco Systems, Inc",17.292567465045668,18.328704804857843,16.301478187180635,17.324745178222656,1211839900,0.0,1.496,Tech,"2000–2008
(Dot-com → GFC)",49.16895446609701
917,2007-06-01,2007,8,CSCO,"Cisco Systems, Inc",17.34405046736911,18.277217540357785,16.629694027304645,17.92325782775879,1042210800,0.0,1.496,Tech,"2000–2008
(Dot-com → GFC)",50.86757923140765
918,2007-07-01,2007,8,CSCO,"Cisco Systems, Inc",18.03266472144626,19.55791081104874,17.73662462431815,18.60543632507324,1050946500,0.0,1.496,Tech,"2000–2008
(Dot-com → GFC)",52.803654084293065
919,2007-08-01,2007,8,CSCO,"Cisco Systems, Inc",18.515339612339517,20.89652729401202,18.39306208857766,20.54256629943848,1534845000,0.0,1.496,Tech,"2000–2008
(Dot-com → GFC)",58.30137739997
920,2007-09-01,2007,8,CSCO,"Cisco Systems, Inc",20.555436056841963,21.482168630564917,20.008406370008935,21.321277618408203,839149300,0.0,1.496,Tech,"2000–2008
(Dot-com → GFC)",60.511419798330095
921,2007-10-01,2007,8,CSCO,"Cisco Systems, Inc",21.244049689655917,21.623752603797097,19.364843711195952,21.27622985839844,934407500,0.0,1.496,Tech,"2000–2008
(Dot-com → GFC)",60.38357080326933
922,2007-11-01,2007,8,CSCO,"Cisco Systems, Inc",21.134641589498894,22.035632160044635,17.32474270883708,18.032663345336918,1561733200,0.0,1.496,Tech,"2000–2008
(Dot-com → GFC)",51.178080474387016
923,2007-12-01,2007,8,CSCO,"Cisco Systems, Inc",18.01979274088609,19.07523735148053,17.260386993262877,17.42127799987793,1094205200,0.0,1.496,Tech,"2000–2008
(Dot-com → GFC)",49.442922011571696
924,2007-01-01,2007,9,CVX,Chevron Corp,34.51752475437453,34.83533350518713,32.482620861544696,34.5697021484375,192732400,0.0,1.487,Non-Tech,"2000–2008
(Dot-com → GFC)",100.0
925,2007-02-01,2007,9,CVX,Chevron Corp,34.74520778632528,35.55632414816048,32.26442207492819,32.501590728759766,183737800,0.52,1.487,Non-Tech,"2000–2008
(Dot-com → GFC)",94.01756077967478
926,2007-03-01,2007,9,CVX,Chevron Corp,32.16202146016145,35.821575876122296,31.048866836984025,35.33427047729492,236539500,0.0,1.487,Non-Tech,"2000–2008
(Dot-com → GFC)",102.2116717279613
927,2007-04-01,2007,9,CVX,Chevron Corp,35.37728019891383,37.775576222146086,35.37728019891383,37.164058685302734,181481200,0.0,1.487,Non-Tech,"2000–2008
(Dot-com → GFC)",107.50471185931956
928,2007-05-01,2007,9,CVX,Chevron Corp,37.2500295194635,39.92064033567609,36.98726653891947,38.93170166015625,204363600,0.58,1.487,Non-Tech,"2000–2008
(Dot-com → GFC)",112.61798407457759
929,2007-06-01,2007,9,CVX,Chevron Corp,39.34336689702095,40.99390208461269,38.07298453546248,40.5367546081543,195062800,0.0,1.487,Non-Tech,"2000–2008
(Dot-com → GFC)",117.26093107222938
930,2007-07-01,2007,9,CVX,Chevron Corp,40.75808753732027,45.71450360749728,40.22876244033659,41.027565002441406,235495900,0.0,1.487,Non-Tech,"2000–2008
(Dot-com → GFC)",118.68070146012465
931,2007-08-01,2007,9,CVX,Chevron Corp,40.79179126795446,43.06789504610107,37.654332819635854,42.23059844970703,292087500,0.58,1.487,Non-Tech,"2000–2008
(Dot-com → GFC)",122.1607240593937
932,2007-09-01,2007,9,CVX,Chevron Corp,42.25354799874538,46.28069412650772,41.63324190464128,45.35023498535156,184632700,0.0,1.487,Non-Tech,"2000–2008
(Dot-com → GFC)",131.18491675347374
933,2007-10-01,2007,9,CVX,Chevron Corp,45.21452908468591,45.810602780053344,42.02576515718137,44.34706878662109,212337600,0.0,1.487,Non-Tech,"2000–2008
(Dot-com → GFC)",128.28305143099274
934,2007-11-01,2007,9,CVX,Chevron Corp,43.639538768343066,44.33253767607872,39.69962037582072,42.53461456298828,230790200,0.58,1.487,Non-Tech,"2000–2008
(Dot-com → GFC)",123.04015342785007
935,2007-12-01,2007,9,CVX,Chevron Corp,42.49378728706908,46.445562467491776,42.31815250374541,45.533241271972656,161828900,0.0,1.487,Non-Tech,"2000–2008
(Dot-com → GFC)",131.71430021716486
936,2007-01-01,2007,10,JNJ,Johnson & Johnson,37.69456142547133,38.88587831941294,37.56346225052211,38.07646942138672,175594400,0.0,1.412,Non-Tech,"2000–2008
(Dot-com → GFC)",159.6492409417233
937,2007-02-01,2007,10,JNJ,Johnson & Johnson,38.07646117188774,38.27596270933178,35.75083206703553,35.87053298950195,192375400,0.375,1.412,Non-Tech,"2000–2008
(Dot-com → GFC)",150.4000620586022
938,2007-03-01,2007,10,JNJ,Johnson & Johnson,35.74686560703123,36.07939564735111,34.32501777204505,34.548614501953125,318147400,0.0,1.412,Non-Tech,"2000–2008
(Dot-com → GFC)",144.85744515291128
939,2007-04-01,2007,10,JNJ,Johnson & Johnson,34.54860590932651,37.5241655213161,34.416741260050394,36.81897735595703,248968100,0.0,1.412,Non-Tech,"2000–2008
(Dot-com → GFC)",154.37675489491224
940,2007-05-01,2007,10,JNJ,Johnson & Johnson,36.996715923844704,37.23178161889727,35.3455390718107,36.27432632446289,280281700,0.415,1.412,Non-Tech,"2000–2008
(Dot-com → GFC)",152.09311029557009
941,2007-06-01,2007,10,JNJ,Johnson & Johnson,36.55793920888939,36.80031343707332,35.04599344746485,35.559593200683594,259962000,0.0,1.412,Non-Tech,"2000–2008
(Dot-com → GFC)",149.0963355834908
942,2007-07-01,2007,10,JNJ,Johnson & Johnson,35.74426566707023,36.86380012296039,34.46315202774473,34.913272857666016,290358700,0.0,1.412,Non-Tech,"2000–2008
(Dot-com → GFC)",146.38640596722252
943,2007-08-01,2007,10,JNJ,Johnson & Johnson,34.91905216662365,36.34443811720735,34.80363811832497,35.65771484375,331077300,0.415,1.412,Non-Tech,"2000–2008
(Dot-com → GFC)",149.50774572927256
944,2007-09-01,2007,10,JNJ,Johnson & Johnson,35.80461642824449,38.19817441760544,35.58965932635957,38.16912460327149,220556400,0.0,1.412,Non-Tech,"2000–2008
(Dot-com → GFC)",160.03773099035456
945,2007-10-01,2007,10,JNJ,Johnson & Johnson,38.14589534973185,38.80819043031197,36.92006526297797,37.86122131347656,232885800,0.0,1.412,Non-Tech,"2000–2008
(Dot-com → GFC)",158.74673612538396
946,2007-11-01,2007,10,JNJ,Johnson & Johnson,37.64625703420979,39.94105014215295,37.02462701492139,39.354278564453125,284874000,0.415,1.412,Non-Tech,"2000–2008
(Dot-com → GFC)",165.00691361618513
947,2007-12-01,2007,10,JNJ,Johnson & Johnson,39.528892669031045,40.04331614679642,38.90339871199715,38.99108123779297,197170400,0.0,1.412,Non-Tech,"2000–2008
(Dot-com → GFC)",163.4840786896678
948,2008-01-01,2008,1,XOM,Exxon Mobil Corp,49.105765956492,49.41349003099115,40.44771362789746,44.69850158691406,614692200,0.0,3.962,Non-Tech,"2000–2008
(Dot-com → GFC)",246.40964656055277
949,2008-02-01,2008,1,XOM,Exxon Mobil Corp,45.74163986358949,47.02991706121252,41.913321952860215,45.38175964355469,491055000,0.35,3.962,Non-Tech,"2000–2008
(Dot-com → GFC)",250.17624656433804
950,2008-03-01,2008,1,XOM,Exxon Mobil Corp,45.48333316929597,46.35811241043941,42.93756532060126,44.30473709106445,608218000,0.0,3.962,Non-Tech,"2000–2008
(Dot-com → GFC)",244.2389391138673
951,2008-04-01,2008,1,XOM,Exxon Mobil Corp,44.4199785620152,49.72627861669157,44.13711502159112,48.75197219848633,483071200,0.0,3.962,Non-Tech,"2000–2008
(Dot-com → GFC)",268.7552336670683
952,2008-05-01,2008,1,XOM,Exxon Mobil Corp,47.19623376453424,50.34963591457054,45.88668230604864,46.49431610107422,575856500,0.4,3.962,Non-Tech,"2000–2008
(Dot-com → GFC)",256.30944194546254
953,2008-06-01,2008,1,XOM,Exxon Mobil Corp,46.34950514827326,47.61755466340587,44.60265136981157,46.37055206298828,565696300,0.0,3.962,Non-Tech,"2000–2008
(Dot-com → GFC)",255.62716733224397
954,2008-07-01,2008,1,XOM,Exxon Mobil Corp,46.23377745473511,47.159818103502175,41.619342344502826,42.31913757324219,685444100,0.0,3.962,Non-Tech,"2000–2008
(Dot-com → GFC)",233.29291501849522
955,2008-08-01,2008,1,XOM,Exxon Mobil Corp,42.38223356066175,42.88208447334818,40.06186362733231,42.098106384277344,543017900,0.4,3.962,Non-Tech,"2000–2008
(Dot-com → GFC)",232.07443531071837
956,2008-09-01,2008,1,XOM,Exxon Mobil Corp,41.27129999811777,43.36553767482473,37.81792307031097,41.07033920288086,770778000,0.0,3.962,Non-Tech,"2000–2008
(Dot-com → GFC)",226.40865818344696
957,2008-10-01,2008,1,XOM,Exxon Mobil Corp,40.82179061259575,43.23333692226407,29.88520852491036,39.19822692871094,1384259200,0.0,3.962,Non-Tech,"2000–2008
(Dot-com → GFC)",216.08825576675977
958,2008-11-01,2008,1,XOM,Exxon Mobil Corp,38.84388828587935,42.85255753796562,35.71839835799638,42.38717269897461,1006470600,0.4,3.962,Non-Tech,"2000–2008
(Dot-com → GFC)",233.66797258620431
959,2008-12-01,2008,1,XOM,Exxon Mobil Corp,41.42883872438434,44.48720083161102,38.65769719766489,42.4607048034668,996412900,0.0,3.962,Non-Tech,"2000–2008
(Dot-com → GFC)",234.07333337539188
960,2008-01-01,2008,2,GE,General Electric Co,116.06046721030626,117.15537718436258,102.98411835915924,110.61720275878906,229955785,0.0,2.492,Non-Tech,"2000–2008
(Dot-com → GFC)",95.66378761171721
961,2008-02-01,2008,2,GE,General Electric Co,111.33675063320317,113.55785665929986,103.51596136013,103.67237854003906,176921665,1.485656,2.492,Non-Tech,"2000–2008
(Dot-com → GFC)",89.65777613706507
962,2008-03-01,2008,2,GE,General Electric Co,105.24759727687552,119.1375064776244,99.91261536400992,116.83303833007812,241537071,0.0,2.492,Non-Tech,"2000–2008
(Dot-com → GFC)",101.03935632156607
963,2008-04-01,2008,2,GE,General Electric Co,117.93791441975974,121.59980314704652,99.59693067730596,103.2272491455078,287595495,0.0,2.492,Non-Tech,"2000–2008
(Dot-com → GFC)",89.27282006516884
964,2008-05-01,2008,2,GE,General Electric Co,103.54289032248924,106.13146986753998,95.3667886982348,96.9767608642578,221149265,0.0,2.492,Non-Tech,"2000–2008
(Dot-com → GFC)",83.86728305560531
965,2008-06-01,2008,2,GE,General Electric Co,97.07150573655107,98.30265557023291,82.55023969066181,84.25491333007812,313312681,1.485656,2.492,Non-Tech,"2000–2008
(Dot-com → GFC)",72.86519576550961
966,2008-07-01,2008,2,GE,General Electric Co,84.32925291409501,95.4050500663594,81.71191585068415,90.2980499267578,309641397,0.0,2.492,Non-Tech,"2000–2008
(Dot-com → GFC)",78.09141123177827
967,2008-08-01,2008,2,GE,General Electric Co,90.74490215362913,97.0009673640334,88.60634536128521,89.69158935546875,181246543,0.0,2.492,Non-Tech,"2000–2008
(Dot-com → GFC)",77.56693299656936
968,2008-09-01,2008,2,GE,General Electric Co,91.0959821655862,93.45796506127176,70.73184343153335,81.39269256591797,447617659,1.485656,2.492,Non-Tech,"2000–2008
(Dot-com → GFC)",70.38989470517151
969,2008-10-01,2008,2,GE,General Electric Co,77.63386592032728,83.2946733641524,55.86403943440442,63.10986328125,771013226,0.0,2.492,Non-Tech,"2000–2008
(Dot-com → GFC)",54.578568310997326
970,2008-11-01,2008,2,GE,General Electric Co,63.9832367235094,68.05901687596138,40.69307876909979,55.54055404663086,522277954,0.0,2.492,Non-Tech,"2000–2008
(Dot-com → GFC)",48.03249073057793
971,2008-12-01,2008,2,GE,General Electric Co,52.92039495979628,62.43054052649684,49.65330396070531,52.40283966064453,440432485,1.485656,2.492,Non-Tech,"2000–2008
(Dot-com → GFC)",45.31893772868396
972,2008-01-01,2008,3,PG,Procter & Gamble Co,43.16753467805684,43.29658632633132,36.80298047198124,38.37505340576172,309211200,0.35,2.077,Non-Tech,"2000–2008
(Dot-com → GFC)",181.66727630011516
973,2008-02-01,2008,3,PG,Procter & Gamble Co,38.99907965712144,40.042590442964425,38.161912303738994,39.01676559448242,236305000,0.0,2.077,Non-Tech,"2000–2008
(Dot-com → GFC)",184.70513801357853
974,2008-03-01,2008,3,PG,Procter & Gamble Co,38.99909386507503,41.37500160573397,38.633567867300144,41.310150146484375,262104100,0.0,2.077,Non-Tech,"2000–2008
(Dot-com → GFC)",195.5620069452163
975,2008-04-01,2008,3,PG,Procter & Gamble Co,41.5106082310361,41.976353155055406,38.79275679902258,39.52970123291016,289968100,0.4,2.077,Non-Tech,"2000–2008
(Dot-com → GFC)",187.13337229810563
976,2008-05-01,2008,3,PG,Procter & Gamble Co,39.74427179816538,40.01109418470459,38.3923861822604,39.16320037841797,230381300,0.0,2.077,Non-Tech,"2000–2008
(Dot-com → GFC)",185.39835941634465
977,2008-06-01,2008,3,PG,Procter & Gamble Co,39.0861161579374,39.81542525106793,35.83684576044218,36.05623245239258,274931300,0.0,2.077,Non-Tech,"2000–2008
(Dot-com → GFC)",170.68999159455277
978,2008-07-01,2008,3,PG,Procter & Gamble Co,35.90206940820079,39.96958977338559,35.605603100516454,38.82522964477539,345793900,0.4,2.077,Non-Tech,"2000–2008
(Dot-com → GFC)",183.7984079582763
979,2008-08-01,2008,3,PG,Procter & Gamble Co,39.21723933906862,42.95817873429465,38.6146302794824,41.62766647338867,247580300,0.0,2.077,Non-Tech,"2000–2008
(Dot-com → GFC)",197.0651273625252
980,2008-09-01,2008,3,PG,Procter & Gamble Co,41.973721754492665,43.89490779881984,39.37833256408078,41.57994079589844,371102900,0.0,2.077,Non-Tech,"2000–2008
(Dot-com → GFC)",196.8391942870047
981,2008-10-01,2008,3,PG,Procter & Gamble Co,41.371112467904176,42.92238374864699,32.767544577197285,38.50723648071289,638072000,0.4,2.077,Non-Tech,"2000–2008
(Dot-com → GFC)",182.29303019667515
982,2008-11-01,2008,3,PG,Procter & Gamble Co,38.86152130750588,40.12247825912103,32.2865262528078,38.63935089111328,602297900,0.0,2.077,Non-Tech,"2000–2008
(Dot-com → GFC)",182.91845903565707
983,2008-12-01,2008,3,PG,Procter & Gamble Co,38.26707233063292,38.42919577517648,34.25602483835419,37.12020111083984,339897500,0.0,2.077,Non-Tech,"2000–2008
(Dot-com → GFC)",175.7268129431787
984,2008-01-01,2008,4,MSFT,Microsoft Corp,25.60231109839225,25.72391897478676,22.204407365324645,23.320348739624023,1950301600,0.0,2.059,Tech,"2000–2008
(Dot-com → GFC)",78.18880057626497
985,2008-02-01,2008,4,MSFT,Microsoft Corp,22.218712830853693,23.78532563839729,19.3287070567685,19.457469940185547,2324580800,0.11,2.059,Tech,"2000–2008
(Dot-com → GFC)",65.23728499337895
986,2008-03-01,2008,4,MSFT,Microsoft Corp,19.56178838835593,21.249387895005245,19.296082042164198,20.38045310974121,1452390200,0.0,2.059,Tech,"2000–2008
(Dot-com → GFC)",68.33187623579106
987,2008-04-01,2008,4,MSFT,Microsoft Corp,20.703616232015456,23.051892168408067,20.057301741543,20.48099708557129,1444720000,0.0,2.059,Tech,"2000–2008
(Dot-com → GFC)",68.66898152367062
988,2008-05-01,2008,4,MSFT,Microsoft Corp,20.46664076165712,21.92444057918312,20.071671049232428,20.337377548217773,1405170200,0.11,2.059,Tech,"2000–2008
(Dot-com → GFC)",68.18745187373408
989,2008-06-01,2008,4,MSFT,Microsoft Corp,20.35458145349877,21.313207232522643,19.540110485133805,19.828418731689453,1560439100,0.0,2.059,Tech,"2000–2008
(Dot-com → GFC)",66.48100743538618
990,2008-07-01,2008,4,MSFT,Microsoft Corp,19.6554369589133,20.116730227920065,17.92558582537554,18.538240432739254,1637501300,0.0,2.059,Tech,"2000–2008
(Dot-com → GFC)",62.155279083260844
991,2008-08-01,2008,4,MSFT,Microsoft Corp,18.682399358308555,20.54198997471313,18.069743242004925,19.669857025146484,1206949700,0.11,2.059,Tech,"2000–2008
(Dot-com → GFC)",65.94937946573857
992,2008-09-01,2008,4,MSFT,Microsoft Corp,20.02328444302916,20.08841269204305,17.005680632951023,19.314111709594727,1927538700,0.0,2.059,Tech,"2000–2008
(Dot-com → GFC)",64.75663145651367
993,2008-10-01,2008,4,MSFT,Microsoft Corp,19.08978375296276,19.878558122392818,14.943291878598028,16.15901756286621,3044579400,0.0,2.059,Tech,"2000–2008
(Dot-com → GFC)",54.178186434431474
994,2008-11-01,2008,4,MSFT,Microsoft Corp,16.267559031196225,17.121461389388486,12.663802884473435,14.632119178771973,1794911800,0.13,2.059,Tech,"2000–2008
(Dot-com → GFC)",49.0587795770497
995,2008-12-01,2008,4,MSFT,Microsoft Corp,14.483533521042176,15.481644885053305,13.456280959836828,14.162973403930664,1546943400,0.0,2.059,Tech,"2000–2008
(Dot-com → GFC)",47.48582087733963
996,2008-01-01,2008,5,JNJ,Johnson & Johnson,38.90924576157753,40.24792081693722,36.0799096151881,36.910003662109375,339978400,0.0,1.902,Non-Tech,"2000–2008
(Dot-com → GFC)",154.7584152984051
997,2008-02-01,2008,5,JNJ,Johnson & Johnson,37.03276477834535,37.45365880342276,35.8694636801063,36.22020721435547,218925600,0.415,1.902,Non-Tech,"2000–2008
(Dot-com → GFC)",151.86619653543457
998,2008-03-01,2008,5,JNJ,Johnson & Johnson,36.4839940907772,38.72599293615801,35.99557825368795,38.1728515625,274621800,0.0,1.902,Non-Tech,"2000–2008
(Dot-com → GFC)",160.05335760229872
999,2008-04-01,2008,5,JNJ,Johnson & Johnson,38.32586028478362,39.86171968834416,37.96102307857095,39.479225158691406,221952400,0.0,1.902,Non-Tech,"2000–2008
(Dot-com → GFC)",165.5307969812009
1000,2008-05-01,2008,5,JNJ,Johnson & Johnson,39.50275780919833,40.20301671220063,37.9786701844637,39.27326202392578,219962000,0.46,1.902,Non-Tech,"2000–2008
(Dot-com → GFC)",164.6672227415987
1001,2008-06-01,2008,5,JNJ,Johnson & Johnson,39.43744715524834,39.76337374293326,37.39297883103061,38.12779998779297,228287700,0.0,1.902,Non-Tech,"2000–2008
(Dot-com → GFC)",159.86446273324958
1002,2008-07-01,2008,5,JNJ,Johnson & Johnson,37.77816688952031,41.03745971920441,37.77224189721448,40.575233459472656,308621600,0.0,1.902,Non-Tech,"2000–2008
(Dot-com → GFC)",170.1262044846937
1003,2008-08-01,2008,5,JNJ,Johnson & Johnson,40.593020360614815,42.60785731194509,40.25523920415432,41.73673629760742,224063800,0.46,1.902,Non-Tech,"2000–2008
(Dot-com → GFC)",174.99622130289475
1004,2008-09-01,2008,5,JNJ,Johnson & Johnson,42.40149578648569,43.39756763160368,39.90238119204283,41.32192611694336,367504200,0.0,1.902,Non-Tech,"2000–2008
(Dot-com → GFC)",173.25698099295363
1005,2008-10-01,2008,5,JNJ,Johnson & Johnson,41.19665051067822,41.19665051067822,31.051074151396172,36.58610916137695,640425500,0.0,1.902,Non-Tech,"2000–2008
(Dot-com → GFC)",153.4003715518889
1006,2008-11-01,2008,5,JNJ,Johnson & Johnson,36.67557378004324,37.58217237341621,32.50043945816198,34.939910888671875,375653400,0.46,1.902,Non-Tech,"2000–2008
(Dot-com → GFC)",146.49809545668654
1007,2008-12-01,2008,5,JNJ,Johnson & Johnson,34.67700586000207,36.23464461661624,33.047199158969335,35.9820556640625,315194900,0.0,1.902,Non-Tech,"2000–2008
(Dot-com → GFC)",150.86766083054562
1008,2008-01-01,2008,6,JPM,JPMorgan Chase & Co,27.24485805337425,30.83580027371017,23.560077338869142,29.653417587280277,894659000,0.38,1.69,Non-Tech,"2000–2008
(Dot-com → GFC)",126.85989243095054
1009,2008-02-01,2008,6,JPM,JPMorgan Chase & Co,29.82548873001057,30.734265245302595,25.483565585023367,25.653961181640625,630381200,0.0,1.69,Non-Tech,"2000–2008
(Dot-com → GFC)",109.7498710343154
1010,2008-03-01,2008,6,JPM,JPMorgan Chase & Co,25.590848652790623,30.393472019776123,22.72568272187227,27.1054744720459,1076808500,0.0,1.69,Non-Tech,"2000–2008
(Dot-com → GFC)",115.95957078784039
1011,2008-04-01,2008,6,JPM,JPMorgan Chase & Co,28.481249802864586,30.696386887668503,25.982117759390945,30.071605682373047,707297700,0.38,1.69,Non-Tech,"2000–2008
(Dot-com → GFC)",128.64893737334967
1012,2008-05-01,2008,6,JPM,JPMorgan Chase & Co,30.335820024060816,31.78008019395388,26.658366131741783,27.358226776123047,563598400,0.0,1.69,Non-Tech,"2000–2008
(Dot-com → GFC)",117.04086706718243
1013,2008-06-01,2008,6,JPM,JPMorgan Chase & Co,27.122821849887988,27.2118947658952,21.60663809786844,21.829322814941406,939120600,0.0,1.69,Non-Tech,"2000–2008
(Dot-com → GFC)",93.38773637113003
1014,2008-07-01,2008,6,JPM,JPMorgan Chase & Co,21.434840541234557,27.358212551020284,18.603584389070587,25.850330352783203,1268229800,0.38,1.69,Non-Tech,"2000–2008
(Dot-com → GFC)",110.58995538056587
1015,2008-08-01,2008,6,JPM,JPMorgan Chase & Co,26.44866501182305,27.568115752199343,22.51771495183858,24.76305389404297,750472600,0.0,1.69,Non-Tech,"2000–2008
(Dot-com → GFC)",105.93849238502716
1016,2008-09-01,2008,6,JPM,JPMorgan Chase & Co,25.451453228604024,31.52480194410693,21.900087490596285,30.045066833496094,1386597500,0.0,1.69,Non-Tech,"2000–2008
(Dot-com → GFC)",128.53540187600396
1017,2008-10-01,2008,6,JPM,JPMorgan Chase & Co,30.18017255317924,32.573484834229085,20.922174982674186,26.53873634338379,1587863300,0.38,1.69,Non-Tech,"2000–2008
(Dot-com → GFC)",113.53501591732748
1018,2008-11-01,2008,6,JPM,JPMorgan Chase & Co,26.74350951728416,27.5539188965958,12.765568889161212,20.52604866027832,1436151000,0.0,1.69,Non-Tech,"2000–2008
(Dot-com → GFC)",87.81221649784851
1019,2008-12-01,2008,6,JPM,JPMorgan Chase & Co,19.884199121244663,24.441940664381868,15.955335875216424,20.441761016845703,1154247300,0.0,1.69,Non-Tech,"2000–2008
(Dot-com → GFC)",87.45162664854537
1020,2008-01-01,2008,7,CVX,Chevron Corp,45.84058296695238,46.45042470031783,37.27352748773174,40.61545944213867,280771300,0.0,1.665,Non-Tech,"2000–2008
(Dot-com → GFC)",117.48860105227847
1021,2008-02-01,2008,7,CVX,Chevron Corp,41.32775460673377,43.56221563633983,37.32719427955231,42.279109954833984,264047100,0.58,1.665,Non-Tech,"2000–2008
(Dot-com → GFC)",122.30105360264129
1022,2008-03-01,2008,7,CVX,Chevron Corp,42.445975898396526,43.73341022313834,39.7384382568831,41.94476318359375,256239300,0.0,1.665,Non-Tech,"2000–2008
(Dot-com → GFC)",121.33388654460707
1023,2008-04-01,2008,7,CVX,Chevron Corp,41.80720997364962,47.802130320570384,41.556601535267866,47.246864318847656,236055600,0.0,1.665,Non-Tech,"2000–2008
(Dot-com → GFC)",136.6713086389237
1024,2008-05-01,2008,7,CVX,Chevron Corp,46.612943606400464,51.41379011312376,45.91026046120322,48.72099304199219,278381200,0.65,1.665,Non-Tech,"2000–2008
(Dot-com → GFC)",140.93553028831724
1025,2008-06-01,2008,7,CVX,Chevron Corp,48.88398196209645,50.53125731066692,47.25649414681018,49.037330627441406,272784700,0.0,1.665,Non-Tech,"2000–2008
(Dot-com → GFC)",141.85060205865216
1026,2008-07-01,2008,7,CVX,Chevron Corp,48.60699139043869,49.46772881507632,40.29641143987058,41.82991027832031,350454500,0.0,1.665,Non-Tech,"2000–2008
(Dot-com → GFC)",121.00165080598174
1027,2008-08-01,2008,7,CVX,Chevron Corp,41.54299200939669,44.07573680267144,39.99464999179283,42.70053482055664,265905400,0.65,1.665,Non-Tech,"2000–2008
(Dot-com → GFC)",123.52011202528293
1028,2008-09-01,2008,7,CVX,Chevron Corp,42.11142340920803,44.73310861092023,38.627475402187386,41.10960388183594,359297300,0.0,1.665,Non-Tech,"2000–2008
(Dot-com → GFC)",118.91801585479969
1029,2008-10-01,2008,7,CVX,Chevron Corp,40.626129354543465,41.717664260527975,27.662251503916305,37.18205261230469,559132000,0.0,1.665,Non-Tech,"2000–2008
(Dot-com → GFC)",107.55676300782146
1030,2008-11-01,2008,7,CVX,Chevron Corp,36.60389140261864,39.87351872088825,32.03338642923417,39.38008499145508,404340000,0.65,1.665,Non-Tech,"2000–2008
(Dot-com → GFC)",113.91502542417768
1031,2008-12-01,2008,7,CVX,Chevron Corp,38.45924400612414,41.18406795504197,34.296597033269386,37.18732452392578,392060500,0.0,1.665,Non-Tech,"2000–2008
(Dot-com → GFC)",107.57201310051379
1032,2008-01-01,2008,8,T,"AT&T, Inc",8.372865490349481,8.459599169715846,6.720883165581219,7.763709545135498,1029715844,0.4,1.617,Non-Tech,"2000–2008
(Dot-com → GFC)",118.58128626306818
1033,2008-02-01,2008,8,T,"AT&T, Inc",7.88262295176208,7.931659434295257,6.732307573569839,7.116426944732666,942909638,0.0,1.617,Non-Tech,"2000–2008
(Dot-com → GFC)",108.69482633238155
1034,2008-03-01,2008,8,T,"AT&T, Inc",7.100083831293314,7.915316594212666,6.997924329434157,7.825416088104248,684986494,0.0,1.617,Non-Tech,"2000–2008
(Dot-com → GFC)",119.52377917751092
1035,2008-04-01,2008,8,T,"AT&T, Inc",7.907143588103024,8.093073840248989,7.563888095199276,7.909186840057373,615730570,0.4,1.617,Non-Tech,"2000–2008
(Dot-com → GFC)",120.80327623495172
1036,2008-05-01,2008,8,T,"AT&T, Inc",8.138177211453899,8.430231953631166,7.933117532249057,8.264527320861816,569724613,0.0,1.617,Non-Tech,"2000–2008
(Dot-com → GFC)",126.23067289761147
1037,2008-06-01,2008,8,T,"AT&T, Inc",8.216887974012725,8.266599367895077,6.758685517574732,6.978244304656982,803862100,0.0,1.617,Non-Tech,"2000–2008
(Dot-com → GFC)",106.58425340276081
1038,2008-07-01,2008,8,T,"AT&T, Inc",6.920247564913161,6.957531241890763,6.323710302493891,6.381707191467285,825492683,0.4,1.617,Non-Tech,"2000–2008
(Dot-com → GFC)",97.47286949865608
1039,2008-08-01,2008,8,T,"AT&T, Inc",6.528936127961421,6.90791380223561,6.257335966504029,6.7352681159973145,665738843,0.0,1.617,Non-Tech,"2000–2008
(Dot-com → GFC)",102.8730855885792
1040,2008-09-01,2008,8,T,"AT&T, Inc",6.8489638838096285,6.979500274603787,5.792038196805797,5.878360271453857,937305011,0.0,1.617,Non-Tech,"2000–2008
(Dot-com → GFC)",89.7848532398376
1041,2008-10-01,2008,8,T,"AT&T, Inc",5.926783401264539,6.183645631760105,4.400346877654315,5.636233806610107,1433354191,0.4,1.617,Non-Tech,"2000–2008
(Dot-com → GFC)",86.08666393064438
1042,2008-11-01,2008,8,T,"AT&T, Inc",5.776133627605303,6.429629826623474,5.013004730067095,6.139426231384277,939657235,0.0,1.617,Non-Tech,"2000–2008
(Dot-com → GFC)",93.77232046128316
1043,2008-12-01,2008,8,T,"AT&T, Inc",6.019045686143622,6.588705955574915,5.711644797143944,6.126529216766357,971309437,0.0,1.617,Non-Tech,"2000–2008
(Dot-com → GFC)",93.57533414005934
1044,2008-01-01,2008,9,BAC,Bank of America Corp,29.471823200931304,31.57948882712795,23.50365474660549,31.331111907958984,1200792800,0.0,1.569,Non-Tech,"2000–2008
(Dot-com → GFC)",128.81381690579767
1045,2008-02-01,2008,9,BAC,Bank of America Corp,31.30982301817084,31.99109050678402,28.05962059778745,28.20155143737793,786919400,0.0,1.569,Non-Tech,"2000–2008
(Dot-com → GFC)",115.94703354243278
1046,2008-03-01,2008,9,BAC,Bank of America Corp,28.201548845308903,30.84145030778776,24.305561327522703,26.90288543701172,1054992300,0.64,1.569,Non-Tech,"2000–2008
(Dot-com → GFC)",110.60773614103853
1047,2008-04-01,2008,9,BAC,Bank of America Corp,28.32842562972157,29.944720170521236,25.44940467763588,27.087345123291016,808565100,0.0,1.569,Non-Tech,"2000–2008
(Dot-com → GFC)",111.36611829883378
1048,2008-05-01,2008,9,BAC,Bank of America Corp,27.17393493146728,29.33139938672053,23.99185714636627,24.54024124145508,795643500,0.0,1.569,Non-Tech,"2000–2008
(Dot-com → GFC)",100.89402991465124
1049,2008-06-01,2008,9,BAC,Bank of America Corp,24.417575319524047,24.48973017362214,16.191796712170202,17.2236270904541,1417669000,0.64,1.569,Non-Tech,"2000–2008
(Dot-com → GFC)",70.81271654198439
1050,2008-07-01,2008,9,BAC,Bank of America Corp,17.149039289570155,25.38146156350636,13.566207674962902,24.2043514251709,2644243500,0.0,1.569,Non-Tech,"2000–2008
(Dot-com → GFC)",99.51306235044675
1051,2008-08-01,2008,9,BAC,Bank of America Corp,24.42506260831047,25.16075724828095,20.393454914820342,22.90953063964844,1256310000,0.0,1.569,Non-Tech,"2000–2008
(Dot-com → GFC)",94.18957405286923
1052,2008-09-01,2008,9,BAC,Bank of America Corp,24.079295041229383,29.059950120108468,18.392373493739537,25.74932289123535,2328965200,0.64,1.569,Non-Tech,"2000–2008
(Dot-com → GFC)",105.86501283783922
1053,2008-10-01,2008,9,BAC,Bank of America Corp,25.94179272289295,28.890917808741307,14.250351235724445,18.13749313354492,2885754700,0.0,1.569,Non-Tech,"2000–2008
(Dot-com → GFC)",74.56995865637045
1054,2008-11-01,2008,9,BAC,Bank of America Corp,17.987407175513866,18.47517698968217,7.51163767633362,12.19421672821045,2438921300,0.0,1.569,Non-Tech,"2000–2008
(Dot-com → GFC)",50.134945914201424
1055,2008-12-01,2008,9,BAC,Bank of America Corp,11.698941940370352,13.507437643720008,9.500231028245771,10.565817832946776,2275215800,0.32,1.569,Non-Tech,"2000–2008
(Dot-com → GFC)",43.43999433507112
1056,2008-01-01,2008,10,IBM,International Business Machines Corp,57.03945957558464,57.03945957558464,50.78547982707148,56.055572509765625,258909998,0.0,1.557,Tech,"2000–2008
(Dot-com → GFC)",101.97164458046863
1057,2008-02-01,2008,10,IBM,International Business Machines Corp,56.08173502892969,61.037818702679246,52.64858839916314,59.58815383911133,176021717,0.382409,1.557,Tech,"2000–2008
(Dot-com → GFC)",108.39782331060084
1058,2008-03-01,2008,10,IBM,International Business Machines Corp,59.815982514450575,62.93128669012343,58.733764644939,60.488426208496094,187531272,0.0,1.557,Tech,"2000–2008
(Dot-com → GFC)",110.03552407729137
1059,2008-04-01,2008,10,IBM,International Business Machines Corp,60.51997750249688,65.66837913067353,59.8160145979195,63.40938568115234,200923212,0.0,1.557,Tech,"2000–2008
(Dot-com → GFC)",115.34909109380459
1060,2008-05-01,2008,10,IBM,International Business Machines Corp,63.59849604729532,68.28984387606734,63.45139973182024,67.99565124511719,166855304,0.478011,1.557,Tech,"2000–2008
(Dot-com → GFC)",123.69204472180995
1061,2008-06-01,2008,10,IBM,International Business Machines Corp,67.7777254737699,68.24192077517958,62.32343594418923,62.52388381958008,159334564,0.0,1.557,Tech,"2000–2008
(Dot-com → GFC)",113.73825960889096
1062,2008-07-01,2008,10,IBM,International Business Machines Corp,61.980552686695766,69.06479685566676,61.50580825710701,67.5086898803711,210116820,0.0,1.557,Tech,"2000–2008
(Dot-com → GFC)",122.80620502760902
1063,2008-08-01,2008,10,IBM,International Business Machines Corp,67.79356523267589,68.5584303745398,64.0905556146483,64.21187591552734,143332124,0.478011,1.557,Tech,"2000–2008
(Dot-com → GFC)",116.80891471695516
1064,2008-09-01,2008,10,IBM,International Business Machines Corp,65.0656635158446,65.66405428917615,58.22389386488904,61.936031341552734,228458639,0.0,1.557,Tech,"2000–2008
(Dot-com → GFC)",112.66888717594134
1065,2008-10-01,2008,10,IBM,International Business Machines Corp,61.16816815141779,61.85128972416175,41.73902898458909,49.23214340209961,329460712,0.0,1.557,Tech,"2000–2008
(Dot-com → GFC)",89.55902873097881
1066,2008-11-01,2008,10,IBM,International Business Machines Corp,49.05740650891418,50.18005172609975,36.8036473095403,43.21118927001953,228355399,0.478011,1.557,Tech,"2000–2008
(Dot-com → GFC)",78.60620874711704
1067,2008-12-01,2008,10,IBM,International Business Machines Corp,43.10661769024472,46.47207322524348,40.10326272438419,44.81597137451172,197533020,0.0,1.557,Tech,"2000–2008
(Dot-com → GFC)",81.52549514562568
1068,2009-01-01,2009,1,XOM,Exxon Mobil Corp,42.58305059379244,44.0031979265876,39.36512317661811,40.67889022827149,844182900,0.0,3.532,Non-Tech,"2009–2016
(Recovery)",224.2507155219367
1069,2009-02-01,2009,1,XOM,Exxon Mobil Corp,40.45548141344857,42.817070185596535,36.11526870727539,36.11526870727539,771508100,0.4,3.532,Non-Tech,"2009–2016
(Recovery)",199.09281702195665
1070,2009-03-01,2009,1,XOM,Exxon Mobil Corp,35.81615679492826,38.2163727277292,33.06846986857775,36.40418243408203,933460300,0.0,3.532,Non-Tech,"2009–2016
(Recovery)",200.68551312543764
1071,2009-04-01,2009,1,XOM,Exxon Mobil Corp,35.83753980305355,38.03462077639127,34.47973278236599,35.639747619628906,632859600,0.0,3.532,Non-Tech,"2009–2016
(Recovery)",196.47140961501657
1072,2009-05-01,2009,1,XOM,Exxon Mobil Corp,35.88565034004852,38.16291763281372,35.06775962857894,37.07239532470703,530458500,0.42,3.532,Non-Tech,"2009–2016
(Recovery)",204.36917356953438
1073,2009-06-01,2009,1,XOM,Exxon Mobil Corp,37.89054147620939,40.24055243947954,36.61067508654646,37.59477615356445,596987800,0.0,3.532,Non-Tech,"2009–2016
(Recovery)",207.24890489919602
1074,2009-07-01,2009,1,XOM,Exxon Mobil Corp,38.00347350438867,39.14352544009631,34.6639865681524,37.85290145874024,560318900,0.0,3.532,Non-Tech,"2009–2016
(Recovery)",208.67187352137734
1075,2009-08-01,2009,1,XOM,Exxon Mobil Corp,38.15942067991428,38.65953727145207,35.54052995391614,37.18607711791992,437664700,0.42,3.532,Non-Tech,"2009–2016
(Recovery)",204.99586774252563
1076,2009-09-01,2009,1,XOM,Exxon Mobil Corp,37.29417814372994,38.45742403899216,36.69903032898921,37.12104415893555,419180700,0.0,3.532,Non-Tech,"2009–2016
(Recovery)",204.637360234014
1077,2009-10-01,2009,1,XOM,Exxon Mobil Corp,37.00201366019004,40.57831626380014,35.76843350622488,38.77663803100586,501283200,0.0,3.532,Non-Tech,"2009–2016
(Recovery)",213.76416060497087
1078,2009-11-01,2009,1,XOM,Exxon Mobil Corp,38.98224369919211,41.41153146492033,38.4357877971298,40.61619567871094,356438100,0.42,3.532,Non-Tech,"2009–2016
(Recovery)",223.905098974401
1079,2009-12-01,2009,1,XOM,Exxon Mobil Corp,41.3586918481058,41.52195150298925,36.80923541266492,37.108543395996094,648945000,0.0,3.532,Non-Tech,"2009–2016
(Recovery)",204.56844721750812
1080,2009-01-01,2009,2,MSFT,Microsoft Corp,14.228545994143277,15.299511283751563,12.203181619182796,12.458173751831056,1564043400,0.0,2.15,Tech,"2009–2016
(Recovery)",41.76994409055659
1081,2009-02-01,2009,2,MSFT,Microsoft Corp,12.407177402179231,14.519967084071167,11.729627296180404,11.766054153442385,1456213400,0.13,2.15,Tech,"2009–2016
(Recovery)",39.44939554912818
1082,2009-03-01,2009,2,MSFT,Microsoft Corp,11.70735530804135,13.84930187107194,10.90779271144581,13.47519588470459,1625752800,0.0,2.15,Tech,"2009–2016
(Recovery)",45.1798305213621
1083,2009-04-01,2009,2,MSFT,Microsoft Corp,13.372498402451296,15.55112361234852,13.33582178508952,14.861592292785645,1562400700,0.0,2.15,Tech,"2009–2016
(Recovery)",49.82816033329643
1084,2009-05-01,2009,2,MSFT,Microsoft Corp,14.810241399732975,15.36039894089117,13.94465997778441,15.323720932006836,1101122400,0.13,2.15,Tech,"2009–2016
(Recovery)",51.377591879800356
1085,2009-06-01,2009,2,MSFT,Microsoft Corp,15.502242037321125,17.967836835897643,15.39889420763506,17.547061920166016,1411144700,0.0,2.15,Tech,"2009–2016
(Recovery)",58.83204151420221
1086,2009-07-01,2009,2,MSFT,Microsoft Corp,17.75376072498338,18.986558342687196,16.240446916428777,17.36251449584961,1517459800,0.0,2.15,Tech,"2009–2016
(Recovery)",58.21328825635657
1087,2009-08-01,2009,2,MSFT,Microsoft Corp,17.58397795929248,18.81677581444737,17.000798894403754,18.196685791015625,993250400,0.13,2.15,Tech,"2009–2016
(Recovery)",61.01010976929385
1088,2009-09-01,2009,2,MSFT,Microsoft Corp,18.076297912488748,19.48676849154897,17.638309478833175,19.093320846557617,1038979700,0.0,2.15,Tech,"2009–2016
(Recovery)",64.01636067618279
1089,2009-10-01,2009,2,MSFT,Microsoft Corp,18.863192160402445,21.78806377127679,18.135686462121495,20.585451126098636,1523430100,0.0,2.15,Tech,"2009–2016
(Recovery)",69.0191965326898
1090,2009-11-01,2009,2,MSFT,Microsoft Corp,20.56318219382334,22.374522805077937,20.34789910724874,21.83260536193848,1018256700,0.13,2.15,Tech,"2009–2016
(Recovery)",73.20067318737803
1091,2009-12-01,2009,2,MSFT,Microsoft Corp,22.011118757263628,23.48747391944756,21.80979721091559,22.726926803588867,920605500,0.0,2.15,Tech,"2009–2016
(Recovery)",76.19916697634386
1092,2009-01-01,2009,3,GE,General Electric Co,54.43264075039957,56.83941586170389,39.13479430012755,39.992000579833984,468562391,0.0,1.869,Non-Tech,"2009–2016
(Recovery)",34.58581625842941
1093,2009-02-01,2009,3,GE,General Electric Co,39.66230751327547,42.530652384342815,27.69437847987312,28.057043075561523,705891436,1.485656,1.869,Non-Tech,"2009–2016
(Recovery)",24.264245911606714
1094,2009-03-01,2009,3,GE,General Electric Co,28.134829458709845,38.51994256192629,19.9217671083041,34.31159591674805,1245900305,0.0,1.869,Non-Tech,"2009–2016
(Recovery)",29.673298027218898
1095,2009-04-01,2009,3,GE,General Electric Co,33.632839978497955,43.474944746555074,33.259518725896775,42.93193054199219,561318929,0.0,1.869,Non-Tech,"2009–2016
(Recovery)",37.12832165975028
1096,2009-05-01,2009,3,GE,General Electric Co,43.23736801332278,49.380197214209694,41.47257621414937,45.748802185058594,418679043,0.0,1.869,Non-Tech,"2009–2016
(Recovery)",39.56440396766565
1097,2009-06-01,2009,3,GE,General Electric Co,46.90270803586641,47.47965757209624,38.18056998420596,39.77566909790039,382274018,0.479244,1.869,Non-Tech,"2009–2016
(Recovery)",34.3987288215273
1098,2009-07-01,2009,3,GE,General Electric Co,40.23990270271247,46.022678767058224,35.928484361445975,45.85158920288086,439779208,0.0,1.869,Non-Tech,"2009–2016
(Recovery)",39.65329606760089
1099,2009-08-01,2009,3,GE,General Electric Co,46.70701595094958,50.9157807798952,45.03035458016702,47.56245803833008,365106871,0.0,1.869,Non-Tech,"2009–2016
(Recovery)",41.13288684393623
1100,2009-09-01,2009,3,GE,General Electric Co,47.01499813844676,59.949252508893984,44.58554554862777,56.1853141784668,555256582,0.479244,1.869,Non-Tech,"2009–2016
(Recovery)",48.59009112883565
1101,2009-10-01,2009,3,GE,General Electric Co,56.13912365257704,58.06664471861914,48.70438701600372,49.0830078125,445766804,0.0,1.869,Non-Tech,"2009–2016
(Recovery)",42.44788620227679
1102,2009-11-01,2009,3,GE,General Electric Co,49.220705080753966,55.93261965901845,48.704404802357736,55.140960693359375,321009013,0.0,1.869,Non-Tech,"2009–2016
(Recovery)",47.68691506309542
1103,2009-12-01,2009,3,GE,General Electric Co,56.00145655067988,56.758698382616736,52.07756805419922,52.07756805419922,277409529,0.479244,1.869,Non-Tech,"2009–2016
(Recovery)",45.03763687222532
1104,2009-01-01,2009,4,JPM,JPMorgan Chase & Co,20.22133144902888,20.513078029816832,11.475395189065104,16.53883171081543,1571005200,0.38,1.846,Non-Tech,"2009–2016
(Recovery)",70.75455655632818
1105,2009-02-01,2009,4,JPM,JPMorgan Chase & Co,16.4059045669605,18.35492557891378,12.304428425220374,14.994997024536133,1715266600,0.0,1.846,Non-Tech,"2009–2016
(Recovery)",64.14989786374728
1106,2009-03-01,2009,4,JPM,JPMorgan Chase & Co,14.240323264529945,19.42458798352784,9.817291663161017,17.4427547454834,2805950700,0.0,1.846,Non-Tech,"2009–2016
(Recovery)",74.62161770050554
1107,2009-04-01,2009,4,JPM,JPMorgan Chase & Co,16.596216672538006,23.10607958448104,16.596216672538006,21.655797958374023,2113301200,0.05,1.846,Non-Tech,"2009–2016
(Recovery)",92.64538198403649
1108,2009-05-01,2009,4,JPM,JPMorgan Chase & Co,21.59574472571145,25.599339696299975,21.076396886562584,24.258235931396484,1541580000,0.0,1.846,Non-Tech,"2009–2016
(Recovery)",103.77883735538177
1109,2009-06-01,2009,4,JPM,JPMorgan Chase & Co,24.586923637347336,24.80386576829997,21.15527213563603,22.42406272888184,1418979800,0.0,1.846,Non-Tech,"2009–2016
(Recovery)",95.93208530780166
1110,2009-07-01,2009,4,JPM,JPMorgan Chase & Co,22.529249803939557,25.947753293991276,20.76740575540056,25.40868186950684,1083420300,0.05,1.846,Non-Tech,"2009–2016
(Recovery)",108.70054486267789
1111,2009-08-01,2009,4,JPM,JPMorgan Chase & Co,25.755417380065897,29.12627145281039,25.66983114255419,28.612741470336918,851531100,0.0,1.846,Non-Tech,"2009–2016
(Recovery)",122.40778973950484
1112,2009-09-01,2009,4,JPM,JPMorgan Chase & Co,28.362560383374568,30.61418295660804,26.828558182403818,28.84975242614746,710240100,0.0,1.846,Non-Tech,"2009–2016
(Recovery)",123.4217431656347
1113,2009-10-01,2009,4,JPM,JPMorgan Chase & Co,28.573242360220814,31.252806498413136,26.68371975263084,27.500099182128903,857048300,0.05,1.846,Non-Tech,"2009–2016
(Recovery)",117.64780952539483
1114,2009-11-01,2009,4,JPM,JPMorgan Chase & Co,27.803639758879413,29.65589830178305,26.86103157840208,28.00798225402832,644655200,0.0,1.846,Non-Tech,"2009–2016
(Recovery)",119.82057735827688
1115,2009-12-01,2009,4,JPM,JPMorgan Chase & Co,28.087066909151417,28.40346632398453,26.39301029448217,27.467449188232425,755880700,0.0,1.846,Non-Tech,"2009–2016
(Recovery)",117.50813001960476
1116,2009-01-01,2009,5,PG,Procter & Gamble Co,37.042144484847086,37.81073002680205,32.56874734573648,32.7248649597168,327416000,0.4,1.811,Non-Tech,"2009–2016
(Recovery)",154.9193175488383
1117,2009-02-01,2009,5,PG,Procter & Gamble Co,32.65205421891121,32.93020079385289,28.878926938700197,29.126840591430664,316690500,0.0,1.811,Non-Tech,"2009–2016
(Recovery)",137.88629142802398
1118,2009-03-01,2009,5,PG,Procter & Gamble Co,28.61286819642559,29.646849150262668,26.563045577077958,28.47379493713379,353929500,0.0,1.811,Non-Tech,"2009–2016
(Recovery)",134.7947771554229
1119,2009-04-01,2009,5,PG,Procter & Gamble Co,28.26820540015782,31.42457046317195,27.9900589059598,29.894760131835938,293961300,0.44,1.811,Non-Tech,"2009–2016
(Recovery)",141.52161799937713
1120,2009-05-01,2009,5,PG,Procter & Gamble Co,30.25062045596528,33.40376103207556,29.610234783051517,31.67776679992676,263419000,0.0,1.811,Non-Tech,"2009–2016
(Recovery)",149.96236104127138
1121,2009-06-01,2009,5,PG,Procter & Gamble Co,32.04980193187236,33.01343174105389,30.49457887457917,31.16545867919922,285414400,0.0,1.811,Non-Tech,"2009–2016
(Recovery)",147.5370974218329
1122,2009-07-01,2009,5,PG,Procter & Gamble Co,31.39113011482845,34.76383085503992,30.811732468600624,33.8550910949707,268134700,0.44,1.811,Non-Tech,"2009–2016
(Recovery)",160.26980140155797
1123,2009-08-01,2009,5,PG,Procter & Gamble Co,34.402323809519665,34.42691502594502,31.439150239541192,33.26500701904297,265548400,0.0,1.811,Non-Tech,"2009–2016
(Recovery)",157.47634686930272
1124,2009-09-01,2009,5,PG,Procter & Gamble Co,33.10515954992214,36.06218587137447,32.287521708135536,35.60725784301758,273868500,0.0,1.811,Non-Tech,"2009–2016
(Recovery)",168.56454844400804
1125,2009-10-01,2009,5,PG,Procter & Gamble Co,35.4289854709892,36.87368545803374,34.439211270481884,35.65644836425781,266588300,0.44,1.811,Non-Tech,"2009–2016
(Recovery)",168.79741608119429
1126,2009-11-01,2009,5,PG,Procter & Gamble Co,36.16998596548158,39.32301278527706,35.92839883416485,38.62302780151367,242464100,0.0,1.811,Non-Tech,"2009–2016
(Recovery)",182.84118562584553
1127,2009-12-01,2009,5,PG,Procter & Gamble Co,38.78408460946858,39.26725883653496,37.42128290209035,37.55756378173828,204083500,0.0,1.811,Non-Tech,"2009–2016
(Recovery)",177.7972852455191
1128,2009-01-01,2009,6,JNJ,Johnson & Johnson,36.16245889047708,36.685680245045205,33.13137918520215,34.695030212402344,349391400,0.0,1.797,Non-Tech,"2009–2016
(Recovery)",145.47134548007847
1129,2009-02-01,2009,6,JNJ,Johnson & Johnson,34.43042045593262,35.56106197964982,30.03415109670372,30.070236206054688,308348500,0.46,1.797,Non-Tech,"2009–2016
(Recovery)",126.08023953340889
1130,2009-03-01,2009,6,JNJ,Johnson & Johnson,29.73140704374496,32.56325965087581,28.045637569010847,31.89622688293457,423319700,0.0,1.797,Non-Tech,"2009–2016
(Recovery)",133.73635970317434
1131,2009-04-01,2009,6,JNJ,Johnson & Johnson,31.714300386268185,32.82399883032406,30.39236567251948,31.75068473815918,306396300,0.0,1.797,Non-Tech,"2009–2016
(Recovery)",133.1261221130954
1132,2009-05-01,2009,6,JNJ,Johnson & Johnson,31.85378466355103,34.24903455213707,31.332286950068163,33.4485969543457,257261500,0.49,1.797,Non-Tech,"2009–2016
(Recovery)",140.24522744557677
1133,2009-06-01,2009,6,JNJ,Johnson & Johnson,34.105476968462725,35.01087769135199,33.365251032905,34.74782180786133,301738000,0.0,1.797,Non-Tech,"2009–2016
(Recovery)",145.69269315939863
1134,2009-07-01,2009,6,JNJ,Johnson & Johnson,34.76004884742188,38.21647845112441,34.080997885723214,37.24990081787109,270356100,0.0,1.797,Non-Tech,"2009–2016
(Recovery)",156.18355590992223
1135,2009-08-01,2009,6,JNJ,Johnson & Johnson,37.41509080646041,37.616971913491376,36.39957339010021,36.97462463378906,211869300,0.49,1.797,Non-Tech,"2009–2016
(Recovery)",155.02936187602515
1136,2009-09-01,2009,6,JNJ,Johnson & Johnson,37.218772898475805,37.95266571927386,36.55888761844257,37.55179977416992,197460800,0.0,1.797,Non-Tech,"2009–2016
(Recovery)",157.449375455343
1137,2009-10-01,2009,6,JNJ,Johnson & Johnson,37.57646732176293,38.69272297768221,36.25052834795225,36.41704177856445,280297200,0.0,1.797,Non-Tech,"2009–2016
(Recovery)",152.6914959721888
1138,2009-11-01,2009,6,JNJ,Johnson & Johnson,36.47871562844908,39.12442281781548,36.26286383413383,38.75439453125,233417400,0.49,1.797,Non-Tech,"2009–2016
(Recovery)",162.49168486705784
1139,2009-12-01,2009,6,JNJ,Johnson & Johnson,39.12935498260536,40.65847850179884,39.12935498260536,40.03688430786133,212286400,0.0,1.797,Non-Tech,"2009–2016
(Recovery)",167.86898277473927
1140,2009-01-01,2009,7,AAPL,"Apple, Inc",2.5708546561515893,2.9088253815642457,2.3409503021045794,2.698080539703369,18105740800,0.0,1.779,Tech,"2009–2016
(Recovery)",100.0
1141,2009-02-01,2009,7,AAPL,"Apple, Inc",2.6672461035182056,3.0833479864954945,2.589713387244151,2.673532485961914,13867450800,0.0,1.779,Tech,"2009–2016
(Recovery)",99.09016601320012
1142,2009-03-01,2009,7,AAPL,"Apple, Inc",2.637910311322248,3.292298649278602,2.464583988685954,3.146812915802002,15424598000,0.0,1.779,Tech,"2009–2016
(Recovery)",116.63154118253145
1143,2009-04-01,2009,7,AAPL,"Apple, Inc",3.115978431981351,3.807786165584557,3.109991209817744,3.766774892807007,11821681200,0.0,1.779,Tech,"2009–2016
(Recovery)",139.6094311262158
1144,2009-05-01,2009,7,AAPL,"Apple, Inc",3.765876167845228,4.068223673422715,3.5736903455518405,4.065529823303223,9457142800,0.0,1.779,Tech,"2009–2016
(Recovery)",150.68230037900176
1145,2009-06-01,2009,7,AAPL,"Apple, Inc",4.085287583200552,4.382545545347936,3.977818952567235,4.263702392578125,12675572000,0.0,1.779,Tech,"2009–2016
(Recovery)",158.02724677176917
1146,2009-07-01,2009,7,AAPL,"Apple, Inc",4.295731737212864,4.939343055377453,4.023917962857556,4.891147136688232,10942136800,0.0,1.779,Tech,"2009–2016
(Recovery)",181.2824733996255
1147,2009-08-01,2009,7,AAPL,"Apple, Inc",4.945630859264924,5.163560927834228,4.772304791946887,5.03543758392334,8165124800,0.0,1.779,Tech,"2009–2016
(Recovery)",186.6303659147604
1148,2009-09-01,2009,7,AAPL,"Apple, Inc",5.028853095060955,5.654803301289348,4.91270336130347,5.548532485961914,9989319200,0.0,1.779,Tech,"2009–2016
(Recovery)",205.64740022816102
1149,2009-10-01,2009,7,AAPL,"Apple, Inc",5.548532102283062,6.247823747064093,5.409331568481117,5.642828464508057,12956176800,0.0,1.779,Tech,"2009–2016
(Recovery)",209.14232846171586
1150,2009-11-01,2009,7,AAPL,"Apple, Inc",5.6817426220639655,6.226567361082958,5.555116091148227,5.984390258789063,8454784800,0.0,1.779,Tech,"2009–2016
(Recovery)",221.80176502244058
1151,2009-12-01,2009,7,AAPL,"Apple, Inc",6.054141243154732,6.404684758522179,5.648216714080257,6.308292865753174,11393958800,0.0,1.779,Tech,"2009–2016
(Recovery)",233.80669231047924
1152,2009-01-01,2009,8,T,"AT&T, Inc",6.178119304996672,6.332894569839236,5.137684223072475,5.292459487915039,913514452,0.41,1.707,Non-Tech,"2009–2016
(Recovery)",80.83592642454933
1153,2009-02-01,2009,8,T,"AT&T, Inc",5.472672740044085,5.781702347556524,4.887488909195284,5.20966911315918,869088691,0.0,1.707,Non-Tech,"2009–2016
(Recovery)",79.57140344469333
1154,2009-03-01,2009,8,T,"AT&T, Inc",4.99707574301048,5.908822439745866,4.699004335007087,5.523083686828613,1096281929,0.0,1.707,Non-Tech,"2009–2016
(Recovery)",84.35843251414107
1155,2009-04-01,2009,8,T,"AT&T, Inc",5.428839251447196,5.937313499722313,5.428839251447196,5.615133285522461,832033774,0.41,1.707,Non-Tech,"2009–2016
(Recovery)",85.76437895632282
1156,2009-05-01,2009,8,T,"AT&T, Inc",5.790327496173612,5.991691215757204,5.230983516768613,5.546453475952148,769169591,0.0,1.707,Non-Tech,"2009–2016
(Recovery)",84.71537781688
1157,2009-06-01,2009,8,T,"AT&T, Inc",5.586727148766991,5.653848775104781,5.327191549620898,5.557641506195068,900170915,0.0,1.707,Non-Tech,"2009–2016
(Recovery)",84.88626146589374
1158,2009-07-01,2009,8,T,"AT&T, Inc",5.5800153671550365,5.951419212544353,5.188474525406649,5.868636608123779,809651157,0.41,1.707,Non-Tech,"2009–2016
(Recovery)",89.63633602674942
1159,2009-08-01,2009,8,T,"AT&T, Inc",6.1101185946247725,6.155887515653277,5.700489120830199,5.961370468139648,629811308,0.0,1.707,Non-Tech,"2009–2016
(Recovery)",91.05273373417153
1160,2009-09-01,2009,8,T,"AT&T, Inc",5.938484932054851,6.3366723924256165,5.7233725447347785,6.18105936050415,795804366,0.0,1.707,Non-Tech,"2009–2016
(Recovery)",94.40821622393237
1161,2009-10-01,2009,8,T,"AT&T, Inc",6.178772415405003,6.222252835682524,5.778296350604024,5.874410629272461,969916722,0.41,1.707,Non-Tech,"2009–2016
(Recovery)",89.72452722591011
1162,2009-11-01,2009,8,T,"AT&T, Inc",6.047968080794167,6.381890808763883,5.837807100651725,6.290820598602295,669036134,0.0,1.707,Non-Tech,"2009–2016
(Recovery)",96.08468656582713
1163,2009-12-01,2009,8,T,"AT&T, Inc",6.346865497420169,6.680787710424569,6.290822006457483,6.545350551605225,661420617,0.0,1.707,Non-Tech,"2009–2016
(Recovery)",99.97232417567011
1164,2009-01-01,2009,9,IBM,International Business Machines Corp,44.67218791406732,50.55641055016925,43.53794229772687,48.8044548034668,218571533,0.0,1.679,Tech,"2009–2016
(Recovery)",88.78101313291661
1165,2009-02-01,2009,9,IBM,International Business Machines Corp,48.24532921812902,51.70663897216481,44.11838215570025,49.00682067871094,233276408,0.478011,1.679,Tech,"2009–2016
(Recovery)",89.14914033564952
1166,2009-03-01,2009,9,IBM,International Business Machines Corp,48.81297610749178,53.46565465803699,44.44941585875908,51.8754997253418,299275766,0.0,1.679,Tech,"2009–2016
(Recovery)",94.36760314070816
1167,2009-04-01,2009,9,IBM,International Business Machines Corp,51.46859977699143,56.77982601151802,51.23837242289228,55.259273529052734,223449759,0.0,1.679,Tech,"2009–2016
(Recovery)",100.52308357207116
1168,2009-05-01,2009,9,IBM,International Business Machines Corp,55.564441537551545,57.19207237102538,53.44958749914286,56.9029541015625,160126596,0.525813,1.679,Tech,"2009–2016
(Recovery)",103.51313083480471
1169,2009-06-01,2009,9,IBM,International Business Machines Corp,57.55538693175788,59.54673660898093,55.709351461556864,56.19911956787109,167885197,0.0,1.679,Tech,"2009–2016
(Recovery)",102.23277347335707
1170,2009-07-01,2009,9,IBM,International Business Machines Corp,56.51125807219634,64.24522896565955,53.5511450245383,63.47021865844727,184275283,0.0,1.679,Tech,"2009–2016
(Recovery)",115.45975339661865
1171,2009-08-01,2009,9,IBM,International Business Machines Corp,63.98151934764354,65.05792582687067,62.49607874991353,63.53480911254883,117654287,0.525813,1.679,Tech,"2009–2016
(Recovery)",115.57725098934749
1172,2009-09-01,2009,9,IBM,International Business Machines Corp,63.6256734764834,66.44278785382517,62.263080473292646,64.6746597290039,137572223,0.0,1.679,Tech,"2009–2016
(Recovery)",117.65077261675994
1173,2009-10-01,2009,9,IBM,International Business Machines Corp,64.55571053254873,69.54108204681224,63.403990802577056,65.21537780761719,191973530,0.0,1.679,Tech,"2009–2016
(Recovery)",118.63440206271702
1174,2009-11-01,2009,9,IBM,International Business Machines Corp,65.30191935020156,69.71954498423233,64.61521355245961,68.31909942626953,115842617,0.525813,1.679,Tech,"2009–2016
(Recovery)",124.2804348049354
1175,2009-12-01,2009,9,IBM,International Business Machines Corp,69.1362444589075,72.15609827563475,68.43559482094784,71.09697723388672,130201791,0.0,1.679,Tech,"2009–2016
(Recovery)",129.33371953299633
1176,2009-01-01,2009,10,BAC,Bank of America Corp,10.68366355935237,11.366742882890703,3.875898183675935,5.050179958343506,4879579500,0.0,1.568,Non-Tech,"2009–2016
(Recovery)",20.763162137572767
1177,2009-02-01,2009,10,BAC,Bank of America Corp,4.758527914058111,5.4109070538347535,1.941786428514648,3.03164291381836,9211714400,0.0,1.568,Non-Tech,"2009–2016
(Recovery)",12.464207985071692
1178,2009-03-01,2009,10,BAC,Bank of America Corp,2.770691868915366,6.577515003065211,2.3025140853987365,5.234382152557373,10208210600,0.01,1.568,Non-Tech,"2009–2016
(Recovery)",21.52048565002314
1179,2009-04-01,2009,10,BAC,Bank of America Corp,4.964005497186889,8.912121702101228,4.956309555235235,6.872646808624268,11001088500,0.0,1.568,Non-Tech,"2009–2016
(Recovery)",28.25599902949668
1180,2009-05-01,2009,10,BAC,Bank of America Corp,6.764900705588507,11.598071901156572,6.580193694436702,8.673542022705078,11183198200,0.0,1.568,Non-Tech,"2009–2016
(Recovery)",35.66014692742696
1181,2009-06-01,2009,10,BAC,Bank of America Corp,8.781285231101457,10.720710568354908,8.542705584446457,10.158892631530762,7715563500,0.01,1.568,Non-Tech,"2009–2016
(Recovery)",41.76697396657786
1182,2009-07-01,2009,10,BAC,Bank of America Corp,10.221723429961536,11.392560958862305,8.6811472314157,11.392560958862305,6735174000,0.0,1.568,Non-Tech,"2009–2016
(Recovery)",46.839041836566174
1183,2009-08-01,2009,10,BAC,Bank of America Corp,11.739188908846527,14.057755958268643,11.415667891038613,13.549365997314451,6102172300,0.0,1.568,Non-Tech,"2009–2016
(Recovery)",55.70646697426456
1184,2009-09-01,2009,10,BAC,Bank of America Corp,13.634099894713664,13.92680872491028,12.34001565761716,13.03327465057373,3743850000,0.01,1.568,Non-Tech,"2009–2016
(Recovery)",53.584624109542034
1185,2009-10-01,2009,10,BAC,Bank of America Corp,13.072027524157926,14.721447180181991,11.175967531379351,11.237627983093262,4605123600,0.0,1.568,Non-Tech,"2009–2016
(Recovery)",46.20205493255802
1186,2009-11-01,2009,10,BAC,Bank of America Corp,11.445735143685724,12.80997459980353,10.883082475920236,12.21649169921875,3148442200,0.0,1.568,Non-Tech,"2009–2016
(Recovery)",50.226526578350025
1187,2009-12-01,2009,10,BAC,Bank of America Corp,12.362936325351791,12.902465052629545,11.430320093327886,11.60759449005127,5124809800,0.01,1.568,Non-Tech,"2009–2016
(Recovery)",47.72312440588431
1188,2010-01-01,2010,1,XOM,Exxon Mobil Corp.,37.396971982961816,38.42005410410904,34.83926045229438,35.062381744384766,596474300,0.0,3.044,Non-Tech,"2009–2016
(Recovery)",193.2885619533696
1189,2010-02-01,2010,1,XOM,Exxon Mobil Corp.,35.79159325773631,36.5861191680825,34.58892858030606,35.37256622314453,534843200,0.42,3.044,Non-Tech,"2009–2016
(Recovery)",194.99851743434124
1190,2010-03-01,2010,1,XOM,Exxon Mobil Corp.,35.800520121818494,37.18631068731076,35.64715259062672,36.6878662109375,582728200,0.0,3.044,Non-Tech,"2009–2016
(Recovery)",202.2493780584488
1191,2010-04-01,2010,1,XOM,Exxon Mobil Corp.,36.846703202685006,38.34204478816186,36.61665193690433,37.12057495117188,531285400,0.0,3.044,Non-Tech,"2009–2016
(Recovery)",204.63477363009883
1192,2010-05-01,2010,1,XOM,Exxon Mobil Corp.,37.30681647284557,37.3670686024229,32.021089961870786,33.1165771484375,768609600,0.44,3.044,Non-Tech,"2009–2016
(Recovery)",182.56191551688966
1193,2010-06-01,2010,1,XOM,Exxon Mobil Corp.,33.29736600614535,35.56939498847569,31.38930073820975,31.472021102905277,808522600,0.0,3.044,Non-Tech,"2009–2016
(Recovery)",173.4959634258412
1194,2010-07-01,2010,1,XOM,Exxon Mobil Corp.,31.422383430934087,34.124554859422766,30.848861005543416,32.91133499145508,613489500,0.0,3.044,Non-Tech,"2009–2016
(Recovery)",181.43047608232547
1195,2010-08-01,2010,1,XOM,Exxon Mobil Corp.,33.440738404603394,34.73667858569794,32.012448192823484,32.59700012207031,475629700,0.44,3.044,Non-Tech,"2009–2016
(Recovery)",179.69764072281907
1196,2010-09-01,2010,1,XOM,Exxon Mobil Corp.,33.346793111820105,34.679774889355656,33.169062208148695,34.31875991821289,423362300,0.0,3.044,Non-Tech,"2009–2016
(Recovery)",189.18919430442432
1197,2010-10-01,2010,1,XOM,Exxon Mobil Corp.,34.61311974120332,37.10690720040496,34.324306548035906,36.929176330566406,430427600,0.0,3.044,Non-Tech,"2009–2016
(Recovery)",203.5796495256841
1198,2010-11-01,2010,1,XOM,Exxon Mobil Corp.,37.05692762445107,39.93394940040347,37.00693855909469,38.6342887878418,486318500,0.44,3.044,Non-Tech,"2009–2016
(Recovery)",212.9794312415488
1199,2010-12-01,2010,1,XOM,Exxon Mobil Corp.,39.33584885909022,41.1858327874597,39.33584885909022,40.86725616455078,409237200,0.0,3.044,Non-Tech,"2009–2016
(Recovery)",225.28912133275287
1200,2010-01-01,2010,2,AAPL,"Apple, Inc.",6.389117633068435,6.453778431210671,5.695214594959765,5.7493977546691895,15168994400,0.0,2.509,Tech,"2009–2016
(Recovery)",213.09214717887133
1201,2010-02-01,2010,2,AAPL,"Apple, Inc.",5.758678646854183,6.141852132461759,5.713176550633601,6.125387668609619,10776080000,0.0,2.509,Tech,"2009–2016
(Recovery)",227.02760642138034
1202,2010-03-01,2010,2,AAPL,"Apple, Inc.",6.159211868562496,7.109063197218939,6.150231437687999,7.034822463989258,12154172800,0.0,2.509,Tech,"2009–2016
(Recovery)",260.7343391151206
1203,2010-04-01,2010,2,AAPL,"Apple, Inc.",7.10696915201172,8.156205419157658,6.9674700778984855,7.815840244293213,12367129600,0.0,2.509,Tech,"2009–2016
(Recovery)",289.6815024340414
1204,2010-05-01,2010,2,AAPL,"Apple, Inc.",7.898162225929335,8.019101706414592,5.964632939127401,7.689811706542969,18082654800,0.0,2.509,Tech,"2009–2016
(Recovery)",285.01045811584254
1205,2010-06-01,2010,2,AAPL,"Apple, Inc.",7.77392943739017,8.352281410821604,7.250358539028472,7.529656410217285,16651252800,0.0,2.509,Tech,"2009–2016
(Recovery)",279.0745605779843
1206,2010-07-01,2010,2,AAPL,"Apple, Inc.",7.612579100803598,7.962524659827717,7.172528641478283,7.700888633728027,15669704400,0.0,2.509,Tech,"2009–2016
(Recovery)",285.4210065417348
1207,2010-08-01,2010,2,AAPL,"Apple, Inc.",7.796382946643348,7.911334422151689,7.05158924804829,7.277302742004394,9589120800,0.0,2.509,Tech,"2009–2016
(Recovery)",269.72147921145717
1208,2010-09-01,2010,2,AAPL,"Apple, Inc.",7.408119670683135,8.822867530571274,7.372496896934427,8.49417781829834,11849919200,0.0,2.509,Tech,"2009–2016
(Recovery)",314.822989651458
1209,2010-10-01,2010,2,AAPL,"Apple, Inc.",8.566026011443888,9.549404945756976,8.315166876957356,9.009968757629396,12234577600,0.0,2.509,Tech,"2009–2016
(Recovery)",333.9399482351986
1210,2010-11-01,2010,2,AAPL,"Apple, Inc.",9.047083888662364,9.618252062469288,8.91357203906367,9.314407348632812,9508086000,0.0,2.509,Tech,"2009–2016
(Recovery)",345.2234731901981
1211,2010-12-01,2010,2,AAPL,"Apple, Inc.",9.437740738056794,9.77870542133033,9.426365016780156,9.655970573425291,6973234800,0.0,2.509,Tech,"2009–2016
(Recovery)",357.8829627705214
1212,2010-01-01,2010,3,MSFT,Microsoft Corp.,22.831316167010787,23.293608500423552,20.624238549548863,21.0119686126709,1359650900,0.0,1.806,Tech,"2009–2016
(Recovery)",70.44923049454152
1213,2010-02-01,2010,3,MSFT,Microsoft Corp.,21.168560264416374,21.645767249835583,20.55714028097606,21.377338409423828,1074643300,0.13,1.806,Tech,"2009–2016
(Recovery)",71.67424760272762
1214,2010-03-01,2010,3,MSFT,Microsoft Corp.,21.552215769639066,22.900633264427317,21.15518104684126,21.94175910949707,1110237200,0.0,1.806,Tech,"2009–2016
(Recovery)",73.56664544170839
1215,2010-04-01,2010,3,MSFT,Microsoft Corp.,21.98669858106947,23.657237836054577,21.439840669966944,22.87815284729004,1319029500,0.0,1.806,Tech,"2009–2016
(Recovery)",76.70619983013638
1216,2010-05-01,2010,3,MSFT,Microsoft Corp.,22.97554885386036,23.267705684885907,18.39841754733797,19.327327728271484,1720130200,0.13,1.806,Tech,"2009–2016
(Recovery)",64.80094231396555
1217,2010-06-01,2010,3,MSFT,Microsoft Corp.,19.211357434844015,20.26485889809699,17.2699042666851,17.315053939819336,1671811600,0.0,1.806,Tech,"2009–2016
(Recovery)",58.05416182166546
1218,2010-07-01,2010,3,MSFT,Microsoft Corp.,17.375255090981465,19.873559171463945,17.104354164327884,19.42205810546875,1408590600,0.0,1.806,Tech,"2009–2016
(Recovery)",65.11855568475559
1219,2010-08-01,2010,3,MSFT,Microsoft Corp.,19.557506832010496,19.85098185296857,17.54832848674494,17.661203384399414,1279372100,0.13,1.806,Tech,"2009–2016
(Recovery)",59.21473665671799
1220,2010-09-01,2010,3,MSFT,Microsoft Corp.,17.906720925848575,19.31384013768291,17.80837455132644,18.527063369750977,1273139500,0.0,1.806,Tech,"2009–2016
(Recovery)",62.117804465759356
1221,2010-10-01,2010,3,MSFT,Microsoft Corp.,18.738884977888368,20.57721745158238,17.98993497803867,20.1762638092041,1281432800,0.0,1.806,Tech,"2009–2016
(Recovery)",67.64726741292316
1222,2010-11-01,2010,3,MSFT,Microsoft Corp.,20.335131190759103,21.840597949125588,18.859927180777337,19.10957717895508,1361176300,0.16,1.806,Tech,"2009–2016
(Recovery)",64.07086514119395
1223,2010-12-01,2010,3,MSFT,Microsoft Corp.,19.462959840227374,21.61705352502654,19.4553480273434,21.244083404541016,1033710000,0.0,1.806,Tech,"2009–2016
(Recovery)",71.2274683062899
1224,2010-01-01,2010,4,GE,General Electric Co.,52.727984206217606,58.617447141549206,52.4854759680546,55.70735931396485,334513500,0.0,1.681,Non-Tech,"2009–2016
(Recovery)",48.176746987912075
1225,2010-02-01,2010,4,GE,General Electric Co.,56.12308560404363,58.99852688506168,52.83191514838913,55.63806915283203,293876996,0.479244,1.681,Non-Tech,"2009–2016
(Recovery)",48.116823584563626
1226,2010-03-01,2010,4,GE,General Electric Co.,56.12479802122728,66.0250710213803,55.18357289071863,63.4454231262207,434007340,0.0,1.681,Non-Tech,"2009–2016
(Recovery)",54.86876662500005
1227,2010-04-01,2010,4,GE,General Electric Co.,63.68946817938141,68.67446914451844,63.37572635538699,65.7462158203125,338131656,0.0,1.681,Non-Tech,"2009–2016
(Recovery)",56.85853438387334
1228,2010-05-01,2010,4,GE,General Electric Co.,66.12966691652689,67.41949112693372,52.813095047508114,56.996315002441406,429974506,0.0,1.681,Non-Tech,"2009–2016
(Recovery)",49.29145952943436
1229,2010-06-01,2010,4,GE,General Electric Co.,56.612846273551376,57.55406592691666,49.74540187680832,50.26830291748047,367289995,0.479244,1.681,Non-Tech,"2009–2016
(Recovery)",43.472951168232555
1230,2010-07-01,2010,4,GE,General Electric Co.,50.27172851130618,58.129976263945366,48.23700135300725,56.551307678222656,318715985,0.0,1.681,Non-Tech,"2009–2016
(Recovery)",48.90660902618532
1231,2010-08-01,2010,4,GE,General Electric Co.,57.25292603162831,58.02471816620859,49.99106875157344,50.79793930053711,265912731,0.0,1.681,Non-Tech,"2009–2016
(Recovery)",43.93099043515067
1232,2010-09-01,2010,4,GE,General Electric Co.,51.67500891877965,58.58605828620512,51.21895016366116,57.00738906860352,252577846,0.575092,1.681,Non-Tech,"2009–2016
(Recovery)",49.301036585144594
1233,2010-10-01,2010,4,GE,General Electric Co.,57.95922992433088,61.811402649250624,56.12149965720553,56.61627578735352,275439071,0.0,1.681,Non-Tech,"2009–2016
(Recovery)",48.96279463961999
1234,2010-11-01,2010,4,GE,General Electric Co.,56.86367435413539,59.58493258943362,55.23798812763464,55.94480895996094,231457778,0.0,1.681,Non-Tech,"2009–2016
(Recovery)",48.382097800774154
1235,2010-12-01,2010,4,GE,General Electric Co.,56.65163374415039,65.34552327421031,56.65163374415039,64.63870239257812,256616749,0.670941,1.681,Non-Tech,"2009–2016
(Recovery)",55.900736440284604
1236,2010-01-01,2010,5,JNJ,Johnson & Johnson,40.22335437702113,40.99412974723929,38.67558636760294,39.07340621948242,245125300,0.0,1.653,Non-Tech,"2009–2016
(Recovery)",163.82925567264408
1237,2010-02-01,2010,5,JNJ,Johnson & Johnson,39.32205583296309,40.2171508045285,38.4704722743158,39.16044235229492,213341500,0.49,1.653,Non-Tech,"2009–2016
(Recovery)",164.19418584472075
1238,2010-03-01,2010,5,JNJ,Johnson & Johnson,39.62919286914661,41.01968922974552,39.47260525818397,40.83804702758789,249947500,0.0,1.653,Non-Tech,"2009–2016
(Recovery)",171.22814453576407
1239,2010-04-01,2010,5,JNJ,Johnson & Johnson,40.9445248345393,41.464392002575714,40.21795612173812,40.27433013916016,235860700,0.0,1.653,Non-Tech,"2009–2016
(Recovery)",168.86455949988448
1240,2010-05-01,2010,5,JNJ,Johnson & Johnson,40.81297716943335,41.10109765865087,36.44731356610164,36.516212463378906,357775800,0.54,1.653,Non-Tech,"2009–2016
(Recovery)",153.10730460137344
1241,2010-06-01,2010,5,JNJ,Johnson & Johnson,36.792877003193446,38.01909710859103,36.37570995990384,37.33013916015625,357343400,0.0,1.653,Non-Tech,"2009–2016
(Recovery)",156.519983909548
1242,2010-07-01,2010,5,JNJ,Johnson & Johnson,37.33645152728344,39.01776109015086,35.93957453187042,36.71702194213867,310708000,0.0,1.653,Non-Tech,"2009–2016
(Recovery)",153.94927029160345
1243,2010-08-01,2010,5,JNJ,Johnson & Johnson,36.97616406302319,38.08228862901106,36.021737641281284,36.04069900512695,239384600,0.54,1.653,Non-Tech,"2009–2016
(Recovery)",151.11354405001157
1244,2010-09-01,2010,5,JNJ,Johnson & Johnson,36.79531224580725,40.00461555636118,36.6485651460729,39.532470703125,209239500,0.0,1.653,Non-Tech,"2009–2016
(Recovery)",165.75404800424815
1245,2010-10-01,2010,5,JNJ,Johnson & Johnson,39.615413175973984,40.98080391409157,39.111367232970245,40.66816711425781,208721800,0.0,1.653,Non-Tech,"2009–2016
(Recovery)",170.51586213073733
1246,2010-11-01,2010,5,JNJ,Johnson & Johnson,40.75749389669166,41.42104547435149,39.07946868238867,39.270877838134766,221392600,0.54,1.653,Non-Tech,"2009–2016
(Recovery)",164.65722618841025
1247,2010-12-01,2010,5,JNJ,Johnson & Johnson,40.0142473971645,40.644899438652,39.61526395353866,39.801883697509766,212152900,0.0,1.653,Non-Tech,"2009–2016
(Recovery)",166.88365851454418
1248,2010-01-01,2010,6,PG,The Procter & Gamble Co.,37.85491245194646,39.21771453742348,36.55405494911344,38.127471923828125,254369600,0.44,1.646,Non-Tech,"2009–2016
(Recovery)",180.4952270260816
1249,2010-02-01,2010,6,PG,The Procter & Gamble Co.,38.58838302031522,39.90481816557092,37.70244228331851,39.48056411743164,241531900,0.0,1.646,Non-Tech,"2009–2016
(Recovery)",186.90075748348005
1250,2010-03-01,2010,6,PG,The Procter & Gamble Co.,39.59286775252964,40.291640542754,39.00015966689295,39.47432708740234,216997300,0.0,1.646,Non-Tech,"2009–2016
(Recovery)",186.87123142013766
1251,2010-04-01,2010,6,PG,The Procter & Gamble Co.,39.59911676503465,39.929784531586655,37.9520135339068,38.78180313110352,239535800,0.482,1.646,Non-Tech,"2009–2016
(Recovery)",183.59282709889453
1252,2010-05-01,2010,6,PG,The Procter & Gamble Co.,39.24374588186393,40.20566569536323,24.75210315242862,38.40756988525391,320836100,0.0,1.646,Non-Tech,"2009–2016
(Recovery)",181.82120912209083
1253,2010-06-01,2010,6,PG,The Procter & Gamble Co.,38.2818187543346,39.3569029336422,37.45192895995847,37.70969772338867,344033000,0.0,1.646,Non-Tech,"2009–2016
(Recovery)",178.51748642726594
1254,2010-07-01,2010,6,PG,The Procter & Gamble Co.,37.62167882345048,39.83471903639668,37.0432694140708,38.451568603515625,255144100,0.482,1.646,Non-Tech,"2009–2016
(Recovery)",182.02949879462327
1255,2010-08-01,2010,6,PG,The Procter & Gamble Co.,39.25306571455092,39.34177281986471,37.49158672884031,37.80839920043945,268340400,0.0,1.646,Non-Tech,"2009–2016
(Recovery)",178.98473863700283
1256,2010-09-01,2010,6,PG,The Procter & Gamble Co.,37.95413963658011,39.28475121075448,37.71969663905154,37.99849319458008,215064600,0.0,1.646,Non-Tech,"2009–2016
(Recovery)",179.88464248316538
1257,2010-10-01,2010,6,PG,The Procter & Gamble Co.,38.07451549031019,40.53931565077563,37.81472941106777,40.2795295715332,260747300,0.482,1.646,Non-Tech,"2009–2016
(Recovery)",190.6830552270116
1258,2010-11-01,2010,6,PG,The Procter & Gamble Co.,40.78710911146236,41.50222366806349,38.96101088036069,38.99293518066406,202727700,0.0,1.646,Non-Tech,"2009–2016
(Recovery)",184.59232497523013
1259,2010-12-01,2010,6,PG,The Procter & Gamble Co.,39.312197360087495,41.74486548916465,39.26750283626559,41.07444763183594,196591300,0.0,1.646,Non-Tech,"2009–2016
(Recovery)",194.44619263219073
1260,2010-01-01,2010,7,IBM,International BusinessMachines Corp.,71.24904281128093,72.91648523320174,66.20871115983368,66.47484588623047,163291687,0.0,1.636,Tech,"2009–2016
(Recovery)",120.92552184836232
1261,2010-02-01,2010,7,IBM,International BusinessMachines Corp.,66.93108132828594,69.66850656879834,66.0511940246296,69.06562042236328,118418914,0.525813,1.636,Tech,"2009–2016
(Recovery)",125.63844383556777
1262,2010-03-01,2010,7,IBM,International BusinessMachines Corp.,69.56003057540242,71.32222102949551,68.30522662673646,69.96920776367188,146437175,0.0,1.636,Tech,"2009–2016
(Recovery)",127.28217492402072
1263,2010-04-01,2010,7,IBM,International BusinessMachines Corp.,70.35108783320405,72.16783123635064,69.35269856951524,70.37836456298828,153162014,0.0,1.636,Tech,"2009–2016
(Recovery)",128.02647901101057
1264,2010-05-01,2010,7,IBM,International BusinessMachines Corp.,70.59114928307027,72.61520927157652,63.28598253243796,68.33795166015625,197112633,0.621415,1.636,Tech,"2009–2016
(Recovery)",124.31472922398017
1265,2010-06-01,2010,7,IBM,International BusinessMachines Corp.,68.37567049436973,72.35131983643214,67.35023021918676,67.71215057373047,169471977,0.0,1.636,Tech,"2009–2016
(Recovery)",123.17632383258106
1266,2010-07-01,2010,7,IBM,International BusinessMachines Corp.,67.75050934078845,72.1648478812509,66.13831179661639,70.41007995605469,150707679,0.0,1.636,Tech,"2009–2016
(Recovery)",128.08417302152014
1267,2010-08-01,2010,7,IBM,International BusinessMachines Corp.,70.87622963228263,72.65293622424342,67.05412544978519,67.52023315429688,122794123,0.621415,1.636,Tech,"2009–2016
(Recovery)",122.82720359337783
1268,2010-09-01,2010,7,IBM,International BusinessMachines Corp.,69.05615577327183,75.0078490423809,68.62080138922593,73.9222183227539,121433172,0.0,1.636,Tech,"2009–2016
(Recovery)",134.47316361088727
1269,2010-10-01,2010,7,IBM,International BusinessMachines Corp.,74.6772036634823,79.35588793774424,74.05998580707276,79.13545989990234,143599798,0.0,1.636,Tech,"2009–2016
(Recovery)",143.956659959524
1270,2010-11-01,2010,7,IBM,International BusinessMachines Corp.,79.15747941336254,81.30119226939244,77.80181350115434,77.95611572265625,108885149,0.621415,1.636,Tech,"2009–2016
(Recovery)",141.81129492450924
1271,2010-12-01,2010,7,IBM,International BusinessMachines Corp.,79.49264927106819,81.64588887752242,79.43729958808893,81.23627471923828,97688872,0.0,1.636,Tech,"2009–2016
(Recovery)",147.77828789935788
1272,2010-01-01,2010,8,T,"AT&T, Inc.",6.634086165177319,6.708810040039606,5.851819494533388,5.921873569488525,966518411,0.42,1.635,Non-Tech,"2009–2016
(Recovery)",90.44946631178492
1273,2010-02-01,2010,8,T,"AT&T, Inc.",6.113803742006044,6.1542925403746,5.861343892669983,5.90897798538208,766445857,0.0,1.635,Non-Tech,"2009–2016
(Recovery)",90.25250183989608
1274,2010-03-01,2010,8,T,"AT&T, Inc.",5.932795532953668,6.328156490915472,5.885161436217337,6.154293060302734,781691850,0.0,1.635,Non-Tech,"2009–2016
(Recovery)",93.99939331679825
1275,2010-04-01,2010,8,T,"AT&T, Inc.",6.204303779821047,6.37102179347066,6.068547485371028,6.206685543060303,848532668,0.42,1.635,Non-Tech,"2009–2016
(Recovery)",94.79962521107367
1276,2010-05-01,2010,8,T,"AT&T, Inc.",6.384496556331234,6.430725943054877,5.785950176986992,5.912471771240234,988123311,0.0,1.635,Non-Tech,"2009–2016
(Recovery)",90.3058651990711
1277,2010-06-01,2010,8,T,"AT&T, Inc.",5.905176590285933,6.24337981202734,5.846781829193758,5.885711669921875,892707396,0.0,1.635,Non-Tech,"2009–2016
(Recovery)",89.89713697238864
1278,2010-07-01,2010,8,T,"AT&T, Inc.",5.902741952563867,6.425862096847219,5.810283757092738,6.3115057945251465,817321088,0.42,1.635,Non-Tech,"2009–2016
(Recovery)",96.40062794988782
1279,2010-08-01,2010,8,T,"AT&T, Inc.",6.598073263341872,6.819668772460343,6.523378331593243,6.730034351348877,806868239,0.0,1.635,Non-Tech,"2009–2016
(Recovery)",102.79314615493583
1280,2010-09-01,2010,8,T,"AT&T, Inc.",6.782316512380975,7.257875459313427,6.737499333505089,7.120934009552002,681671464,0.0,1.635,Non-Tech,"2009–2016
(Recovery)",108.76366630384632
1281,2010-10-01,2010,8,T,"AT&T, Inc.",7.183180188843744,7.327591382776063,6.936686325651134,7.101015567779541,691402862,0.42,1.635,Non-Tech,"2009–2016
(Recovery)",108.45943616334417
1282,2010-11-01,2010,8,T,"AT&T, Inc.",7.316782163768821,7.484284574906644,6.976703297617735,7.052840232849121,576106957,0.0,1.635,Non-Tech,"2009–2016
(Recovery)",107.72361610864073
1283,2010-12-01,2010,8,T,"AT&T, Inc.",7.136591207082054,7.502049910747011,7.11374999804644,7.456367492675781,608677225,0.0,1.635,Non-Tech,"2009–2016
(Recovery)",113.88700762068389
1284,2010-01-01,2010,9,CVX,Chevron Corp.,40.81656749012254,42.32500559418119,37.44998506016083,37.64310836791992,207150500,0.0,1.575,Non-Tech,"2009–2016
(Recovery)",108.8904619608397
1285,2010-02-01,2010,9,CVX,Chevron Corp.,37.94584544189311,38.92711611187672,36.301702573166445,37.73706817626953,229392800,0.68,1.575,Non-Tech,"2009–2016
(Recovery)",109.16226010346227
1286,2010-03-01,2010,9,CVX,Chevron Corp.,38.27213466137463,40.12171857297533,38.1456685880168,39.95836639404297,215133500,0.0,1.575,Non-Tech,"2009–2016
(Recovery)",115.58782376101273
1287,2010-04-01,2010,9,CVX,Chevron Corp.,40.2587096677189,43.81032762242052,40.22709014686118,42.91452026367188,207104600,0.0,1.575,Non-Tech,"2009–2016
(Recovery)",124.13910909444026
1288,2010-05-01,2010,9,CVX,Chevron Corp.,43.18851941611502,43.95259398363881,37.30780064199801,38.9255256652832,298278800,0.72,1.575,Non-Tech,"2009–2016
(Recovery)",112.60011873444093
1289,2010-06-01,2010,9,CVX,Chevron Corp.,39.124114567557214,41.08670405999362,36.06056518646262,36.09247589111328,295860300,0.0,1.575,Non-Tech,"2009–2016
(Recovery)",104.40493741061813
1290,2010-07-01,2010,9,CVX,Chevron Corp.,36.268002693938485,40.61867379648691,35.54466343548382,40.533573150634766,233122800,0.0,1.575,Non-Tech,"2009–2016
(Recovery)",117.25172804957715
1291,2010-08-01,2010,9,CVX,Chevron Corp.,41.2834928778498,42.27276522045644,38.59756453923552,39.40068435668945,197948600,0.72,1.575,Non-Tech,"2009–2016
(Recovery)",113.97461334063101
1292,2010-09-01,2010,9,CVX,Chevron Corp.,40.45631564558374,44.12293862460622,40.3918932868425,43.51094055175781,168273400,0.0,1.575,Non-Tech,"2009–2016
(Recovery)",125.86437790215223
1293,2010-10-01,2010,9,CVX,Chevron Corp.,43.96188784730315,46.055567551331485,43.31231104374477,44.34304428100586,177635700,0.0,1.575,Non-Tech,"2009–2016
(Recovery)",128.27140971768569
1294,2010-11-01,2010,9,CVX,Chevron Corp.,44.63829589637108,46.27029178214764,43.16735382596953,43.46798324584961,213965000,0.72,1.575,Non-Tech,"2009–2016
(Recovery)",125.74011502674836
1295,2010-12-01,2010,9,CVX,Chevron Corp.,44.478856134800914,50.02314564597997,44.26228145442597,49.40591049194336,157936600,0.0,1.575,Non-Tech,"2009–2016
(Recovery)",142.91679540599233
1296,2010-01-01,2010,10,JPM,JPMorgan Chase & Co.,27.546551664443623,29.787714874738167,25.09445299076742,25.66792678833008,1029066400,0.05,1.46,Non-Tech,"2009–2016
(Recovery)",109.80961711104139
1297,2010-02-01,2010,10,JPM,JPMorgan Chase & Co.,25.80436088604072,27.92282831539986,24.438247810752703,27.698442459106445,876257200,0.0,1.46,Non-Tech,"2009–2016
(Recovery)",118.49633926763158
1298,2010-03-01,2010,10,JPM,JPMorgan Chase & Co.,27.738032714963254,30.39106406043505,27.2826626212967,29.53311920166016,755522200,0.0,1.46,Non-Tech,"2009–2016
(Recovery)",126.34524550317344
1299,2010-04-01,2010,10,JPM,JPMorgan Chase & Co.,29.717904254657373,31.80997216473417,27.87002258697374,28.101009368896484,947688500,0.05,1.46,Non-Tech,"2009–2016
(Recovery)",120.21855542440032
1300,2010-05-01,2010,10,JPM,JPMorgan Chase & Co.,28.39012010494901,28.89224817138927,24.458976714545692,26.150360107421875,1137332300,0.0,1.46,Non-Tech,"2009–2016
(Recovery)",111.87350869402518
1301,2010-06-01,2010,10,JPM,JPMorgan Chase & Co.,25.97857964526677,26.40142489567232,24.122022039826124,24.188093185424805,975653600,0.0,1.46,Non-Tech,"2009–2016
(Recovery)",103.47876060427583
1302,2010-07-01,2010,10,JPM,JPMorgan Chase & Co.,24.141841873509133,27.247114790348057,23.23008033172016,26.61284446716309,832405700,0.05,1.46,Non-Tech,"2009–2016
(Recovery)",113.85205689863193
1303,2010-08-01,2010,10,JPM,JPMorgan Chase & Co.,27.112350716221847,27.58870322549144,23.519864764351983,24.055761337280277,723429400,0.0,1.46,Non-Tech,"2009–2016
(Recovery)",102.91263348009556
1304,2010-09-01,2010,10,JPM,JPMorgan Chase & Co.,24.307175235761427,27.456388845929837,24.25424604583796,25.18048667907715,717143800,0.0,1.46,Non-Tech,"2009–2016
(Recovery)",107.72430604548371
1305,2010-10-01,2010,10,JPM,JPMorgan Chase & Co.,25.365742910075667,26.940351542815637,23.956534269570465,24.8960075378418,949249000,0.05,1.46,Non-Tech,"2009–2016
(Recovery)",106.50727960494805
1306,2010-11-01,2010,10,JPM,JPMorgan Chase & Co.,24.914867599831386,27.38581796500292,24.39815486388788,24.775753021240234,760406300,0.0,1.46,Non-Tech,"2009–2016
(Recovery)",105.99282035263731
1307,2010-12-01,2010,10,JPM,JPMorgan Chase & Co.,25.140097305382284,28.56497884485412,24.94136186771115,28.101261138916016,665999200,0.0,1.46,Non-Tech,"2009–2016
(Recovery)",120.21963251838118
1308,2011-01-01,2011,1,AAPL,"Apple, Inc.",9.748170836815072,10.435487864555874,9.724222750637672,10.157687187194824,10841535600,0.0,3.431,Tech,"2009–2016
(Recovery)",376.47827919590475
1309,2011-02-01,2011,1,AAPL,"Apple, Inc.",10.21696320143218,10.923438767942228,10.109794301885032,10.573493957519531,9295949600,0.0,3.431,Tech,"2009–2016
(Recovery)",391.88948594848085
1310,2011-03-01,2011,1,AAPL,"Apple, Inc.",10.641146062773426,10.826745955756454,9.766731837327317,10.432795524597168,11306458800,0.0,3.431,Tech,"2009–2016
(Recovery)",386.6747256456683
1311,2011-04-01,2011,1,AAPL,"Apple, Inc.",10.510626449444358,10.630966403612812,9.58412510952007,10.481289863586426,9253829200,0.0,3.431,Tech,"2009–2016
(Recovery)",388.4720900414171
1312,2011-05-01,2011,1,AAPL,"Apple, Inc.",10.469619957487984,10.532185256160911,9.86133232036545,10.412443161010742,6912060400,0.0,3.431,Tech,"2009–2016
(Recovery)",385.9203981418398
1313,2011-06-01,2011,1,AAPL,"Apple, Inc.",10.443573429990822,10.541161963700125,9.294950720754455,10.04842472076416,9263850400,0.0,3.431,Tech,"2009–2016
(Recovery)",372.42864224760683
1314,2011-07-01,2011,1,AAPL,"Apple, Inc.",10.056804496366446,12.108878660893092,10.00441750833836,11.689183235168455,10653946800,0.0,3.431,Tech,"2009–2016
(Recovery)",433.24070809441366
1315,2011-08-01,2011,1,AAPL,"Apple, Inc.",11.907713488314249,11.959201999806146,10.567803554031872,11.520050048828123,16142599200,0.0,3.431,Tech,"2009–2016
(Recovery)",426.97205955514784
1316,2011-09-01,2011,1,AAPL,"Apple, Inc.",11.54968814731162,12.658496271884983,10.970735671261671,11.41497802734375,11977448000,0.0,3.431,Tech,"2009–2016
(Recovery)",423.0777346846262
1317,2011-10-01,2011,1,AAPL,"Apple, Inc.",11.386540380341671,12.773449075626903,10.604327645993182,12.117263793945312,13141427600,0.0,3.431,Tech,"2009–2016
(Recovery)",449.10682300379
1318,2011-11-01,2011,1,AAPL,"Apple, Inc.",11.896639706456028,12.213656381109455,10.876140291288865,11.44132137298584,8963701600,0.0,3.431,Tech,"2009–2016
(Recovery)",424.05410826778785
1319,2011-12-01,2011,1,AAPL,"Apple, Inc.",11.451498074890678,12.246283861537208,11.30601176825818,12.12384796142578,6306532400,0.0,3.431,Tech,"2009–2016
(Recovery)",449.3508545433819
1320,2011-01-01,2011,2,XOM,Exxon Mobil Corp.,41.20258647583081,45.17082163947981,41.15787293394702,45.09257507324219,449380100,0.0,3.429,Non-Tech,"2009–2016
(Recovery)",248.58205738054826
1321,2011-02-01,2011,2,XOM,Exxon Mobil Corp.,45.34967305423572,49.312322355298384,45.293783257077386,47.80327224731445,443594000,0.44,3.429,Non-Tech,"2009–2016
(Recovery)",263.52533084346413
1322,2011-03-01,2011,2,XOM,Exxon Mobil Corp.,48.54964603198808,48.60021066760424,44.27395085460447,47.26861953735352,439334000,0.0,3.429,Non-Tech,"2009–2016
(Recovery)",260.57794825530414
1323,2011-04-01,2011,2,XOM,Exxon Mobil Corp.,47.600123165468624,49.44299785417867,46.28538667531807,49.4317626953125,309722400,0.0,3.429,Non-Tech,"2009–2016
(Recovery)",272.50271803704095
1324,2011-05-01,2011,2,XOM,Exxon Mobil Corp.,49.499162322330456,49.516017197150056,44.62228659582313,46.89778900146485,403834500,0.47,3.429,Non-Tech,"2009–2016
(Recovery)",258.5336689609633
1325,2011-06-01,2011,2,XOM,Exxon Mobil Corp.,47.20898249374879,47.26548549843761,43.34976735195175,45.98284530639648,444344200,0.0,3.429,Non-Tech,"2009–2016
(Recovery)",253.48985441415513
1326,2011-07-01,2011,2,XOM,Exxon Mobil Corp.,45.87549336499134,48.259957365227535,45.06748785274406,45.08443832397461,375467600,0.0,3.429,Non-Tech,"2009–2016
(Recovery)",248.53720188338406
1327,2011-08-01,2011,2,XOM,Exxon Mobil Corp.,45.66643463875488,45.86984894715143,37.87454924089304,41.82416915893555,774165900,0.47,3.429,Non-Tech,"2009–2016
(Recovery)",230.56430023952367
1328,2011-09-01,2011,2,XOM,Exxon Mobil Corp.,42.17431329794756,42.64639362890418,38.6365617834854,41.30978012084961,550523400,0.0,3.429,Non-Tech,"2009–2016
(Recovery)",227.72862529362155
1329,2011-10-01,2011,2,XOM,Exxon Mobil Corp.,40.97988176158415,46.75289400503863,39.36457264496731,44.41524887084961,514198800,0.0,3.429,Non-Tech,"2009–2016
(Recovery)",244.8481579384556
1330,2011-11-01,2011,2,XOM,Exxon Mobil Corp.,43.124160508639385,45.80306788574149,42.03212266180273,45.75188064575195,444321100,0.47,3.429,Non-Tech,"2009–2016
(Recovery)",252.2166144088558
1331,2011-12-01,2011,2,XOM,Exxon Mobil Corp.,45.8871560281818,48.99397997728342,45.00603489486388,48.4962043762207,380150300,0.0,3.429,Non-Tech,"2009–2016
(Recovery)",267.34526115236355
1332,2011-01-01,2011,3,IBM,International Business Machines Corp.,81.48536323075274,90.97288998902523,81.1698479785866,89.67208862304688,124297854,0.0,2.03,Tech,"2009–2016
(Recovery)",163.12402033294038
1333,2011-02-01,2011,3,IBM,International Business Machines Corp.,89.73296050815354,92.0245780996837,88.02808473138778,89.60565185546875,93164606,0.621415,2.03,Tech,"2009–2016
(Recovery)",163.0031640799894
1334,2011-03-01,2011,3,IBM,International Business Machines Corp.,90.66622020163427,93.20587100513202,84.30874678106119,90.62176513671876,135681159,0.0,2.03,Tech,"2009–2016
(Recovery)",164.8515930180949
1335,2011-04-01,2011,3,IBM,International Business Machines Corp.,90.97186739359636,96.14008779826165,90.13272042287898,94.79524230957033,105404897,0.0,2.03,Tech,"2009–2016
(Recovery)",172.44363626875614
1336,2011-05-01,2011,3,IBM,International Business Machines Corp.,95.64546771949068,96.44015053748348,92.19442708655964,93.8782730102539,115901193,0.717017,2.03,Tech,"2009–2016
(Recovery)",170.77556183307348
1337,2011-06-01,2011,3,IBM,International Business Machines Corp.,94.28136734000668,96.26300280978278,90.16179005940867,95.7606201171875,110292753,0.0,2.03,Tech,"2009–2016
(Recovery)",174.19977144455976
1338,2011-07-01,2011,3,IBM,International Business Machines Corp.,95.79411139671927,103.62019106437762,95.727130600846,101.51016235351562,118818489,0.0,2.03,Tech,"2009–2016
(Recovery)",184.65886143639074
1339,2011-08-01,2011,3,IBM,International Business Machines Corp.,101.92882996160098,102.5372789882144,87.71125974395665,95.96157836914062,204026589,0.717017,2.03,Tech,"2009–2016
(Recovery)",174.56533801584231
1340,2011-09-01,2011,3,IBM,International Business Machines Corp.,96.82795544168646,101.42520282695376,89.00704316469087,98.0389404296875,144238171,0.0,2.03,Tech,"2009–2016
(Recovery)",178.3443026435987
1341,2011-10-01,2011,3,IBM,International Business Machines Corp.,97.75302262521718,106.81855729005994,94.68072486955386,103.5107879638672,151213631,0.0,2.03,Tech,"2009–2016
(Recovery)",188.2982334835108
1342,2011-11-01,2011,3,IBM,International Business Machines Corp.,101.78402988455018,106.50461118166577,99.26676115693331,105.40015411376952,101476752,0.717017,2.03,Tech,"2009–2016
(Recovery)",191.73521155534556
1343,2011-12-01,2011,3,IBM,International Business Machines Corp.,105.26654796990996,109.70776669198747,100.7802916735084,103.50469207763672,108194577,0.0,2.03,Tech,"2009–2016
(Recovery)",188.28714435327333
1344,2011-01-01,2011,4,MSFT,Microsoft Corp.,21.35064116678649,22.42388186575752,20.871108675422548,21.10706901550293,1361258700,0.0,1.802,Tech,"2009–2016
(Recovery)",70.7680844926004
1345,2011-02-01,2011,4,MSFT,Microsoft Corp.,21.160354610936825,21.57138378994328,20.117560941480896,20.231735229492188,1114368500,0.16,1.802,Tech,"2009–2016
(Recovery)",67.83325278848565
1346,2011-03-01,2011,4,MSFT,Microsoft Corp.,20.366624665033395,20.504444161369207,18.896552471427142,19.44017219543457,1310885200,0.0,1.802,Tech,"2009–2016
(Recovery)",65.17928886605452
1347,2011-04-01,2011,4,MSFT,Microsoft Corp.,19.54736603208942,20.573353997667216,18.92717829592156,19.84597396850586,1313844800,0.0,1.802,Tech,"2009–2016
(Recovery)",66.53986688581004
1348,2011-05-01,2011,4,MSFT,Microsoft Corp.,19.861299727425717,20.09865486164554,18.39888343337117,19.149232864379883,1364062800,0.16,1.802,Tech,"2009–2016
(Recovery)",64.20382329349322
1349,2011-06-01,2011,4,MSFT,Microsoft Corp.,19.25933120694334,20.0377197265625,18.22661784190076,20.0377197265625,1297757600,0.0,1.802,Tech,"2009–2016
(Recovery)",67.1827548205244
1350,2011-07-01,2011,4,MSFT,Microsoft Corp.,19.983769450599866,21.69468167337029,19.91440800522124,21.116670608520508,1259328200,0.0,1.802,Tech,"2009–2016
(Recovery)",70.80027685173053
1351,2011-08-01,2011,4,MSFT,Microsoft Corp.,21.201441908221582,21.34016477197641,18.334508113800634,20.5001220703125,1719339500,0.16,1.802,Tech,"2009–2016
(Recovery)",68.73310404750809
1352,2011-09-01,2011,4,MSFT,Microsoft Corp.,20.520937848050973,21.327506059989293,19.078423898601255,19.30333137512207,1279920200,0.0,1.802,Tech,"2009–2016
(Recovery)",64.7204869960839
1353,2011-10-01,2011,4,MSFT,Microsoft Corp.,19.17149019262491,21.327507885987963,18.81473986165626,20.652782440185547,1218142500,0.0,1.802,Tech,"2009–2016
(Recovery)",69.24494593071378
1354,2011-11-01,2011,4,MSFT,Microsoft Corp.,20.31154627253668,21.094847760351797,18.84576360677501,19.838462829589844,1046207400,0.2,1.802,Tech,"2009–2016
(Recovery)",66.51468343125016
1355,2011-12-01,2011,4,MSFT,Microsoft Corp.,19.97221136658344,20.464485026852348,19.6596574896366,20.284765243530277,1007166600,0.0,1.802,Tech,"2009–2016
(Recovery)",68.0110525820683
1356,2011-01-01,2011,5,CVX,Chevron Corp.,49.62790591093065,51.53916971504791,48.79409598855409,51.39839553833008,150552000,0.0,1.801,Non-Tech,"2009–2016
(Recovery)",148.68046972933845
1357,2011-02-01,2011,5,CVX,Chevron Corp.,51.77737859573709,56.27670199957239,51.52831922697734,56.173828125,181393300,0.72,1.801,Non-Tech,"2009–2016
(Recovery)",162.49439432193364
1358,2011-03-01,2011,5,CVX,Chevron Corp.,56.77088457465712,59.81481309205997,53.24145540606364,58.63651657104492,206698800,0.0,1.801,Non-Tech,"2009–2016
(Recovery)",169.618229047123
1359,2011-04-01,2011,5,CVX,Chevron Corp.,59.07292279170239,59.97300970573306,56.20901253189586,59.70025634765625,132781700,0.0,1.801,Non-Tech,"2009–2016
(Recovery)",172.6953159483748
1360,2011-05-01,2011,5,CVX,Chevron Corp.,59.72208814876132,59.776637998077,54.33793436737986,57.229122161865234,170799200,0.78,1.801,Non-Tech,"2009–2016
(Recovery)",165.5470501774396
1361,2011-06-01,2011,5,CVX,Chevron Corp.,57.57269835349546,57.69363432471801,53.32332246048131,56.5337142944336,175644000,0.0,1.801,Non-Tech,"2009–2016
(Recovery)",163.53543936157067
1362,2011-07-01,2011,5,CVX,Chevron Corp.,56.462268785815866,60.3323342856508,56.07746286435543,57.18240737915039,142457300,0.0,1.801,Non-Tech,"2009–2016
(Recovery)",165.41191802468265
1363,2011-08-01,2011,5,CVX,Chevron Corp.,58.314836113155074,58.342319850063056,47.99100002608455,54.33482360839844,314157800,0.78,1.801,Non-Tech,"2009–2016
(Recovery)",157.1746941153622
1364,2011-09-01,2011,5,CVX,Chevron Corp.,54.864332545446736,55.734315208759554,49.07367994592413,51.30681991577149,233101200,0.0,1.801,Non-Tech,"2009–2016
(Recovery)",148.4155683363054
1365,2011-10-01,2011,5,CVX,Chevron Corp.,50.94109334874057,60.95974947800965,48.031915287247294,58.21126937866211,207893500,0.0,1.801,Non-Tech,"2009–2016
(Recovery)",168.38811375553948
1366,2011-11-01,2011,5,CVX,Chevron Corp.,56.22748196040631,60.40007351881077,51.14057651696298,56.97555541992188,224716300,0.81,1.801,Non-Tech,"2009–2016
(Recovery)",164.81355603029718
1367,2011-12-01,2011,5,CVX,Chevron Corp.,57.42597201051842,60.59272125303893,55.47118789620829,59.425437927246094,159952000,0.0,1.801,Non-Tech,"2009–2016
(Recovery)",171.90034693409135
1368,2011-01-01,2011,6,JNJ,Johnson & Johnson,40.3038315215855,40.889437140446624,38.41187301846148,38.463356018066406,257253400,0.0,1.697,Non-Tech,"2009–2016
(Recovery)",161.27140162072118
1369,2011-02-01,2011,6,JNJ,Johnson & Johnson,38.41830815115312,39.5444729485622,38.199510320891285,39.53803634643555,199932400,0.54,1.697,Non-Tech,"2009–2016
(Recovery)",165.77738395801128
1370,2011-03-01,2011,6,JNJ,Johnson & Johnson,39.772238027194376,39.9345736926115,37.33720304593758,38.47355270385742,254534800,0.0,1.697,Non-Tech,"2009–2016
(Recovery)",161.3141548793976
1371,2011-04-01,2011,6,JNJ,Johnson & Johnson,38.72030739244117,42.83714036877984,38.3501822372868,42.6748046875,270819500,0.0,1.697,Non-Tech,"2009–2016
(Recovery)",178.92940913972862
1372,2011-05-01,2011,6,JNJ,Johnson & Johnson,42.80468101198857,43.74623115057614,42.0774201646304,43.69428253173828,270892200,0.57,1.697,Non-Tech,"2009–2016
(Recovery)",183.2039352831144
1373,2011-06-01,2011,6,JNJ,Johnson & Johnson,43.89638830840917,44.11908223443002,42.37030153796172,43.56890106201172,231770300,0.0,1.697,Non-Tech,"2009–2016
(Recovery)",182.67822854679707
1374,2011-07-01,2011,6,JNJ,Johnson & Johnson,43.54269541144107,44.57100490385713,42.00350174697902,42.43578720092773,202614600,0.0,1.697,Non-Tech,"2009–2016
(Recovery)",177.92724268672157
1375,2011-08-01,2011,6,JNJ,Johnson & Johnson,42.75673104628082,43.37895976837496,38.69589147886611,43.09732055664063,491488700,0.57,1.697,Non-Tech,"2009–2016
(Recovery)",180.7009583095749
1376,2011-09-01,2011,6,JNJ,Johnson & Johnson,43.38876979355608,43.70595564434063,40.30939399618506,42.08697128295898,264862000,0.0,1.697,Non-Tech,"2009–2016
(Recovery)",176.46470696903702
1377,2011-10-01,2011,6,JNJ,Johnson & Johnson,42.06054364619281,43.5209326598948,40.197060262014425,42.54954147338867,251590300,0.0,1.697,Non-Tech,"2009–2016
(Recovery)",178.40419823244946
1378,2011-11-01,2011,6,JNJ,Johnson & Johnson,42.08036588447743,43.27642994149103,40.342435503000026,42.767608642578125,236914800,0.57,1.697,Non-Tech,"2009–2016
(Recovery)",179.31852297327882
1379,2011-12-01,2011,6,JNJ,Johnson & Johnson,43.1378299584517,44.23161496879217,41.917324277573165,43.73807907104492,210285200,0.0,1.697,Non-Tech,"2009–2016
(Recovery)",183.38756796656511
1380,2011-01-01,2011,7,PG,The Procter & Gamble Co.,41.11275037013564,42.747298305719895,40.2316253513169,40.30824661254883,233997500,0.482,1.685,Non-Tech,"2009–2016
(Recovery)",190.81900152966676
1381,2011-02-01,2011,7,PG,The Procter & Gamble Co.,40.800038500578246,41.790612303859696,40.073188636744426,40.55561065673828,201096800,0.0,1.685,Non-Tech,"2009–2016
(Recovery)",191.99002145470305
1382,2011-03-01,2011,7,PG,The Procter & Gamble Co.,40.80003170037247,40.94154292117686,38.40078688193599,39.62292098999024,243731400,0.0,1.685,Non-Tech,"2009–2016
(Recovery)",187.57467407785907
1383,2011-04-01,2011,7,PG,The Procter & Gamble Co.,39.80303343595383,41.874230304128666,39.53930949682015,41.74558639526367,192430200,0.525,1.685,Non-Tech,"2009–2016
(Recovery)",197.62335957661608
1384,2011-05-01,2011,7,PG,The Procter & Gamble Co.,42.31229613949728,43.92073635871126,42.065843704713465,43.45376968383789,208058900,0.0,1.685,Non-Tech,"2009–2016
(Recovery)",205.70988918155103
1385,2011-06-01,2011,7,PG,The Procter & Gamble Co.,43.42782922931788,43.44728535061724,40.44443689179352,41.22919845581055,213601700,0.0,1.685,Non-Tech,"2009–2016
(Recovery)",195.1787821194133
1386,2011-07-01,2011,7,PG,The Procter & Gamble Co.,41.16435579056102,42.24745642824663,39.88019943237305,39.88019943237305,206299700,0.525,1.685,Non-Tech,"2009–2016
(Recovery)",188.79262870541933
1387,2011-08-01,2011,7,PG,The Procter & Gamble Co.,40.64499593157533,41.81543640949876,37.63716260266826,41.63888931274414,345536600,0.0,1.685,Non-Tech,"2009–2016
(Recovery)",197.1182562177871
1388,2011-09-01,2011,7,PG,The Procter & Gamble Co.,41.599655676940536,42.3058415676437,39.428784151147134,41.31195068359375,234702600,0.0,1.685,Non-Tech,"2009–2016
(Recovery)",195.57053067726375
1389,2011-10-01,2011,7,PG,The Procter & Gamble Co.,41.645410596025286,43.35203185968189,40.39650606471845,41.841575622558594,205920800,0.525,1.685,Non-Tech,"2009–2016
(Recovery)",198.07777201201878
1390,2011-11-01,2011,7,PG,The Procter & Gamble Co.,41.7740095718821,42.57824160873192,40.21168734157368,42.565059661865234,176927600,0.0,1.685,Non-Tech,"2009–2016
(Recovery)",201.50274118346778
1391,2011-12-01,2011,7,PG,The Procter & Gamble Co.,42.57165030109664,44.15375037518929,42.10361074892537,43.97576141357422,181383300,0.0,1.685,Non-Tech,"2009–2016
(Recovery)",208.18099494887608
1392,2011-01-01,2011,8,T,"AT&T, Inc.",7.532501485696363,7.639093539245739,6.903101093740345,6.98431396484375,918710096,0.43,1.641,Non-Tech,"2009–2016
(Recovery)",106.67696013115427
1393,2011-02-01,2011,8,T,"AT&T, Inc.",7.222995649229708,7.396327574397828,7.129862886823262,7.341999530792236,585418250,0.0,1.641,Non-Tech,"2009–2016
(Recovery)",112.14017513698623
1394,2011-03-01,2011,8,T,"AT&T, Inc.",7.360111128366979,8.012043950327966,7.054841619649985,7.918910503387451,1086976857,0.0,1.641,Non-Tech,"2009–2016
(Recovery)",120.95179344803991
1395,2011-04-01,2011,8,T,"AT&T, Inc.",7.986172158233006,8.231940645640227,7.737816558469675,8.050848007202148,784370039,0.43,1.641,Non-Tech,"2009–2016
(Recovery)",122.96697946417419
1396,2011-05-01,2011,8,T,"AT&T, Inc.",8.329494927433915,8.419116148693705,8.144981157400473,8.318951606750488,616475850,0.0,1.641,Non-Tech,"2009–2016
(Recovery)",127.06193813069471
1397,2011-06-01,2011,8,T,"AT&T, Inc.",8.284684262727438,8.324223545585388,7.936743366298519,8.279412269592285,640384374,0.0,1.641,Non-Tech,"2009–2016
(Recovery)",126.45802251136985
1398,2011-07-01,2011,8,T,"AT&T, Inc.",8.282048819842558,8.376942039996448,7.583530983718888,7.712690830230713,639251428,0.43,1.641,Non-Tech,"2009–2016
(Recovery)",117.8020370135018
1399,2011-08-01,2011,8,T,"AT&T, Inc.",8.068794902548044,8.074163526395237,7.33600079452879,7.644687175750732,1248449380,0.0,1.641,Non-Tech,"2009–2016
(Recovery)",116.76336332640102
1400,2011-09-01,2011,8,T,"AT&T, Inc.",7.674212868398697,7.8325818271503,7.325262534407875,7.655422687530518,1046470534,0.0,1.641,Non-Tech,"2009–2016
(Recovery)",116.92733530244396
1401,2011-10-01,2011,8,T,"AT&T, Inc.",7.687634426784711,7.999005104375942,7.395053253863491,7.867477893829346,740128049,0.43,1.641,Non-Tech,"2009–2016
(Recovery)",120.16622245754765
1402,2011-11-01,2011,8,T,"AT&T, Inc.",7.952242501205989,8.094687277987756,7.508473139698254,7.938546180725098,655395359,0.0,1.641,Non-Tech,"2009–2016
(Recovery)",121.25170470332426
1403,2011-12-01,2011,8,T,"AT&T, Inc.",7.92484841703509,8.30013544878504,7.809797675660905,8.283699035644531,671380806,0.0,1.641,Non-Tech,"2009–2016
(Recovery)",126.52349768524503
1404,2011-01-01,2011,9,GE,General Electric Co.,65.86061302344639,73.87501801452476,64.54268899996777,71.73784637451172,308097733,0.0,1.57,Non-Tech,"2009–2016
(Recovery)",62.04020647907779
1405,2011-02-01,2011,9,GE,General Electric Co.,72.59273350560458,77.11642174023818,71.52414175981765,74.51618957519531,200809196,0.670941,1.57,Non-Tech,"2009–2016
(Recovery)",64.44296868273092
1406,2011-03-01,2011,9,GE,General Electric Co.,75.74920122159949,75.92853332819243,66.7109441278914,71.91152954101562,298196364,0.0,1.57,Non-Tech,"2009–2016
(Recovery)",62.19041086987576
1407,2011-04-01,2011,9,GE,General Electric Co.,72.23431680013645,74.78080615806742,69.9747485024231,73.34616088867188,226126231,0.0,1.57,Non-Tech,"2009–2016
(Recovery)",63.431106395711545
1408,2011-05-01,2011,9,GE,General Electric Co.,74.2427776833712,74.27864636617417,68.03794662912762,70.44097137451172,190080188,0.0,1.57,Non-Tech,"2009–2016
(Recovery)",60.9186451715705
1409,2011-06-01,2011,9,GE,General Electric Co.,69.83131794696753,70.29757702225795,64.45140422213314,67.64348602294922,238271448,0.718866,1.57,Non-Tech,"2009–2016
(Recovery)",58.49932848443341
1410,2011-07-01,2011,9,GE,General Electric Co.,68.19974453463243,70.62253265729403,64.29434914009668,64.76444244384766,222506819,0.0,1.57,Non-Tech,"2009–2016
(Recovery)",56.009478744907554
1411,2011-08-01,2011,9,GE,General Electric Co.,66.50013381477324,66.60861903596115,53.590651545410665,58.97864532470703,435245458,0.0,1.57,Non-Tech,"2009–2016
(Recovery)",51.00581518294882
1412,2011-09-01,2011,9,GE,General Electric Co.,58.97867173984775,59.48492289980327,53.22906181928586,55.03711318969727,370610664,0.718866,1.57,Non-Tech,"2009–2016
(Recovery)",47.59710583553792
1413,2011-10-01,2011,9,GE,General Electric Co.,55.12687558827224,63.888760250762566,51.18402458418879,61.004638671875,299891057,0.0,1.57,Non-Tech,"2009–2016
(Recovery)",52.757931421947
1414,2011-11-01,2011,9,GE,General Electric Co.,58.88718043736926,60.931618074246366,53.59353959041147,58.0840072631836,261642251,0.0,1.57,Non-Tech,"2009–2016
(Recovery)",50.232115763939284
1415,2011-12-01,2011,9,GE,General Electric Co.,58.01100479408464,66.73638589909959,57.42687713581262,65.38558959960938,314929999,0.814714,1.57,Non-Tech,"2009–2016
(Recovery)",56.54665820797882
1416,2011-01-01,2011,10,KO,TheCoca-ColaCo.,20.629904835265314,20.629904835265314,19.380462217563828,19.681079864501957,366736200,0.0,1.506,Non-Tech,"2009–2016
(Recovery)",181.07987162586187
1417,2011-02-01,2011,10,KO,TheCoca-ColaCo.,19.69048277910744,20.276061359574378,19.45562492552164,20.016151428222656,315007200,0.0,1.506,Non-Tech,"2009–2016
(Recovery)",184.16276728818056
1418,2011-03-01,2011,10,KO,TheCoca-ColaCo.,20.12887905697358,20.933658366494,19.192579951133983,20.77395439147949,431192600,0.235,1.506,Non-Tech,"2009–2016
(Recovery)",191.13509117736658
1419,2011-04-01,2011,10,KO,TheCoca-ColaCo.,21.09805746211824,21.59641251856936,20.75740951924636,21.2778434753418,303736200,0.0,1.506,Non-Tech,"2009–2016
(Recovery)",195.77122757067673
1420,2011-05-01,2011,10,KO,TheCoca-ColaCo.,21.37246557926643,21.691032169468137,20.91196116375715,21.07282066345215,278651000,0.0,1.506,Non-Tech,"2009–2016
(Recovery)",193.8848725173489
1421,2011-06-01,2011,10,KO,TheCoca-ColaCo.,21.00658938689384,21.287307887813856,20.32214101527625,21.224225997924805,349221400,0.235,1.506,Non-Tech,"2009–2016
(Recovery)",195.27790880999814
1422,2011-07-01,2011,10,KO,TheCoca-ColaCo.,21.292096447624303,22.18165087940355,21.155486354683365,21.606618881225582,325485600,0.0,1.506,Non-Tech,"2009–2016
(Recovery)",198.79619412236252
1423,2011-08-01,2011,10,KO,TheCoca-ColaCo.,21.76229577967217,22.483468602522887,20.202399882481988,22.381805419921875,647917600,0.0,1.506,Non-Tech,"2009–2016
(Recovery)",205.92845921551947
1424,2011-09-01,2011,10,KO,TheCoca-ColaCo.,22.26743618766082,22.80116855383772,21.165026929518444,21.463661193847656,517243200,0.235,1.506,Non-Tech,"2009–2016
(Recovery)",197.4808821650641
1425,2011-10-01,2011,10,KO,TheCoca-ColaCo.,21.2997844403442,22.09944601159076,20.26022561791039,21.853151321411133,406481800,0.0,1.506,Non-Tech,"2009–2016
(Recovery)",201.06446715045635
1426,2011-11-01,2011,10,KO,TheCoca-ColaCo.,21.47250911667559,22.01308105641974,20.708032939366312,21.50449752807617,338562800,0.235,1.506,Non-Tech,"2009–2016
(Recovery)",197.85660535762668
1427,2011-12-01,2011,10,KO,TheCoca-ColaCo.,21.58661467076824,22.646614402558743,21.225762913743345,22.543514251708984,309556200,0.0,1.506,Non-Tech,"2009–2016
(Recovery)",207.41629497973446
1428,2012-01-01,2012,1,AAPL,"Apple, Inc.",12.25555989313528,13.71760388455585,12.243585452813074,13.664917945861816,6859854400,0.0,4.856,Tech,"2009–2016
(Recovery)",506.46812594275474
1429,2012-02-01,2012,1,AAPL,"Apple, Inc.",13.722702948388994,16.392944087017568,13.59008873524421,16.238176345825195,11368554400,0.0,4.856,Tech,"2009–2016
(Recovery)",601.841794819455
1430,2012-03-01,2012,1,AAPL,"Apple, Inc.",16.40970319599993,18.603372027291787,15.453266354547257,17.947786331176758,15584338000,0.0,4.856,Tech,"2009–2016
(Recovery)",665.205729297835
1431,2012-04-01,2012,1,AAPL,"Apple, Inc.",18.01603743858202,19.27841405058632,16.61416094874655,17.481689453125,15598990400,0.0,4.856,Tech,"2009–2016
(Recovery)",647.9306008799487
1432,2012-05-01,2012,1,AAPL,"Apple, Inc.",17.509230527173973,17.864264004236986,15.631680844726349,17.294593811035156,11106345600,0.0,4.856,Tech,"2009–2016
(Recovery)",640.9962029130735
1433,2012-06-01,2012,1,AAPL,"Apple, Inc.",17.038044226700283,17.661898295440633,16.419579456472878,17.48228645324707,7855825600,0.0,4.856,Tech,"2009–2016
(Recovery)",647.9527277258038
1434,2012-07-01,2012,1,AAPL,"Apple, Inc.",17.50414685387978,18.556077299625816,17.063197811228775,18.28336524963379,8909650400,0.0,4.856,Tech,"2009–2016
(Recovery)",677.643420223619
1435,2012-08-01,2012,1,AAPL,"Apple, Inc.",18.437531018047107,20.382136293862665,17.968741846517602,19.91424560546875,8276206400,0.094643,4.856,Tech,"2009–2016
(Recovery)",738.0893680682398
1436,2012-09-01,2012,1,AAPL,"Apple, Inc.",20.015378245456542,21.197190810306143,19.72195376511196,20.0556640625,9199005200,0.0,4.856,Tech,"2009–2016
(Recovery)",743.3308149023953
1437,2012-10-01,2012,1,AAPL,"Apple, Inc.",20.17771989164893,20.345778407131583,17.66858382542676,17.89767074584961,12142830000,0.0,4.856,Tech,"2009–2016
(Recovery)",663.3482760235654
1438,2012-11-01,2012,1,AAPL,"Apple, Inc.",17.98485466059909,18.128559606277605,15.20484160014899,17.595827102661133,12929851200,0.094643,4.856,Tech,"2009–2016
(Recovery)",652.1609286205979
1439,2012-12-01,2012,1,AAPL,"Apple, Inc.",17.928980783997435,17.95736981568565,15.137779769155092,16.072206497192383,12132752800,0.0,4.856,Tech,"2009–2016
(Recovery)",595.6903902861026
1440,2012-01-01,2012,2,XOM,Exxon Mobil Corp.,49.18853384070405,50.31568831708957,47.75241283029188,47.91261672973633,333545900,0.0,3.277,Non-Tech,"2009–2016
(Recovery)",264.12811470221453
1441,2012-02-01,2012,2,XOM,Exxon Mobil Corp.,48.192968496543386,50.25274062210914,47.59792243978386,49.49176788330078,300700700,0.47,3.277,Non-Tech,"2009–2016
(Recovery)",272.8335089279893
1442,2012-03-01,2012,2,XOM,Exxon Mobil Corp.,49.74537789940449,50.19410385626162,48.35317572835573,49.89495468139648,338912600,0.0,3.277,Non-Tech,"2009–2016
(Recovery)",275.05615874598067
1443,2012-04-01,2012,2,XOM,Exxon Mobil Corp.,49.820170061622015,50.43573088958157,47.104797455965866,49.67059326171875,300234500,0.0,3.277,Non-Tech,"2009–2016
(Recovery)",273.81932045919575
1444,2012-05-01,2012,2,XOM,Exxon Mobil Corp.,49.73963478183037,50.34944153631082,45.10854715120762,45.235107421875,353685200,0.57,3.277,Non-Tech,"2009–2016
(Recovery)",249.36779615037628
1445,2012-06-01,2012,2,XOM,Exxon Mobil Corp.,45.10649342157781,49.64204715845858,44.67784244261272,49.56674575805664,497990800,0.0,3.277,Non-Tech,"2009–2016
(Recovery)",273.24683982192386
1446,2012-07-01,2012,2,XOM,Exxon Mobil Corp.,49.49147013811261,50.88747017647724,47.97961663183193,50.3082160949707,314314800,0.0,3.277,Non-Tech,"2009–2016
(Recovery)",277.33434694559924
1447,2012-08-01,2012,2,XOM,Exxon Mobil Corp.,50.40669854434014,51.501493048255774,49.52623410477317,50.56889343261719,248010000,0.57,3.277,Non-Tech,"2009–2016
(Recovery)",278.7713841695634
1448,2012-09-01,2012,2,XOM,Exxon Mobil Corp.,50.91500249872804,53.97001794282806,50.44275452774791,53.31703567504883,254195800,0.0,3.277,Non-Tech,"2009–2016
(Recovery)",293.9210812424951
1449,2012-10-01,2012,2,XOM,Exxon Mobil Corp.,53.51525870974059,54.6113316848662,52.28508954736538,53.153785705566406,241112300,0.0,3.277,Non-Tech,"2009–2016
(Recovery)",293.02113234369443
1450,2012-11-01,2012,2,XOM,Exxon Mobil Corp.,52.61742616608813,53.66686137577899,49.59155835154508,51.38725662231445,285676100,0.57,3.277,Non-Tech,"2009–2016
(Recovery)",283.2827788958355
1451,2012-12-01,2012,2,XOM,Exxon Mobil Corp.,51.94950991922354,53.017246666155,49.69083207201046,50.77617263793945,282441200,0.0,3.277,Non-Tech,"2009–2016
(Recovery)",279.9140532503937
1452,2012-01-01,2012,3,GE,General Electric Co.,67.19961374450756,71.03326931332228,67.19961374450756,68.968994140625,205042409,0.0,1.862,Non-Tech,"2009–2016
(Recovery)",59.64565223774192
1453,2012-02-01,2012,3,GE,General Electric Co.,69.81680686084518,71.88108752645981,68.93211682367266,70.2222900390625,199065095,0.814714,1.862,Non-Tech,"2009–2016
(Recovery)",60.72952553821042
1454,2012-03-01,2012,3,GE,General Electric Co.,71.215287878349,78.09509040265839,68.1286729728179,74.6365966796875,222053272,0.0,1.862,Non-Tech,"2009–2016
(Recovery)",64.54709895708075
1455,2012-04-01,2012,3,GE,General Electric Co.,74.4878307272143,74.78533372355095,69.54180493167445,72.81436157226562,175822057,0.0,1.862,Non-Tech,"2009–2016
(Recovery)",62.97119658432643
1456,2012-05-01,2012,3,GE,General Electric Co.,72.8143798008916,74.19034038374478,68.12867683444281,70.9921646118164,201236579,0.0,1.862,Non-Tech,"2009–2016
(Recovery)",61.39532720177435
1457,2012-06-01,2012,3,GE,General Electric Co.,69.98806478527906,77.50006866455078,67.01301116487673,77.50006866455078,260480190,1.078298,1.862,Non-Tech,"2009–2016
(Recovery)",67.0234820960523
1458,2012-07-01,2012,3,GE,General Electric Co.,78.00368491596971,78.98155097921006,72.813468589016,78.04129791259766,218270999,0.0,1.862,Non-Tech,"2009–2016
(Recovery)",67.49154708543111
1459,2012-08-01,2012,3,GE,General Electric Co.,78.45498383621873,79.69612248483348,75.97270653898923,77.89083099365234,145550907,0.0,1.862,Non-Tech,"2009–2016
(Recovery)",67.36142053171629
1460,2012-09-01,2012,3,GE,General Electric Co.,77.589947872101,86.35313870682545,77.02579500928314,85.41287994384766,211786594,0.814714,1.862,Non-Tech,"2009–2016
(Recovery)",73.86662655058075
1461,2012-10-01,2012,3,GE,General Electric Co.,86.14097022267222,87.84636010452658,79.47101766571897,79.81209564208984,189957202,0.0,1.862,Non-Tech,"2009–2016
(Recovery)",69.02296546948523
1462,2012-11-01,2012,3,GE,General Electric Co.,79.69836715561186,82.5406783972558,75.30226159556925,80.07733917236328,173370945,0.0,1.862,Non-Tech,"2009–2016
(Recovery)",69.25235294369926
1463,2012-12-01,2012,3,GE,General Electric Co.,80.26687953254626,83.1849870438362,76.78031061599316,79.54682922363281,188550257,0.910563,1.862,Non-Tech,"2009–2016
(Recovery)",68.79355820114985
1464,2012-01-01,2012,4,CVX,Chevron Corp.,60.73234689061215,61.9889937840126,57.01267430191419,57.59352493286133,157208700,0.0,1.776,Non-Tech,"2009–2016
(Recovery)",166.60116041949894
1465,2012-02-01,2012,4,CVX,Chevron Corp.,58.31957097684588,61.94988334992382,57.34776547315793,60.9445686340332,130980800,0.81,1.776,Non-Tech,"2009–2016
(Recovery)",176.2947461113367
1466,2012-03-01,2012,4,CVX,Chevron Corp.,61.439849624153766,63.19012875794403,59.00859437016319,60.3367805480957,146979700,0.0,1.776,Non-Tech,"2009–2016
(Recovery)",174.53659360158196
1467,2012-04-01,2012,4,CVX,Chevron Corp.,60.134160831793736,61.225975717068174,56.56607131471212,59.970951080322266,119736700,0.0,1.776,Non-Tech,"2009–2016
(Recovery)",173.47835634456823
1468,2012-05-01,2012,4,CVX,Chevron Corp.,60.07226262952954,61.2259849846087,54.41059102107062,55.327938079833984,162164600,0.9,1.776,Non-Tech,"2009–2016
(Recovery)",160.04748274157382
1469,2012-06-01,2012,4,CVX,Chevron Corp.,54.88326731545385,59.91447035979945,54.36084098706488,59.908790588378906,157272500,0.0,1.776,Non-Tech,"2009–2016
(Recovery)",173.29854428927064
1470,2012-07-01,2012,4,CVX,Chevron Corp.,59.95988056403064,62.92976774565077,58.65381506913837,62.22562789916992,134265900,0.0,1.776,Non-Tech,"2009–2016
(Recovery)",180.00047449637177
1471,2012-08-01,2012,4,CVX,Chevron Corp.,62.30514982689078,64.6617526702648,61.59532995433214,63.69071960449219,112997400,0.9,1.776,Non-Tech,"2009–2016
(Recovery)",184.23855470612122
1472,2012-09-01,2012,4,CVX,Chevron Corp.,64.1261601611898,67.8467711188752,63.30190033617598,66.7191390991211,117894900,0.0,1.776,Non-Tech,"2009–2016
(Recovery)",192.99888327830647
1473,2012-10-01,2012,4,CVX,Chevron Corp.,66.92521818730471,67.76092430098775,62.40896828207529,63.1015739440918,129445500,0.0,1.776,Non-Tech,"2009–2016
(Recovery)",182.53432926075672
1474,2012-11-01,2012,4,CVX,Chevron Corp.,62.97564701012444,63.93156137905784,57.61796993348966,60.49715042114258,128417700,0.9,1.776,Non-Tech,"2009–2016
(Recovery)",175.00049656597045
1475,2012-12-01,2012,4,CVX,Chevron Corp.,61.19773035741322,64.14792318268219,60.00841738450992,62.433231353759766,125418100,0.0,1.776,Non-Tech,"2009–2016
(Recovery)",180.60101034622787
1476,2012-01-01,2012,5,MSFT,Microsoft Corp.,20.745791077850328,23.4025038216231,20.620769477011027,23.07432174682617,1354858100,0.0,1.744,Tech,"2009–2016
(Recovery)",77.36391773720328
1477,2012-02-01,2012,5,MSFT,Microsoft Corp.,23.27747700106896,25.00433840691679,23.21496472429195,24.801177978515625,984332300,0.2,1.744,Tech,"2009–2016
(Recovery)",83.15374614118556
1478,2012-03-01,2012,5,MSFT,Microsoft Corp.,25.11389417110157,25.91615484463497,24.767820674642508,25.37344741821289,942366500,0.0,1.744,Tech,"2009–2016
(Recovery)",85.07245934723437
1479,2012-04-01,2012,5,MSFT,Microsoft Corp.,25.34198555693892,25.86895896715957,23.77679027812604,25.18467903137207,940739700,0.0,1.744,Tech,"2009–2016
(Recovery)",84.43955398554388
1480,2012-05-01,2012,5,MSFT,Microsoft Corp.,25.20827299003456,25.436367293310543,22.526207183613515,22.958799362182617,1014372600,0.2,1.744,Tech,"2009–2016
(Recovery)",76.97659262488017
1481,2012-06-01,2012,5,MSFT,Microsoft Corp.,22.769023465322487,24.653246563642316,22.420679153605427,24.217817306518555,973131400,0.0,1.744,Tech,"2009–2016
(Recovery)",81.19784609200173
1482,2012-07-01,2012,5,MSFT,Microsoft Corp.,24.24156684297248,24.58199253263941,22.594850454928118,23.33112144470215,846604100,0.0,1.744,Tech,"2009–2016
(Recovery)",78.22491945675107
1483,2012-08-01,2012,5,MSFT,Microsoft Corp.,23.426126998723927,24.510742368813464,22.9352781199034,24.399906158447266,671748400,0.2,1.744,Tech,"2009–2016
(Recovery)",81.80835621299421
1484,2012-09-01,2012,5,MSFT,Microsoft Corp.,24.26668465936808,25.19112964448365,23.70085970880402,23.716798782348636,893107700,0.0,1.744,Tech,"2009–2016
(Recovery)",79.51802398004612
1485,2012-10-01,2012,5,MSFT,Microsoft Corp.,23.7566421777677,24.10729415471845,22.12292533066796,22.744535446166992,1105402300,0.0,1.744,Tech,"2009–2016
(Recovery)",76.25820548637353
1486,2012-11-01,2012,5,MSFT,Microsoft Corp.,22.983612168336,24.06744456818485,20.99127409216286,21.21441650390625,1310516100,0.23,1.744,Tech,"2009–2016
(Recovery)",71.12800069526287
1487,2012-12-01,2012,5,MSFT,Microsoft Corp.,21.517299007577364,22.28060777936532,21.09948701926933,21.4610538482666,947310900,0.0,1.744,Tech,"2009–2016
(Recovery)",71.9549299298195
1488,2012-01-01,2012,6,IBM,International Business Machines Corp.,105.1089324449637,108.6945631186583,99.82900669211708,108.41311645507812,115075689,0.0,1.732,Tech,"2009–2016
(Recovery)",197.21614255375314
1489,2012-02-01,2012,6,IBM,International Business Machines Corp.,108.75650039214432,112.14510909419636,107.41681871776636,110.73788452148438,82435156,0.717017,1.732,Tech,"2009–2016
(Recovery)",201.44516765127224
1490,2012-03-01,2012,6,IBM,International Business Machines Corp.,111.451640296052,118.17049529350535,111.21430157189016,117.90489959716795,92149356,0.0,1.732,Tech,"2009–2016
(Recovery)",214.4828065742026
1491,2012-04-01,2012,6,IBM,International Business Machines Corp.,118.0801250071606,119.0577192236129,111.20304448519413,117.01776885986328,90586736,0.0,1.732,Tech,"2009–2016
(Recovery)",212.86901197376247
1492,2012-05-01,2012,6,IBM,International Business Machines Corp.,117.0742303599726,118.06312519893922,108.4962503810097,109.00482177734376,89961544,0.81262,1.732,Tech,"2009–2016
(Recovery)",198.29252376113322
1493,2012-06-01,2012,6,IBM,International Business Machines Corp.,107.88396101268604,113.48470996869524,106.11351303628156,110.98225402832033,88448819,0.0,1.732,Tech,"2009–2016
(Recovery)",201.8897043740582
1494,2012-07-01,2012,6,IBM,International Business Machines Corp.,111.42488016289178,112.2647018855334,103.19114579804652,111.20924377441406,95726259,0.0,1.732,Tech,"2009–2016
(Recovery)",202.30262527872023
1495,2012-08-01,2012,6,IBM,International Business Machines Corp.,111.76529553642452,114.62525454908756,109.52953967774636,110.5679702758789,63443772,0.81262,1.732,Tech,"2009–2016
(Recovery)",201.13607375950937
1496,2012-09-01,2012,6,IBM,International Business Machines Corp.,112.0430875547297,118.716327191622,110.12830969763208,118.22053527832033,80899106,0.0,1.732,Tech,"2009–2016
(Recovery)",215.0569848058098
1497,2012-10-01,2012,6,IBM,International Business Machines Corp.,118.53968854729412,120.69381750426486,108.5953698569372,110.85777282714844,100578129,0.0,1.732,Tech,"2009–2016
(Recovery)",201.66325850552943
1498,2012-11-01,2012,6,IBM,International Business Machines Corp.,110.94322637493076,112.83521060784112,105.30146402541932,108.31610870361328,85659554,0.81262,1.732,Tech,"2009–2016
(Recovery)",197.03967410447987
1499,2012-12-01,2012,6,IBM,International Business Machines Corp.,109.18504886600334,112.44181922703416,106.99860032555908,109.63721466064452,82968929,0.0,1.732,Tech,"2009–2016
(Recovery)",199.44292040225088
1500,2012-01-01,2012,7,T,"AT&T, Inc.",8.343964644848114,8.404229418769372,7.94950248270179,8.056336402893066,792724609,0.44,1.689,Non-Tech,"2009–2016
(Recovery)",123.0508080794471
1501,2012-02-01,2012,7,T,"AT&T, Inc.",8.353379132419244,8.557256911912848,8.261216180506478,8.543292999267578,629477795,0.0,1.689,Non-Tech,"2009–2016
(Recovery)",130.4884819409784
1502,2012-03-01,2012,7,T,"AT&T, Inc.",8.529329059164729,8.92870517384924,8.501400526370972,8.722034454345703,905828104,0.0,1.689,Non-Tech,"2009–2016
(Recovery)",133.2185417826654
1503,2012-04-01,2012,7,T,"AT&T, Inc.",8.735993805096202,9.202397694048072,8.364546447208786,9.1912260055542,653234458,0.44,1.689,Non-Tech,"2009–2016
(Recovery)",140.38487603597713
1504,2012-05-01,2012,7,T,"AT&T, Inc.",9.369714517400308,9.790825201492131,9.238829055537805,9.72253704071045,785049249,0.0,1.689,Non-Tech,"2009–2016
(Recovery)",148.50001037843413
1505,2012-06-01,2012,7,T,"AT&T, Inc.",9.70261682645306,10.243231808636253,9.611565972848652,10.146490097045898,922534470,0.0,1.689,Non-Tech,"2009–2016
(Recovery)",154.97538126179182
1506,2012-07-01,2012,7,T,"AT&T, Inc.",10.157875377510594,10.843603934757231,9.74245550314435,10.789542198181152,727421091,0.44,1.689,Non-Tech,"2009–2016
(Recovery)",164.7972254257798
1507,2012-08-01,2012,7,T,"AT&T, Inc.",11.031802237145364,11.072297035173298,10.53719362151673,10.59793472290039,636645796,0.0,1.689,Non-Tech,"2009–2016
(Recovery)",161.87065266512727
1508,2012-09-01,2012,7,T,"AT&T, Inc.",10.580584036372484,11.159074263650083,10.56901388121617,10.90453815460205,666377807,0.0,1.689,Non-Tech,"2009–2016
(Recovery)",166.5536497675413
1509,2012-10-01,2012,7,T,"AT&T, Inc.",10.884289490138196,11.115685984800166,9.545085135124555,10.004984855651855,735543169,0.44,1.689,Non-Tech,"2009–2016
(Recovery)",152.81405961008406
1510,2012-11-01,2012,7,T,"AT&T, Inc.",10.23277744117,10.39137926523337,9.607180162389156,10.024245262145996,767649241,0.0,1.689,Non-Tech,"2009–2016
(Recovery)",153.10823905648746
1511,2012-12-01,2012,7,T,"AT&T, Inc.",10.053619814148911,10.188725844592325,9.721730187081896,9.90089225769043,648534523,0.0,1.689,Non-Tech,"2009–2016
(Recovery)",151.22417089967186
1512,2012-01-01,2012,8,GOOGL,"Google, Inc. (Class A)",16.2058984978025,16.63553126136896,14.012068712313146,14.398265838623049,2942758296,0.0,1.55,Tech,"2009–2016
(Recovery)",100.0
1513,2012-02-01,2012,8,GOOGL,"Google, Inc. (Class A)",14.518145567002405,15.527322776367413,14.374190887633452,15.34489631652832,1892689416,0.0,1.55,Tech,"2009–2016
(Recovery)",106.57461453007733
1514,2012-03-01,2012,8,GOOGL,"Google, Inc. (Class A)",15.444426101802735,16.346133283904074,14.739044771008542,15.915507316589355,1891314792,0.0,1.55,Tech,"2009–2016
(Recovery)",110.53766818151348
1515,2012-04-01,2012,8,GOOGL,"Google, Inc. (Class A)",15.903840591993417,16.21086192684475,14.648698072879272,15.012309074401855,2352752892,0.0,1.55,Tech,"2009–2016
(Recovery)",104.26470272643284
1516,2012-05-01,2012,8,GOOGL,"Google, Inc. (Class A)",14.986002718595955,15.83136706182662,14.370716177181416,14.416881561279297,2344585068,0.0,1.55,Tech,"2009–2016
(Recovery)",100.12929142207051
1517,2012-06-01,2012,8,GOOGL,"Google, Inc. (Class A)",14.191764853572437,14.59136478153551,13.812764742003054,14.397273063659668,1858311828,0.0,1.55,Tech,"2009–2016
(Recovery)",99.99310489905862
1518,2012-07-01,2012,8,GOOGL,"Google, Inc. (Class A)",14.440706692001095,15.949260296106925,13.951010151484,15.710244178771973,2049412536,0.0,1.55,Tech,"2009–2016
(Recovery)",109.11205804125083
1519,2012-08-01,2012,8,GOOGL,"Google, Inc. (Class A)",15.817714411835246,17.1006556426747,15.472966637834729,17.003856658935547,1880649468,0.0,1.55,Tech,"2009–2016
(Recovery)",118.09656002685445
1520,2012-09-01,2012,8,GOOGL,"Google, Inc. (Class A)",16.99045404121323,18.98448475083631,16.716195295729747,18.72660446166992,2404696896,0.0,1.55,Tech,"2009–2016
(Recovery)",130.06152735030207
1521,2012-10-01,2012,8,GOOGL,"Google, Inc. (Class A)",18.839539691660747,19.220029580823297,16.621881514042983,16.884973526000977,2869080048,0.0,1.55,Tech,"2009–2016
(Recovery)",117.27088328031412
1522,2012-11-01,2012,8,GOOGL,"Google, Inc. (Class A)",16.865116970331254,17.35456387629491,15.785451562000384,17.333467483520508,1865300832,0.0,1.55,Tech,"2009–2016
(Recovery)",120.38579977474677
1523,2012-12-01,2012,8,GOOGL,"Google, Inc. (Class A)",17.429519282137676,18.09618186961493,16.935354494683406,17.557092666625977,1666152180,0.0,1.55,Tech,"2009–2016
(Recovery)",121.9389394765128
1524,2012-01-01,2012,9,PG,The Procter & Gamble Co.,43.70547621116128,44.16691962837201,41.33232678202403,41.55645751953125,286695300,0.525,1.483,Non-Tech,"2009–2016
(Recovery)",196.72802459530104
1525,2012-02-01,2012,9,PG,The Procter & Gamble Co.,42.14085614241325,45.0313112860625,41.56941176690158,44.93164443969727,235104300,0.0,1.483,Non-Tech,"2009–2016
(Recovery)",212.70613955209413
1526,2012-03-01,2012,9,PG,The Procter & Gamble Co.,44.81205646988808,45.150934017520456,43.9881063783839,44.65922546386719,176509200,0.0,1.483,Non-Tech,"2009–2016
(Recovery)",211.41650972856695
1527,2012-04-01,2012,9,PG,The Procter & Gamble Co.,44.80539680362435,45.13098702488728,42.05448008138725,42.28704452514648,260484800,0.562,1.483,Non-Tech,"2009–2016
(Recovery)",200.18661916732702
1528,2012-05-01,2012,9,PG,The Procter & Gamble Co.,42.44371751702374,43.42875311066072,41.53239005270918,41.74011993408203,230071300,0.0,1.483,Non-Tech,"2009–2016
(Recovery)",197.59748138164997
1529,2012-06-01,2012,9,PG,The Procter & Gamble Co.,41.38496702737508,42.6648453119553,39.58241671170868,41.04322052001953,253133100,0.0,1.483,Non-Tech,"2009–2016
(Recovery)",194.2983636691813
1530,2012-07-01,2012,9,PG,The Procter & Gamble Co.,40.90250971018828,44.05864962496692,40.72828396080544,43.24783706665039,326914900,0.562,1.483,Non-Tech,"2009–2016
(Recovery)",204.73500538737784
1531,2012-08-01,2012,9,PG,The Procter & Gamble Co.,43.84603663120855,45.58987069140145,42.74430881379674,45.41413879394531,205192800,0.0,1.483,Non-Tech,"2009–2016
(Recovery)",214.9902649770053
1532,2012-09-01,2012,9,PG,The Procter & Gamble Co.,45.43440557941654,47.29314721991675,45.29246592749791,46.88084411621094,192197500,0.0,1.483,Non-Tech,"2009–2016
(Recovery)",221.9336393148472
1533,2012-10-01,2012,9,PG,The Procter & Gamble Co.,46.86056643263933,47.8744254805627,45.461441152775215,46.79973220825195,196136900,0.562,1.483,Non-Tech,"2009–2016
(Recovery)",221.549656021362
1534,2012-11-01,2012,9,PG,The Procter & Gamble Co.,47.12953454918533,47.62699488811037,44.86028313167093,47.58610916137695,165939000,0.0,1.483,Non-Tech,"2009–2016
(Recovery)",225.27235987557876
1535,2012-12-01,2012,9,PG,The Procter & Gamble Co.,47.59292202927734,48.37659808633078,45.54174159708887,46.26408386230469,181564600,0.0,1.483,Non-Tech,"2009–2016
(Recovery)",219.01389991350757
1536,2012-01-01,2012,10,JNJ,Johnson & Johnson,43.744734023426325,44.01818275263817,42.91105631977788,43.95816040039063,212136100,0.0,1.475,Non-Tech,"2009–2016
(Recovery)",184.31033779552814
1537,2012-02-01,2012,10,JNJ,Johnson & Johnson,43.998187968995865,44.23161677554876,42.69764732385885,43.40460968017578,192370000,0.57,1.475,Non-Tech,"2009–2016
(Recovery)",181.98937806244408
1538,2012-03-01,2012,10,JNJ,Johnson & Johnson,43.80818146397247,44.528112970006,43.14207785994231,44.38008880615234,208163900,0.0,1.475,Non-Tech,"2009–2016
(Recovery)",186.07942381466867
1539,2012-04-01,2012,10,JNJ,Johnson & Johnson,44.433929274945655,44.60886743927695,42.2270334351107,43.80146408081055,229665900,0.0,1.475,Non-Tech,"2009–2016
(Recovery)",183.65333233101228
1540,2012-05-01,2012,10,JNJ,Johnson & Johnson,43.67361079240866,44.06385019459723,41.71566347807756,42.004981994628906,278010100,0.61,1.475,Non-Tech,"2009–2016
(Recovery)",176.12093750074973
1541,2012-06-01,2012,10,JNJ,Johnson & Johnson,42.14895944675127,45.99426795305665,41.92476161326935,45.89915466308594,451142100,0.0,1.475,Non-Tech,"2009–2016
(Recovery)",192.44865170489214
1542,2012-07-01,2012,10,JNJ,Johnson & Johnson,45.80403925771309,47.35303297516703,45.51869940097901,47.02693176269531,273347200,0.0,1.475,Non-Tech,"2009–2016
(Recovery)",197.17726128031055
1543,2012-08-01,2012,10,JNJ,Johnson & Johnson,47.20358311992469,47.38701444357637,45.4168006200177,45.81084442138672,224101500,0.61,1.475,Non-Tech,"2009–2016
(Recovery)",192.07837937479158
1544,2012-09-01,2012,10,JNJ,Johnson & Johnson,46.26823867363405,47.74218721262852,45.91175134880928,47.24173355102539,200224200,0.0,1.475,Non-Tech,"2009–2016
(Recovery)",198.077894741893
1545,2012-10-01,2012,10,JNJ,Johnson & Johnson,47.24858066519729,49.86740783462774,46.48076027858989,48.55113983154297,267146700,0.0,1.475,Non-Tech,"2009–2016
(Recovery)",203.56804973645086
1546,2012-11-01,2012,10,JNJ,Johnson & Johnson,48.74310771704744,49.29155547742245,46.9675173767676,47.803897857666016,211662500,0.61,1.475,Non-Tech,"2009–2016
(Recovery)",200.4349700223363
1547,2012-12-01,2012,10,JNJ,Johnson & Johnson,48.27503459544203,49.53378164973919,47.846228682377486,48.48251724243164,232603000,0.0,1.475,Non-Tech,"2009–2016
(Recovery)",203.28032494395933
1548,2013-01-01,2013,1,AAPL,"Apple, Inc.",16.72606462085592,16.76170212336534,13.137550378296682,13.75637435913086,13123423600,0.0,2.897,Tech,"2009–2016
(Recovery)",509.85781027290074
1549,2013-02-01,2013,1,AAPL,"Apple, Inc.",13.86570431457146,14.64580359128503,13.217887201379874,13.330840110778809,9344034000,0.094643,2.897,Tech,"2009–2016
(Recovery)",494.08607024920093
1550,2013-03-01,2013,1,AAPL,"Apple, Inc.",13.305249865704534,14.275805614543277,12.728082051828356,13.44680881500244,9176876800,0.0,2.897,Tech,"2009–2016
(Recovery)",498.38426307617937
1551,2013-04-01,2013,1,AAPL,"Apple, Inc.",13.423720995191944,13.525485193187722,11.698290787330968,13.45045280456543,10963489600,0.0,2.897,Tech,"2009–2016
(Recovery)",498.5193216672543
1552,2013-05-01,2013,1,AAPL,"Apple, Inc.",13.501486222196275,14.1482183277074,12.725042997637082,13.661575317382812,9447530400,0.108929,2.897,Tech,"2009–2016
(Recovery)",506.3442368138049
1553,2013-06-01,2013,1,AAPL,"Apple, Inc.",13.78257980593846,13.89571984289407,11.89100302318768,12.12523365020752,7018536000,0.0,2.897,Tech,"2009–2016
(Recovery)",449.40221286131754
1554,2013-07-01,2013,1,AAPL,"Apple, Inc.",12.313596759762662,13.984702296178927,12.26864596303148,13.837620735168455,6538114800,0.0,2.897,Tech,"2009–2016
(Recovery)",512.8690760539632
1555,2013-08-01,2013,1,AAPL,"Apple, Inc.",13.936084747319889,15.709321900733286,13.859943316996644,14.898385047912598,8058338400,0.108929,2.897,Tech,"2009–2016
(Recovery)",552.1845930348153
1556,2013-09-01,2013,1,AAPL,"Apple, Inc.",15.177744034839876,15.633907187027562,13.765546436043293,14.674488067626951,8630941200,0.0,2.897,Tech,"2009–2016
(Recovery)",543.8862128719213
1557,2013-10-01,2013,1,AAPL,"Apple, Inc.",14.7268145016862,16.598254331625224,14.721582148882575,16.08884048461914,7837732000,0.0,2.897,Tech,"2009–2016
(Recovery)",596.306902179724
1558,2013-11-01,2013,1,AAPL,"Apple, Inc.",16.129472014562033,17.18554266249343,15.771189806107952,17.11598014831543,5225155600,0.108929,2.897,Tech,"2009–2016
(Recovery)",634.3761758200585
1559,2013-12-01,2013,1,AAPL,"Apple, Inc.",17.275660943040872,17.806314495313444,16.68122922896244,17.369159698486328,7057397200,0.0,2.897,Tech,"2009–2016
(Recovery)",643.7598671682321
1560,2013-01-01,2013,2,XOM,Exxon Mobil Corp.,51.50363971839753,53.93244749576623,51.180970180564735,52.78257751464844,261496700,0.0,2.532,Non-Tech,"2009–2016
(Recovery)",290.97477114864137
1561,2013-02-01,2013,2,XOM,Exxon Mobil Corp.,53.058313321252726,53.09351200741419,51.39803999309685,52.53617858886719,237182000,0.57,2.532,Non-Tech,"2009–2016
(Recovery)",289.6164465950408
1562,2013-03-01,2013,2,XOM,Exxon Mobil Corp.,52.588400800422,53.71609854890553,51.89761453282273,53.20243453979492,265045600,0.0,2.532,Non-Tech,"2009–2016
(Recovery)",293.289319008174
1563,2013-04-01,2013,2,XOM,Exxon Mobil Corp.,53.21427363688492,53.72203253183375,50.19724291403549,52.54119873046875,296347200,0.0,2.532,Non-Tech,"2009–2016
(Recovery)",289.6441211540038
1564,2013-05-01,2013,2,XOM,Exxon Mobil Corp.,52.26368561880651,55.20396284087716,51.6496561993152,53.415000915527344,276095000,0.63,2.532,Non-Tech,"2009–2016
(Recovery)",294.461134698976
1565,2013-06-01,2013,2,XOM,Exxon Mobil Corp.,53.82016417941325,54.85459444521062,52.32796569400362,53.71315383911133,291767600,0.0,2.532,Non-Tech,"2009–2016
(Recovery)",296.104763767357
1566,2013-07-01,2013,2,XOM,Exxon Mobil Corp.,53.73695762054374,56.768912523953865,53.48132194920754,55.73448181152344,237784200,0.0,2.532,Non-Tech,"2009–2016
(Recovery)",307.2477482876892
1567,2013-08-01,2013,2,XOM,Exxon Mobil Corp.,55.10429324913677,55.34803627451842,51.35893553535341,51.81670379638672,271631600,0.63,2.532,Non-Tech,"2009–2016
(Recovery)",285.6501944158796
1568,2013-09-01,2013,2,XOM,Exxon Mobil Corp.,52.49808844371443,53.797075448147865,51.246995896261154,51.50439834594727,238532800,0.0,2.532,Non-Tech,"2009–2016
(Recovery)",283.92854664403916
1569,2013-10-01,2013,2,XOM,Exxon Mobil Corp.,51.47448049406988,54.449573379824855,50.75615021101656,53.647438049316406,287672200,0.0,2.532,Non-Tech,"2009–2016
(Recovery)",295.74249201412323
1570,2013-11-01,2013,2,XOM,Exxon Mobil Corp.,53.71924202537297,57.46654064182728,52.839284891070136,55.958045959472656,250351200,0.63,2.532,Non-Tech,"2009–2016
(Recovery)",308.4801914507483
1571,2013-12-01,2013,2,XOM,Exxon Mobil Corp.,56.21225393156781,61.316980816472736,56.00131575411459,60.99153137207031,269290800,0.0,2.532,Non-Tech,"2009–2016
(Recovery)",336.2283109055847
1572,2013-01-01,2013,3,MSFT,Microsoft Corp.,21.89493425935744,22.682348041062568,21.115555499815475,22.05563163757324,1145054400,0.0,1.688,Tech,"2009–2016
(Recovery)",73.9484388912092
1573,2013-02-01,2013,3,MSFT,Microsoft Corp.,22.23240838266536,22.658255570092408,21.77442262341761,22.33686065673828,780587000,0.23,1.688,Tech,"2009–2016
(Recovery)",74.89134759044285
1574,2013-03-01,2013,3,MSFT,Microsoft Corp.,22.456979003559997,23.218507603111483,22.294952661135977,23.178001403808597,844946000,0.0,1.688,Tech,"2009–2016
(Recovery)",77.71153638193825
1575,2013-04-01,2013,3,MSFT,Microsoft Corp.,23.202306007597336,26.823616705480024,22.77293470442113,26.815513610839844,1465757200,0.0,1.688,Tech,"2009–2016
(Recovery)",89.90743961326706
1576,2013-05-01,2013,3,MSFT,Microsoft Corp.,26.677783045267248,28.58160171724758,26.183599510811533,28.27375221252441,1071860000,0.23,1.688,Tech,"2009–2016
(Recovery)",94.79664296493033
1577,2013-06-01,2013,3,MSFT,Microsoft Corp.,28.48832429370211,29.189927316759118,26.571155847799847,28.178316116333008,945155500,0.0,1.688,Tech,"2009–2016
(Recovery)",94.47666344934925
1578,2013-07-01,2013,3,MSFT,Microsoft Corp.,28.34964824274126,29.72022141394792,25.306650401935915,25.97562026977539,1111130600,0.0,1.688,Tech,"2009–2016
(Recovery)",87.09143314256451
1579,2013-08-01,2013,3,MSFT,Microsoft Corp.,26.15509969372621,28.71676511969571,25.15980174652957,27.248294830322266,1051265000,0.23,1.688,Tech,"2009–2016
(Recovery)",91.35847470888585
1580,2013-09-01,2013,3,MSFT,Microsoft Corp.,26.08471627099115,27.727848004596893,25.427464204353868,27.341711044311523,1242961500,0.0,1.688,Tech,"2009–2016
(Recovery)",91.67168193437581
1581,2013-10-01,2013,3,MSFT,Microsoft Corp.,27.399215847373224,29.81462109983229,26.947355322587708,29.091642379760746,965331500,0.0,1.688,Tech,"2009–2016
(Recovery)",97.53887687803952
1582,2013-11-01,2013,3,MSFT,Microsoft Corp.,29.30524575067209,31.457750048327693,29.0752083674819,31.3262996673584,800431600,0.28,1.688,Tech,"2009–2016
(Recovery)",105.03126796391514
1583,2013-12-01,2013,3,MSFT,Microsoft Corp.,31.530778479551508,32.267517085209775,29.411617652950603,30.96787643432617,826617700,0.0,1.688,Tech,"2009–2016
(Recovery)",103.82954139445609
1584,2013-01-01,2013,4,GOOGL,"Google, Inc. (Class A)",17.85592616318559,18.88669641354097,17.262730120656702,18.75614356994629,2094111792,0.0,1.638,Tech,"2009–2016
(Recovery)",130.26668475333554
1585,2013-02-01,2013,4,GOOGL,"Google, Inc. (Class A)",18.818440720512687,20.078545273584076,18.81595879212518,19.88569641113281,1851762384,0.0,1.638,Tech,"2009–2016
(Recovery)",138.11174647011893
1586,2013-03-01,2013,4,GOOGL,"Google, Inc. (Class A)",19.801307173314,20.947984469202197,19.6896166224942,19.711706161499023,1700254044,0.0,1.638,Tech,"2009–2016
(Recovery)",136.90333532127724
1587,2013-04-01,2013,4,GOOGL,"Google, Inc. (Class A)",19.73205801815969,20.541930807276685,18.894386500109253,20.465734481811523,2139945912,0.0,1.638,Tech,"2009–2016
(Recovery)",142.1402737745862
1588,2013-05-01,2013,4,GOOGL,"Google, Inc. (Class A)",20.43322202588963,22.84919006276329,20.261963297468284,21.62358283996582,1974715308,0.0,1.638,Tech,"2009–2016
(Recovery)",150.18185580350246
1589,2013-06-01,2013,4,GOOGL,"Google, Inc. (Class A)",21.667762083800262,22.60694675969022,21.027905126539004,21.850683212280277,1941280776,0.0,1.638,Tech,"2009–2016
(Recovery)",151.75913167033127
1590,2013-07-01,2013,4,GOOGL,"Google, Inc. (Class A)",22.00159037075956,23.032856158034647,21.732543293117644,22.033855438232425,2047770180,0.0,1.638,Tech,"2009–2016
(Recovery)",153.03131422346064
1591,2013-08-01,2013,4,GOOGL,"Google, Inc. (Class A)",22.213798135394672,22.578900740874317,20.98670409499453,21.019962310791016,1338144516,0.0,1.638,Tech,"2009–2016
(Recovery)",145.98954170164996
1592,2013-09-01,2013,4,GOOGL,"Google, Inc. (Class A)",21.20512328278016,22.48657405180371,21.19494586207968,21.739992141723636,1323615060,0.0,1.638,Tech,"2009–2016
(Recovery)",150.99035109774513
1593,2013-10-01,2013,4,GOOGL,"Google, Inc. (Class A)",21.847707769067373,25.85041123244233,20.92267112893476,25.578882217407227,2206771020,0.0,1.638,Tech,"2009–2016
(Recovery)",177.6525208250594
1594,2013-11-01,2013,4,GOOGL,"Google, Inc. (Class A)",25.60891325258096,26.50763987526255,24.943987290728074,26.298904418945312,1049213736,0.0,1.638,Tech,"2009–2016
(Recovery)",182.6532772328668
1595,2013-12-01,2013,4,GOOGL,"Google, Inc. (Class A)",26.39619997038885,27.823094958221706,26.036560619820868,27.81589698791504,1352374272,0.0,1.638,Tech,"2009–2016
(Recovery)",193.189216671493
1596,2013-01-01,2013,5,JNJ,Johnson & Johnson,49.11881779630767,51.73314411049392,48.62085615595818,51.12451553344727,209813800,0.0,1.633,Non-Tech,"2009–2016
(Recovery)",214.35784941352225
1597,2013-02-01,2013,5,JNJ,Johnson & Johnson,51.27665404378641,53.26851571125746,50.87551358680515,52.63914489746094,177978400,0.61,1.633,Non-Tech,"2009–2016
(Recovery)",220.70847571757258
1598,2013-03-01,2013,5,JNJ,Johnson & Johnson,52.83714421040541,56.880622121068896,52.79531679758847,56.83879470825195,193396300,0.0,1.633,Non-Tech,"2009–2016
(Recovery)",238.31701229416097
1599,2013-04-01,2013,5,JNJ,Johnson & Johnson,56.74116711036818,59.878349244677565,55.98824212161125,59.41823196411133,218722300,0.0,1.633,Non-Tech,"2009–2016
(Recovery)",249.13222720805865
1600,2013-05-01,2013,5,JNJ,Johnson & Johnson,58.90930271793328,62.736663026544,58.477066866047466,58.68621444702149,220724300,0.66,1.633,Non-Tech,"2009–2016
(Recovery)",246.06298148398437
1601,2013-06-01,2013,5,JNJ,Johnson & Johnson,59.197622439591335,61.68409183527757,57.68045785169769,60.307403564453125,210552200,0.0,1.633,Non-Tech,"2009–2016
(Recovery)",252.860397734861
1602,2013-07-01,2013,5,JNJ,Johnson & Johnson,60.209057681469176,66.31986741812148,60.05453054662694,65.67366790771484,200315600,0.0,1.633,Non-Tech,"2009–2016
(Recovery)",275.36038373968654
1603,2013-08-01,2013,5,JNJ,Johnson & Johnson,66.13723720511261,66.30580979461467,60.30035569578382,60.69369888305664,204260800,0.66,1.633,Non-Tech,"2009–2016
(Recovery)",254.48007926866816
1604,2013-09-01,2013,5,JNJ,Johnson & Johnson,61.4906786598447,64.20111039553714,60.8608401644971,61.3491439819336,158876500,0.0,1.633,Non-Tech,"2009–2016
(Recovery)",257.2282676932994
1605,2013-10-01,2013,5,JNJ,Johnson & Johnson,61.27836614399634,66.13307970130842,60.50699303493375,65.53862762451172,173024000,0.0,1.633,Non-Tech,"2009–2016
(Recovery)",274.79417896709214
1606,2013-11-01,2013,5,JNJ,Johnson & Johnson,65.37587792709817,67.93061884759936,65.3051105723525,66.9894027709961,131026200,0.66,1.633,Non-Tech,"2009–2016
(Recovery)",280.87707358502786
1607,2013-12-01,2013,5,JNJ,Johnson & Johnson,67.27890164530216,67.54969707848201,63.97231798087432,65.26929473876953,151086000,0.0,1.633,Non-Tech,"2009–2016
(Recovery)",273.66490434098324
1608,2013-01-01,2013,6,GE,General Electric Co.,82.26139395784081,86.35342890661919,79.0871985668426,85.20613098144531,192113432,0.0,1.627,Non-Tech,"2009–2016
(Recovery)",73.68782625248129
1609,2013-02-01,2013,6,GE,General Electric Co.,85.77978674619017,90.82790775838905,85.16789162974632,88.80101013183594,159808975,0.910563,1.627,Non-Tech,"2009–2016
(Recovery)",76.79674373507812
1610,2013-03-01,2013,6,GE,General Electric Co.,88.75649332921404,92.14944463993685,88.10103850001227,89.14205932617188,143136936,0.0,1.627,Non-Tech,"2009–2016
(Recovery)",77.09168933918316
1611,2013-04-01,2013,6,GE,General Electric Co.,88.7950702426899,91.45544914946024,81.39226422006382,85.94190216064453,201644078,0.0,1.627,Non-Tech,"2009–2016
(Recovery)",74.3241346752428
1612,2013-05-01,2013,6,GE,General Electric Co.,85.20932524600462,93.03624935231188,85.20932524600462,89.91319274902344,176127121,0.0,1.627,Non-Tech,"2009–2016
(Recovery)",77.75857967942102
1613,2013-06-01,2013,6,GE,General Electric Co.,90.10595536096405,94.27003221880476,87.75402505080176,89.41194152832031,182654675,0.910563,1.627,Non-Tech,"2009–2016
(Recovery)",77.32508842198956
1614,2013-07-01,2013,6,GE,General Electric Co.,90.20376848026017,96.96613253329164,88.45487695823941,94.7120132446289,165533993,0.0,1.627,Non-Tech,"2009–2016
(Recovery)",81.90868773882846
1615,2013-08-01,2013,6,GE,General Electric Co.,95.60590950402096,96.65524467167602,89.54309440264417,89.9317398071289,135773605,0.0,1.627,Non-Tech,"2009–2016
(Recovery)",77.77461951575003
1616,2013-09-01,2013,6,GE,General Electric Co.,90.59241525007818,96.81068505548996,89.07671326108684,92.8465347290039,154309642,0.910563,1.627,Non-Tech,"2009–2016
(Recovery)",80.29538767281507
1617,2013-10-01,2013,6,GE,General Electric Co.,93.7574455178759,103.7049771178322,92.03425047838466,102.37342071533205,186990445,0.0,1.627,Non-Tech,"2009–2016
(Recovery)",88.5344135645155
1618,2013-11-01,2013,6,GE,General Electric Co.,102.0209689068542,107.69967417042028,101.94264241067856,104.40994262695312,149215179,0.0,1.627,Non-Tech,"2009–2016
(Recovery)",90.29563509933186
1619,2013-12-01,2013,6,GE,General Electric Co.,104.3707282830118,110.01027705807356,102.6083735771571,109.7752914428711,154942474,1.054336,1.627,Non-Tech,"2009–2016
(Recovery)",94.93568725024356
1620,2013-01-01,2013,7,CVX,Chevron Corp.,63.66297624423436,67.83712647521779,62.77965096169741,66.48038482666016,119425000,0.0,1.57,Non-Tech,"2009–2016
(Recovery)",192.30823725701373
1621,2013-02-01,2013,7,CVX,Chevron Corp.,66.87872570781475,68.06226849211168,65.52775904529346,67.63504028320312,100812400,0.9,1.57,Non-Tech,"2009–2016
(Recovery)",195.6483165310122
1622,2013-03-01,2013,7,CVX,Chevron Corp.,67.91725114677803,70.72749632623342,67.46341845910815,69.1332778930664,114533700,0.0,1.57,Non-Tech,"2009–2016
(Recovery)",199.98227811225482
1623,2013-04-01,2013,7,CVX,Chevron Corp.,69.23218383851464,70.98931884765625,66.39866502769992,70.98931884765625,132668800,0.0,1.57,Non-Tech,"2009–2016
(Recovery)",205.35125973269302
1624,2013-05-01,2013,7,CVX,Chevron Corp.,70.54715073035837,74.12541946964177,69.84895390080281,71.4198989868164,155415300,1.0,1.57,Non-Tech,"2009–2016
(Recovery)",206.59680167375836
1625,2013-06-01,2013,7,CVX,Chevron Corp.,71.76123452028075,72.79938485360367,68.04853528385041,69.40927124023438,123699600,0.0,1.57,Non-Tech,"2009–2016
(Recovery)",200.78064584473597
1626,2013-07-01,2013,7,CVX,Chevron Corp.,69.41512464187764,74.97537494277525,69.20984210686437,73.83751678466797,104612700,0.0,1.57,Non-Tech,"2009–2016
(Recovery)",213.5902602447077
1627,2013-08-01,2013,7,CVX,Chevron Corp.,74.18945214904753,74.28916467378468,68.7523742457551,70.63511657714844,114101300,1.0,1.57,Non-Tech,"2009–2016
(Recovery)",204.3266565440774
1628,2013-09-01,2013,7,CVX,Chevron Corp.,71.75679622517147,74.76687030205474,70.37890827247381,71.8514175415039,102704300,0.0,1.57,Non-Tech,"2009–2016
(Recovery)",207.84505817546213
1629,2013-10-01,2013,7,CVX,Chevron Corp.,71.71538173628109,72.15299844196474,67.67633122925157,70.94068908691406,141320900,0.0,1.57,Non-Tech,"2009–2016
(Recovery)",205.21058811066578
1630,2013-11-01,2013,7,CVX,Chevron Corp.,70.3966525208953,73.44220750334732,69.19025774192858,72.40731048583984,120679900,1.0,1.57,Non-Tech,"2009–2016
(Recovery)",209.4530932749519
1631,2013-12-01,2013,7,CVX,Chevron Corp.,73.27173357757898,74.92954529198705,70.51666234124617,74.4882583618164,116195800,0.0,1.57,Non-Tech,"2009–2016
(Recovery)",215.47266459506702
1632,2013-01-01,2013,8,PG,The Procter & Gamble Co.,46.78198291249717,51.436331373542366,46.57754391280188,51.21826553344727,222560700,0.562,1.384,Non-Tech,"2009–2016
(Recovery)",242.46696670083082
1633,2013-02-01,2013,8,PG,The Procter & Gamble Co.,51.72969825271002,53.42653780099924,51.48925058487892,52.3342399597168,191904000,0.0,1.384,Non-Tech,"2009–2016
(Recovery)",247.74998304734433
1634,2013-03-01,2013,8,PG,The Procter & Gamble Co.,52.00450166215872,53.46090444687464,51.908324663675465,52.93879699707031,154532700,0.0,1.384,Non-Tech,"2009–2016
(Recovery)",250.61195249355728
1635,2013-04-01,2013,8,PG,The Procter & Gamble Co.,52.79451512418849,56.703440640311314,52.45102445292995,52.73955535888672,227545000,0.602,1.384,Non-Tech,"2009–2016
(Recovery)",249.66874375449262
1636,2013-05-01,2013,8,PG,The Procter & Gamble Co.,53.16856279682594,56.98855864689132,53.092439222443794,53.12012100219727,217685100,0.0,1.384,Non-Tech,"2009–2016
(Recovery)",251.47033926349718
1637,2013-06-01,2013,8,PG,The Procter & Gamble Co.,53.19626441392738,54.99553853079091,51.97137028192086,53.27930450439453,197044800,0.0,1.384,Non-Tech,"2009–2016
(Recovery)",252.22391302326025
1638,2013-07-01,2013,8,PG,The Procter & Gamble Co.,53.300045854202565,56.49722021114968,53.286207603893246,55.56990432739258,173226400,0.602,1.384,Non-Tech,"2009–2016
(Recovery)",263.06759906423144
1639,2013-08-01,2013,8,PG,The Procter & Gamble Co.,56.90647848539274,57.450303310913824,51.32180562464063,54.30587387084961,145746000,0.0,1.384,Non-Tech,"2009–2016
(Recovery)",257.08368634435817
1640,2013-09-01,2013,8,PG,The Procter & Gamble Co.,54.570815317874384,56.14651692109095,52.53495627047066,52.70228576660156,148988500,0.0,1.384,Non-Tech,"2009–2016
(Recovery)",249.49230972461208
1641,2013-10-01,2013,8,PG,The Procter & Gamble Co.,52.65347337544876,57.60368522601173,52.43036564027216,56.299896240234375,187970900,0.602,1.384,Non-Tech,"2009–2016
(Recovery)",266.52337647058073
1642,2013-11-01,2013,8,PG,The Procter & Gamble Co.,56.69090332565623,60.30259404690426,56.66279613643312,59.1783332824707,151274200,0.0,1.384,Non-Tech,"2009–2016
(Recovery)",280.1498804375022
1643,2013-12-01,2013,8,PG,The Procter & Gamble Co.,59.05186505882377,59.68426353669096,56.55038370292604,57.203861236572266,162155800,0.0,1.384,Non-Tech,"2009–2016
(Recovery)",270.80274142726097
1644,2013-01-01,2013,9,BRK.B,"Berkshire Hathaway, Inc.(Class B)",91.31999969482422,97.75,91.29000091552734,96.93000030517578,94793900,0.0,1.366,Non-Tech,"2009–2016
(Recovery)",100.0
1645,2013-02-01,2013,9,BRK.B,"Berkshire Hathaway, Inc.(Class B)",97.55999755859376,102.33000183105467,96.36000061035156,102.16000366210938,80903100,0.0,1.366,Non-Tech,"2009–2016
(Recovery)",105.39564978898935
1646,2013-03-01,2013,9,BRK.B,"Berkshire Hathaway, Inc.(Class B)",101.4499969482422,104.4800033569336,100.44000244140624,104.1999969482422,74033200,0.0,1.366,Non-Tech,"2009–2016
(Recovery)",107.5002544312158
1647,2013-04-01,2013,9,BRK.B,"Berkshire Hathaway, Inc.(Class B)",104.16999816894533,108.04000091552734,102.69000244140624,106.31999969482422,80169100,0.0,1.366,Non-Tech,"2009–2016
(Recovery)",109.68740262053527
1648,2013-05-01,2013,9,BRK.B,"Berkshire Hathaway, Inc.(Class B)",105.97000122070312,115.0,105.97000122070312,114.06999969482422,94406100,0.0,1.366,Non-Tech,"2009–2016
(Recovery)",117.68286323706243
1649,2013-06-01,2013,9,BRK.B,"Berkshire Hathaway, Inc.(Class B)",114.76000213623048,115.9800033569336,109.52999877929688,111.91999816894533,85956400,0.0,1.366,Non-Tech,"2009–2016
(Recovery)",115.46476613698012
1650,2013-07-01,2013,9,BRK.B,"Berkshire Hathaway, Inc.(Class B)",112.51000213623048,119.3000030517578,111.58000183105467,115.87000274658205,69327000,0.0,1.366,Non-Tech,"2009–2016
(Recovery)",119.53987659318611
1651,2013-08-01,2013,9,BRK.B,"Berkshire Hathaway, Inc.(Class B)",116.9800033569336,119.13999938964844,110.72000122070312,111.22000122070312,65857600,0.0,1.366,Non-Tech,"2009–2016
(Recovery)",114.74259864906273
1652,2013-09-01,2013,9,BRK.B,"Berkshire Hathaway, Inc.(Class B)",112.31999969482422,117.97000122070312,110.72000122070312,113.51000213623048,76045100,0.0,1.366,Non-Tech,"2009–2016
(Recovery)",117.10512924672857
1653,2013-10-01,2013,9,BRK.B,"Berkshire Hathaway, Inc.(Class B)",113.73999786376952,117.6999969482422,110.83999633789062,115.08999633789062,78695800,0.0,1.366,Non-Tech,"2009–2016
(Recovery)",118.73516555817565
1654,2013-11-01,2013,9,BRK.B,"Berkshire Hathaway, Inc.(Class B)",115.27999877929688,117.33000183105467,113.5,116.52999877929688,64369900,0.0,1.366,Non-Tech,"2009–2016
(Recovery)",120.22077624307457
1655,2013-12-01,2013,9,BRK.B,"Berkshire Hathaway, Inc.(Class B)",116.5,118.66000366210938,113.5,118.55999755859376,71609900,0.0,1.366,Non-Tech,"2009–2016
(Recovery)",122.31506982907025
1656,2013-01-01,2013,10,WFC,Wells Fargo & Co.,24.05412424846488,24.349393478496623,23.64212201185824,23.916791915893555,524971600,0.25,1.335,Non-Tech,"2009–2016
(Recovery)",100.0
1657,2013-02-01,2013,10,WFC,Wells Fargo & Co.,24.24659757879335,24.862098326109827,23.87314679790017,24.26042938232422,461294400,0.0,1.335,Non-Tech,"2009–2016
(Recovery)",101.43680418192837
1658,2013-03-01,2013,10,WFC,Wells Fargo & Co.,24.163607413394946,26.418141325324918,24.10136561489021,25.581336975097656,443204500,0.0,1.335,Non-Tech,"2009–2016
(Recovery)",106.95973383494612
1659,2013-04-01,2013,10,WFC,Wells Fargo & Co.,25.60208424413695,26.30749043878348,25.028076233907612,26.26599502563477,468022100,0.0,1.335,Non-Tech,"2009–2016
(Recovery)",109.82240058784843
1660,2013-05-01,2013,10,WFC,Wells Fargo & Co.,26.2106665868294,28.76257476141053,25.788805848782467,28.043336868286133,461672500,0.3,1.335,Non-Tech,"2009–2016
(Recovery)",117.25375613461914
1661,2013-06-01,2013,10,WFC,Wells Fargo & Co.,28.459324386589927,29.093612402456507,27.46258569609673,28.76601219177246,433603700,0.0,1.335,Non-Tech,"2009–2016
(Recovery)",120.27537929389446
1662,2013-07-01,2013,10,WFC,Wells Fargo & Co.,28.96814460099585,31.219518294664308,28.43143902192275,30.320362091064453,457853600,0.0,1.335,Non-Tech,"2009–2016
(Recovery)",126.77436922848963
1663,2013-08-01,2013,10,WFC,Wells Fargo & Co.,30.801308946440788,31.18467202508181,28.522053515694857,28.63357925415039,321439400,0.3,1.335,Non-Tech,"2009–2016
(Recovery)",119.72165562523611
1664,2013-09-01,2013,10,WFC,Wells Fargo & Co.,29.230035585011887,30.759963175915622,28.696664908593096,28.99843978881836,366625700,0.0,1.335,Non-Tech,"2009–2016
(Recovery)",121.24719690999974
1665,2013-10-01,2013,10,WFC,Wells Fargo & Co.,29.033535234947408,30.458194489515066,28.121193571203435,29.95991325378418,426027500,0.0,1.335,Non-Tech,"2009–2016
(Recovery)",125.26727396860763
1666,2013-11-01,2013,10,WFC,Wells Fargo & Co.,29.980970741294804,31.4056273955055,29.27214949528098,30.893312454223636,315449500,0.3,1.335,Non-Tech,"2009–2016
(Recovery)",129.16996795750828
1667,2013-12-01,2013,10,WFC,Wells Fargo & Co.,31.17586730786213,32.25723294523546,30.539768288151635,32.087608337402344,325412900,0.0,1.335,Non-Tech,"2009–2016
(Recovery)",134.1635134437867
1668,2014-01-01,2014,1,AAPL,"Apple, Inc.",17.203833953497274,17.343772894267726,15.280290664588073,15.498558044433594,8765954400,0.0,3.445,Tech,"2009–2016
(Recovery)",574.4290363599571
1669,2014-02-01,2014,1,AAPL,"Apple, Inc.",15.56079084660984,17.064825071617385,15.458313893447633,16.292375564575195,5880366800,0.108929,3.445,Tech,"2009–2016
(Recovery)",603.8506013747982
1670,2014-03-01,2014,1,AAPL,"Apple, Inc.",16.302068205396374,17.0987655329839,16.28306955854486,16.7169246673584,5001698800,0.0,3.445,Tech,"2009–2016
(Recovery)",619.5858285681969
1671,2014-04-01,2014,1,AAPL,"Apple, Inc.",16.74868787768183,18.669418769108383,15.925518683740234,18.37852096557617,6435060800,0.0,3.445,Tech,"2009–2016
(Recovery)",681.1702132359892
1672,2014-05-01,2014,1,AAPL,"Apple, Inc.",18.43800462109976,20.062854000805547,18.074538798371872,19.714962005615234,5735668400,0.1175,3.445,Tech,"2009–2016
(Recovery)",730.7032431204861
1673,2014-06-01,2014,1,AAPL,"Apple, Inc.",19.85514563695091,20.838256038012755,19.49622647500588,20.373477935791016,4827739200,0.0,3.445,Tech,"2009–2016
(Recovery)",755.11007310519
1674,2014-07-01,2014,1,AAPL,"Apple, Inc.",20.502828920330643,21.800699647956748,20.29455661917793,20.958837509155277,4140344000,0.0,3.445,Tech,"2009–2016
(Recovery)",776.8054808126492
1675,2014-08-01,2014,1,AAPL,"Apple, Inc.",20.80537063556286,22.55924800551332,20.450209866001885,22.471553802490234,3748308000,0.1175,3.445,Tech,"2009–2016
(Recovery)",832.8718684194946
1676,2014-09-01,2014,1,AAPL,"Apple, Inc.",22.706712155531232,22.856533342811208,21.18206233735411,22.19776153564453,6105680000,0.0,3.445,Tech,"2009–2016
(Recovery)",822.7242000005302
1677,2014-10-01,2014,1,AAPL,"Apple, Inc.",22.16251157024817,23.80393535652264,20.97055308496015,23.795122146606445,5441120800,0.0,3.445,Tech,"2009–2016
(Recovery)",881.9277926085377
1678,2014-11-01,2014,1,AAPL,"Apple, Inc.",23.843587821562053,26.383936512891356,23.73342524739549,26.203269958496094,3281632800,0.1175,3.445,Tech,"2009–2016
(Recovery)",971.1819040575015
1679,2014-12-01,2014,1,AAPL,"Apple, Inc.",26.290342937181265,26.387706924349622,23.51327290693178,24.42494773864746,4294378400,0.0,3.445,Tech,"2009–2016
(Recovery)",905.2712615218215
1680,2014-01-01,2014,2,XOM,Exxon Mobil Corp.,60.62992007276936,61.00358525706692,55.26603946296623,55.54327774047852,256867500,0.0,2.29,Non-Tech,"2009–2016
(Recovery)",306.1936966775809
1681,2014-02-01,2014,2,XOM,Exxon Mobil Corp.,55.39862752958013,58.61092944485949,53.78946481186334,58.02029800415039,253283700,0.63,2.29,Non-Tech,"2009–2016
(Recovery)",319.84877830280925
1682,2014-03-01,2014,2,XOM,Exxon Mobil Corp.,58.121690848184365,59.9971692093628,56.452573823676346,59.28703689575195,255698300,0.0,2.29,Non-Tech,"2009–2016
(Recovery)",326.83193593634
1683,2014-04-01,2014,2,XOM,Exxon Mobil Corp.,59.26880785604706,62.25500776972595,58.41300412005085,62.15789794921875,230896100,0.0,2.29,Non-Tech,"2009–2016
(Recovery)",342.6581455942564
1684,2014-05-01,2014,2,XOM,Exxon Mobil Corp.,61.88478670616718,62.78914332464488,60.88938641842734,61.016845703125,179886600,0.69,2.29,Non-Tech,"2009–2016
(Recovery)",336.36786134120666
1685,2014-06-01,2014,2,XOM,Exxon Mobil Corp.,61.43111956183837,63.92429655715787,60.85670990235731,61.52278137207031,208876600,0.0,2.29,Non-Tech,"2009–2016
(Recovery)",339.1569353580343
1686,2014-07-01,2014,2,XOM,Exxon Mobil Corp.,61.80998038302599,64.01595234093499,60.45339877321902,60.459510803222656,189374200,0.0,2.29,Non-Tech,"2009–2016
(Recovery)",333.2954385345101
1687,2014-08-01,2014,2,XOM,Exxon Mobil Corp.,60.26395368788802,61.36999309174582,59.65898873626352,60.777252197265625,187451500,0.69,2.29,Non-Tech,"2009–2016
(Recovery)",335.04705305902706
1688,2014-09-01,2014,2,XOM,Exxon Mobil Corp.,61.18217299060316,61.28062320604442,57.607112399093126,57.8717041015625,231833300,0.0,2.29,Non-Tech,"2009–2016
(Recovery)",319.0296239750844
1689,2014-10-01,2014,2,XOM,Exxon Mobil Corp.,57.90864382092641,59.61925861307216,53.47827450753324,59.50849914550781,342094700,0.0,2.29,Non-Tech,"2009–2016
(Recovery)",328.0527919550309
1690,2014-11-01,2014,2,XOM,Exxon Mobil Corp.,59.41619022658802,59.81000056670508,55.44731848541882,55.711910247802734,218128400,0.69,2.29,Non-Tech,"2009–2016
(Recovery)",307.1233179188563
1691,2014-12-01,2014,2,XOM,Exxon Mobil Corp.,56.00259527202265,59.08286270212944,53.418147306516914,57.29791641235352,400812400,0.0,2.29,Non-Tech,"2009–2016
(Recovery)",315.8665017969537
1692,2014-01-01,2014,3,MSFT,Microsoft Corp.,30.91820408211617,31.36521503774906,28.666599307353327,31.32382583618164,930226200,0.0,2.179,Tech,"2009–2016
(Recovery)",105.02297366717463
1693,2014-02-01,2014,3,MSFT,Microsoft Corp.,31.24104866867197,31.837060141961874,29.544062917146857,31.712892532348636,705304500,0.28,2.179,Tech,"2009–2016
(Recovery)",106.32744208045264
1694,2014-03-01,2014,3,MSFT,Microsoft Corp.,31.62542661285009,34.61116212574392,31.266807859947612,34.185821533203125,778425700,0.0,2.179,Tech,"2009–2016
(Recovery)",114.61871399263208
1695,2014-04-01,2014,3,MSFT,Microsoft Corp.,34.319270634396126,34.74461133356422,32.44276137403001,33.69376754760742,746112500,0.0,2.179,Tech,"2009–2016
(Recovery)",112.96894831450874
1696,2014-05-01,2014,3,MSFT,Microsoft Corp.,33.56031531571287,34.16913772614749,32.117485898859194,34.14411544799805,574362900,0.28,2.179,Tech,"2009–2016
(Recovery)",114.47888123046691
1697,2014-06-01,2014,3,MSFT,Microsoft Corp.,34.39339594998651,35.518845399616495,33.4779183886911,35.023311614990234,555767300,0.0,2.179,Tech,"2009–2016
(Recovery)",117.42666278107322
1698,2014-07-01,2014,3,MSFT,Microsoft Corp.,35.15769659102777,38.39126267453128,34.47738645951193,36.249549865722656,731616500,0.0,2.179,Tech,"2009–2016
(Recovery)",121.53801202014344
1699,2014-08-01,2014,3,MSFT,Microsoft Corp.,36.29153485955981,38.18968223395216,35.45164743469289,38.15608596801758,513919700,0.28,2.179,Tech,"2009–2016
(Recovery)",127.93027367789901
1700,2014-09-01,2014,3,MSFT,Microsoft Corp.,38.39441125665069,40.20299624681594,37.63378989446525,39.18038558959961,860827300,0.0,2.179,Tech,"2009–2016
(Recovery)",131.364560177489
1701,2014-10-01,2014,3,MSFT,Microsoft Corp.,39.1043251094974,39.6959191691488,35.58011694735446,39.67901611328125,853260900,0.0,2.179,Tech,"2009–2016
(Recovery)",133.03637576707058
1702,2014-11-01,2014,3,MSFT,Microsoft Corp.,39.62830595252072,42.29892745802688,39.49308473289742,40.40583038330078,523005900,0.31,2.179,Tech,"2009–2016
(Recovery)",135.47324910241576
1703,2014-12-01,2014,3,MSFT,Microsoft Corp.,40.72021098693019,41.72375861265064,38.18582904470365,39.50404739379883,626771200,0.0,2.179,Tech,"2009–2016
(Recovery)",132.449738128524
1704,2014-01-01,2014,4,JNJ,Johnson & Johnson,64.9485851415521,67.97011097103672,62.81783978135243,63.04587936401367,192804300,0.0,1.716,Non-Tech,"2009–2016
(Recovery)",264.3424387271269
1705,2014-02-01,2014,4,JNJ,Johnson & Johnson,63.24542606962046,66.26695250825014,61.34984223912065,65.64697265625,162234700,0.66,1.716,Non-Tech,"2009–2016
(Recovery)",275.248454332946
1706,2014-03-01,2014,4,JNJ,Johnson & Johnson,65.40881774355307,70.7704326136859,65.19349516595337,70.50486755371094,181324400,0.0,1.716,Non-Tech,"2009–2016
(Recovery)",295.6169192862301
1707,2014-04-01,2014,4,JNJ,Johnson & Johnson,70.56226641264162,73.19642299192594,68.94014924813433,72.701171875,180242400,0.0,1.716,Non-Tech,"2009–2016
(Recovery)",304.82571209446985
1708,2014-05-01,2014,4,JNJ,Johnson & Johnson,72.32790735299713,72.88057977073308,70.9713557473053,72.82315826416016,124656300,0.7,1.716,Non-Tech,"2009–2016
(Recovery)",305.3371837390468
1709,2014-06-01,2014,4,JNJ,Johnson & Johnson,73.3885078593446,76.61199293825244,73.0054487769222,75.61459350585938,123927200,0.0,1.716,Non-Tech,"2009–2016
(Recovery)",317.0412761679773
1710,2014-07-01,2014,4,JNJ,Johnson & Johnson,75.99764964621542,77.14682684899499,72.31160217490752,72.34050750732422,148795100,0.0,1.716,Non-Tech,"2009–2016
(Recovery)",303.3134975060599
1711,2014-08-01,2014,4,JNJ,Johnson & Johnson,72.10200708541298,75.47004096446175,71.40816326716491,74.97134399414062,120163600,0.7,1.716,Non-Tech,"2009–2016
(Recovery)",314.34422211221573
1712,2014-09-01,2014,4,JNJ,Johnson & Johnson,75.16558949860674,79.14579550729684,74.96184461815275,77.55953216552734,130571800,0.0,1.716,Non-Tech,"2009–2016
(Recovery)",325.19612837493634
1713,2014-10-01,2014,4,JNJ,Johnson & Johnson,77.11564507438807,78.71645823207403,69.19888183250725,78.42539978027344,232630100,0.0,1.716,Non-Tech,"2009–2016
(Recovery)",328.8265885922534
1714,2014-11-01,2014,4,JNJ,Johnson & Johnson,78.46181653481725,79.66970211355871,77.56681239784116,78.76742553710938,125669200,0.7,1.716,Non-Tech,"2009–2016
(Recovery)",330.2606541264572
1715,2014-12-01,2014,4,JNJ,Johnson & Johnson,79.01676094540724,79.82238071518805,75.06921904460893,76.58525085449219,175446100,0.0,1.716,Non-Tech,"2009–2016
(Recovery)",321.11110489103356
1716,2014-01-01,2014,5,GE,General Electric Co.,109.99236191389974,110.30820283683384,98.3061660585009,99.21421813964844,192705995,0.0,1.467,Non-Tech,"2009–2016
(Recovery)",85.80227718169982
1717,2014-02-01,2014,5,GE,General Electric Co.,99.2142113274266,102.80692357711467,96.01630020429842,100.5565414428711,140804344,1.054336,1.467,Non-Tech,"2009–2016
(Recovery)",86.96314301615564
1718,2014-03-01,2014,5,GE,General Electric Co.,100.3996502724816,104.939737898245,99.24472059509256,103.10777282714844,142339992,0.0,1.467,Non-Tech,"2009–2016
(Recovery)",89.16949475175369
1719,2014-04-01,2014,5,GE,General Electric Co.,102.86881338891564,107.13012210274906,101.2757987710169,107.09029388427734,137338655,0.0,1.467,Non-Tech,"2009–2016
(Recovery)",92.61365207147131
1720,2014-05-01,2014,5,GE,General Electric Co.,106.45309049428774,107.36907609609848,104.14321872106795,106.69204711914062,92035652,0.0,1.467,Non-Tech,"2009–2016
(Recovery)",92.26924095812785
1721,2014-06-01,2014,5,GE,General Electric Co.,106.37346731106474,109.63915392442442,104.34237974528438,104.66098022460938,117208396,1.054336,1.467,Non-Tech,"2009–2016
(Recovery)",90.51273702223178
1722,2014-07-01,2014,5,GE,General Electric Co.,105.48413087628388,109.01766322721669,100.98690032958984,100.98690032958984,152178452,0.0,1.467,Non-Tech,"2009–2016
(Recovery)",87.33532528174459
1723,2014-08-01,2014,5,GE,General Electric Co.,100.66570473172985,106.20693600891624,99.38077764602184,104.3197021484375,113743292,0.0,1.467,Non-Tech,"2009–2016
(Recovery)",90.21759347691331
1724,2014-09-01,2014,5,GE,General Electric Co.,103.95827949760051,106.00612691079334,101.589203624437,102.87413024902344,115352387,1.054336,1.467,Non-Tech,"2009–2016
(Recovery)",88.96743636107513
1725,2014-10-01,2014,5,GE,General Electric Co.,102.97359441587396,104.9982412467237,95.92782318666336,104.5123291015625,170099310,0.0,1.467,Non-Tech,"2009–2016
(Recovery)",90.38418080214359
1726,2014-11-01,2014,5,GE,General Electric Co.,103.2165242842398,109.7358858112458,103.1760348389252,107.2658233642578,107790662,0.0,1.467,Non-Tech,"2009–2016
(Recovery)",92.76545318805768
1727,2014-12-01,2014,5,GE,General Electric Co.,105.92955358107484,107.18483594922654,97.42603534740658,102.32568359375,180903667,1.102261,1.467,Non-Tech,"2009–2016
(Recovery)",88.49312962543256
1728,2014-01-01,2014,6,BRK.B,"Berkshire Hathaway, Inc. (Class B)",118.33999633789062,118.5,110.8499984741211,111.5999984741211,85991500,0.0,1.438,Non-Tech,"2009–2016
(Recovery)",115.13463130378426
1729,2014-02-01,2014,6,BRK.B,"Berkshire Hathaway, Inc. (Class B)",112.11000061035156,116.0,108.12000274658205,115.77999877929688,74687000,0.0,1.438,Non-Tech,"2009–2016
(Recovery)",119.44702198986226
1730,2014-03-01,2014,6,BRK.B,"Berkshire Hathaway, Inc. (Class B)",116.1500015258789,125.91000366210938,114.87999725341795,124.97000122070312,90071300,0.0,1.438,Non-Tech,"2009–2016
(Recovery)",128.92809329128835
1731,2014-04-01,2014,6,BRK.B,"Berkshire Hathaway, Inc. (Class B)",125.06999969482422,129.1999969482422,121.08999633789062,128.85000610351562,74373100,0.0,1.438,Non-Tech,"2009–2016
(Recovery)",132.93098699870262
1732,2014-05-01,2014,6,BRK.B,"Berkshire Hathaway, Inc. (Class B)",128.80999755859375,129.72999572753906,124.05999755859376,128.33999633789062,58347800,0.0,1.438,Non-Tech,"2009–2016
(Recovery)",132.40482403159308
1733,2014-06-01,2014,6,BRK.B,"Berkshire Hathaway, Inc. (Class B)",128.27999877929688,128.75,125.44000244140624,126.55999755859376,56746300,0.0,1.438,Non-Tech,"2009–2016
(Recovery)",130.56844853000152
1734,2014-07-01,2014,6,BRK.B,"Berkshire Hathaway, Inc. (Class B)",126.72000122070312,129.38999938964844,125.37000274658205,125.43000030517578,52785500,0.0,1.438,Non-Tech,"2009–2016
(Recovery)",129.40266162206768
1735,2014-08-01,2014,6,BRK.B,"Berkshire Hathaway, Inc. (Class B)",125.0,137.25,122.72000122070312,137.25,63594100,0.0,1.438,Non-Tech,"2009–2016
(Recovery)",141.59702833785224
1736,2014-09-01,2014,6,BRK.B,"Berkshire Hathaway, Inc. (Class B)",138.02999877929688,142.4499969482422,136.67999267578125,138.13999938964844,69754800,0.0,1.438,Non-Tech,"2009–2016
(Recovery)",142.515216088648
1737,2014-10-01,2014,6,BRK.B,"Berkshire Hathaway, Inc. (Class B)",138.3699951171875,141.52000427246094,132.02999877929688,140.16000366210938,101163600,0.0,1.438,Non-Tech,"2009–2016
(Recovery)",144.5991986184129
1738,2014-11-01,2014,6,BRK.B,"Berkshire Hathaway, Inc. (Class B)",140.8800048828125,149.49000549316406,139.5500030517578,148.69000244140625,55476900,0.0,1.438,Non-Tech,"2009–2016
(Recovery)",153.39936239891526
1739,2014-12-01,2014,6,BRK.B,"Berkshire Hathaway, Inc. (Class B)",148.61000061035156,152.94000244140625,144.75,150.14999389648438,93411200,0.0,1.438,Non-Tech,"2009–2016
(Recovery)",154.90559519627567
1740,2014-01-01,2014,7,WFC,Wells Fargo & Co.,31.91089118513582,33.105339921732835,31.741264004914928,32.0451774597168,387760100,0.0,1.407,Non-Tech,"2009–2016
(Recovery)",133.98610303759696
1741,2014-02-01,2014,7,WFC,Wells Fargo & Co.,32.023991467886326,32.97107052665538,31.218265319512163,32.80850982666016,303124800,0.3,1.407,Non-Tech,"2009–2016
(Recovery)",137.17771991342096
1742,2014-03-01,2014,7,WFC,Wells Fargo & Co.,32.809263111007965,35.555820776531924,32.70253052665599,35.39216613769531,367718800,0.0,1.407,Non-Tech,"2009–2016
(Recovery)",147.98040749844867
1743,2014-04-01,2014,7,WFC,Wells Fargo & Co.,35.49177451741319,35.925816290758725,33.24329818105034,35.32100296020508,374101800,0.0,1.407,Non-Tech,"2009–2016
(Recovery)",147.68286266994286
1744,2014-05-01,2014,7,WFC,Wells Fargo & Co.,35.3921573757339,36.16062256412472,34.623689473021386,36.13216018676758,283041300,0.35,1.407,Non-Tech,"2009–2016
(Recovery)",151.0744430684137
1745,2014-06-01,2014,7,WFC,Wells Fargo & Co.,36.50629489915483,38.01843283781789,36.37013184293057,37.667274475097656,291434500,0.0,1.407,Non-Tech,"2009–2016
(Recovery)",157.49300578254568
1746,2014-07-01,2014,7,WFC,Wells Fargo & Co.,37.78911179331112,38.0399419798253,36.26980822164081,36.477638244628906,350004200,0.0,1.407,Non-Tech,"2009–2016
(Recovery)",152.51894306271163
1747,2014-08-01,2014,7,WFC,Wells Fargo & Co.,36.19097502967625,37.0867912432821,35.45282334448556,36.864627838134766,243207400,0.35,1.407,Non-Tech,"2009–2016
(Recovery)",154.13700954448208
1748,2014-09-01,2014,7,WFC,Wells Fargo & Co.,37.31726923755426,38.8255480962184,36.80488812243568,37.432735443115234,272704900,0.0,1.407,Non-Tech,"2009–2016
(Recovery)",156.51235991328693
1749,2014-10-01,2014,7,WFC,Wells Fargo & Co.,37.411086966872105,38.37089929922664,33.5140976514542,38.31316757202149,438607500,0.0,1.407,Non-Tech,"2009–2016
(Recovery)",160.1935899545166
1750,2014-11-01,2014,7,WFC,Wells Fargo & Co.,38.40698060905679,39.50391083769378,38.154396414929735,39.31627655029297,238274700,0.35,1.407,Non-Tech,"2009–2016
(Recovery)",164.38775187137833
1751,2014-12-01,2014,7,WFC,Wells Fargo & Co.,39.532723329568014,40.64417447394544,38.30504507920083,39.82329940795898,356501200,0.0,1.407,Non-Tech,"2009–2016
(Recovery)",166.5076969687351
1752,2014-01-01,2014,8,JPM,JPMorgan Chase & Co.,41.781706700805366,42.86368758749949,39.187813895941176,39.66790008544922,425415900,0.38,1.294,Non-Tech,"2009–2016
(Recovery)",169.702717165402
1753,2014-02-01,2014,8,JPM,JPMorgan Chase & Co.,40.028303315027,42.30018109017436,39.09070396781324,40.98032760620117,345203100,0.0,1.294,Non-Tech,"2009–2016
(Recovery)",175.31739593272994
1754,2014-03-01,2014,8,JPM,JPMorgan Chase & Co.,40.60528808051399,44.34126334692848,40.1653369109177,43.78591537475586,425852600,0.0,1.294,Non-Tech,"2009–2016
(Recovery)",187.31994374958282
1755,2014-04-01,2014,8,JPM,JPMorgan Chase & Co.,43.95901826842727,44.20423685303419,39.19889328804759,40.3745002746582,408990800,0.38,1.294,Non-Tech,"2009–2016
(Recovery)",172.72561406188623
1756,2014-05-01,2014,8,JPM,JPMorgan Chase & Co.,40.585422504731966,40.9120224991771,38.44438394156248,40.33140182495117,315091600,0.0,1.294,Non-Tech,"2009–2016
(Recovery)",172.54123515589058
1757,2014-06-01,2014,8,JPM,JPMorgan Chase & Co.,40.38947382054391,42.254719688410376,39.9322337315976,41.81925201416016,263682000,0.0,1.294,Non-Tech,"2009–2016
(Recovery)",178.90638731418298
1758,2014-07-01,2014,8,JPM,JPMorgan Chase & Co.,41.4781511201082,43.07485809205195,39.88869793038395,41.85555267333984,317245600,0.4,1.294,Non-Tech,"2009–2016
(Recovery)",179.06168468269541
1759,2014-08-01,2014,8,JPM,JPMorgan Chase & Co.,41.94350564630696,43.81448374697153,40.63528271015446,43.44905853271485,241542700,0.0,1.294,Non-Tech,"2009–2016
(Recovery)",185.8788409620147
1760,2014-09-01,2014,8,JPM,JPMorgan Chase & Co.,43.4563517331675,45.20308324540764,42.95937337973028,44.02641677856445,264895100,0.0,1.294,Non-Tech,"2009–2016
(Recovery)",188.34882961499275
1761,2014-10-01,2014,8,JPM,JPMorgan Chase & Co.,44.026414084811,44.435688382855126,39.65592775205532,44.20181655883789,415450800,0.4,1.294,Non-Tech,"2009–2016
(Recovery)",189.09920508832252
1762,2014-11-01,2014,8,JPM,JPMorgan Chase & Co.,44.72771394332106,45.56649607570843,43.71970127630639,44.26417541503906,211518300,0.0,1.294,Non-Tech,"2009–2016
(Recovery)",189.36598168385365
1763,2014-12-01,2014,8,JPM,JPMorgan Chase & Co.,44.13174294565264,46.71431235540624,42.75584576658596,46.04475784301758,347616300,0.0,1.294,Non-Tech,"2009–2016
(Recovery)",196.98346774976625
1764,2014-01-01,2014,9,CVX,Chevron Corp.,74.2198662543618,74.7327148060932,66.25879355201742,66.56888580322266,131342300,0.0,1.294,Non-Tech,"2009–2016
(Recovery)",192.56424460177615
1765,2014-02-01,2014,9,CVX,Chevron Corp.,66.99827125020389,69.6161829003197,65.16155740124323,68.77535247802734,144016100,1.0,1.294,Non-Tech,"2009–2016
(Recovery)",198.9469049594802
1766,2014-03-01,2014,9,CVX,Chevron Corp.,69.06137333106194,71.96725848642185,68.39356110057327,71.54010009765625,131053700,0.0,1.294,Non-Tech,"2009–2016
(Recovery)",206.94450820106286
1767,2014-04-01,2014,9,CVX,Chevron Corp.,71.68446008954149,76.56970942610046,70.09013422981558,75.51685333251953,130384400,0.0,1.294,Non-Tech,"2009–2016
(Recovery)",218.4480878899698
1768,2014-05-01,2014,9,CVX,Chevron Corp.,75.60111408170525,76.27493929384772,73.18856736728513,73.87442779541016,103880000,1.07,1.294,Non-Tech,"2009–2016
(Recovery)",213.6970329631526
1769,2014-06-01,2014,9,CVX,Chevron Corp.,74.5899667636899,81.04598049463942,73.85577827210238,79.21353912353516,132581600,0.0,1.294,Non-Tech,"2009–2016
(Recovery)",229.14151468069704
1770,2014-07-01,2014,9,CVX,Chevron Corp.,79.45018175089386,81.97433816510252,77.68448513000205,78.4186782836914,101737500,0.0,1.294,Non-Tech,"2009–2016
(Recovery)",226.84221561115132
1771,2014-08-01,2014,9,CVX,Chevron Corp.,77.52064721743115,78.5946240728548,75.59112563253014,78.54608154296875,91354100,1.07,1.294,Non-Tech,"2009–2016
(Recovery)",227.2107558396158
1772,2014-09-01,2014,9,CVX,Chevron Corp.,79.06073482694144,79.17088621949534,72.61104725762586,73.0149154663086,130169500,0.0,1.294,Non-Tech,"2009–2016
(Recovery)",211.21071611433817
1773,2014-10-01,2014,9,CVX,Chevron Corp.,72.6966958303219,73.53503013810652,65.26180574130437,73.40040588378906,197236600,0.0,1.294,Non-Tech,"2009–2016
(Recovery)",212.3258267271668
1774,2014-11-01,2014,9,CVX,Chevron Corp.,73.32698334006211,73.41265247763621,66.35103650545086,66.62028503417969,130610800,1.07,1.294,Non-Tech,"2009–2016
(Recovery)",192.71292748812655
1775,2014-12-01,2014,9,CVX,Chevron Corp.,67.55306723615455,70.91281179564417,61.852623483836005,69.2823486328125,221038700,0.0,1.294,Non-Tech,"2009–2016
(Recovery)",200.41349600098872
1776,2014-01-01,2014,10,PG,The Procter & Gamble Co.,57.14761782979458,57.40759986692577,52.88245104045448,53.83807373046875,223479100,0.602,1.294,Non-Tech,"2009–2016
(Recovery)",254.8691232411563
1777,2014-02-01,2014,10,PG,The Procter & Gamble Co.,54.29493147518773,56.46134629418618,53.3816375766121,55.68965148925781,179529200,0.0,1.294,Non-Tech,"2009–2016
(Recovery)",263.6344814216501
1778,2014-03-01,2014,10,PG,The Procter & Gamble Co.,55.40643455930911,57.22594025854037,54.76217111723014,57.06310272216797,187701800,0.0,1.294,Non-Tech,"2009–2016
(Recovery)",270.13639145094953
1779,2014-04-01,2014,10,PG,The Procter & Gamble Co.,57.06309863122547,58.748091881124026,56.19936350336997,58.443660736083984,190028500,0.644,1.294,Non-Tech,"2009–2016
(Recovery)",276.6719449395803
1780,2014-05-01,2014,10,PG,The Procter & Gamble Co.,58.7964331119714,59.08902630378427,56.76257286322458,57.65461730957031,133914500,0.0,1.294,Non-Tech,"2009–2016
(Recovery)",272.93661801608147
1781,2014-06-01,2014,10,PG,The Procter & Gamble Co.,57.561856322410335,57.56898875906275,55.97044636701253,56.08462524414063,157871600,0.0,1.294,Non-Tech,"2009–2016
(Recovery)",265.5042848457886
1782,2014-07-01,2014,10,PG,The Procter & Gamble Co.,56.28442452579825,58.4538767399453,55.15687931578525,55.17828750610352,163843000,0.644,1.294,Non-Tech,"2009–2016
(Recovery)",261.2136873439103
1783,2014-08-01,2014,10,PG,The Procter & Gamble Co.,57.00739643218634,60.30195769455951,56.58299068925045,59.78403472900391,156922800,0.0,1.294,Non-Tech,"2009–2016
(Recovery)",283.0172675100165
1784,2014-09-01,2014,10,PG,The Procter & Gamble Co.,59.85597339984593,61.43132166712972,59.49630524662866,60.23722076416016,149281200,0.0,1.294,Non-Tech,"2009–2016
(Recovery)",285.1626475253502
1785,2014-10-01,2014,10,PG,The Procter & Gamble Co.,60.438627444014,62.84121329863907,58.67625588117248,62.77647018432617,221888900,0.644,1.294,Non-Tech,"2009–2016
(Recovery)",297.18343929156947
1786,2014-11-01,2014,10,PG,The Procter & Gamble Co.,62.81580488958555,65.64272902205303,62.4823674240294,65.54850006103516,136839600,0.0,1.294,Non-Tech,"2009–2016
(Recovery)",310.30621236499155
1787,2014-12-01,2014,10,PG,The Procter & Gamble Co.,65.36003736665886,68.05649321368703,64.06254896584936,66.02690124511719,142076100,0.0,1.294,Non-Tech,"2009–2016
(Recovery)",312.5709607464983
1788,2015-01-01,2015,1,AAPL,"Apple, Inc.",24.64844574866272,26.553671838105764,23.152588429076403,25.925235748291016,5221053600,0.0,3.717,Tech,"2009–2016
(Recovery)",960.8770148552079
1789,2015-02-01,2015,1,AAPL,"Apple, Inc.",26.12217680020879,29.56309097607467,25.68625372648153,28.425708770751957,4546140800,0.1175,3.717,Tech,"2009–2016
(Recovery)",1053.553011203925
1790,2015-03-01,2015,1,AAPL,"Apple, Inc.",28.713388344979357,28.942206565055223,27.02057520724304,27.64260673522949,4554568400,0.0,3.717,Tech,"2009–2016
(Recovery)",1024.5285983297058
1791,2015-04-01,2015,1,AAPL,"Apple, Inc.",27.729245808170365,29.88857998703764,27.347140883031454,27.80255699157715,3984542000,0.0,3.717,Tech,"2009–2016
(Recovery)",1030.4568963917511
1792,2015-05-01,2015,1,AAPL,"Apple, Inc.",28.01360035403713,29.539797925033792,27.404899275089,28.94220352172852,3816608400,0.13,3.717,Tech,"2009–2016
(Recovery)",1072.6960554302234
1793,2015-06-01,2015,1,AAPL,"Apple, Inc.",29.06310198437949,29.3107229641434,27.769228327267776,27.98115539550781,3514426800,0.0,3.717,Tech,"2009–2016
(Recovery)",1037.07635794238
1794,2015-07-01,2015,1,AAPL,"Apple, Inc.",28.309087760424056,29.6631945531768,26.595819044702512,27.059829711914062,4233122400,0.0,3.717,Tech,"2009–2016
(Recovery)",1002.9289086710903
1795,2015-08-01,2015,1,AAPL,"Apple, Inc.",27.104441620484447,27.34313910412477,20.52352781139563,25.15470695495605,6427276400,0.13,3.717,Tech,"2009–2016
(Recovery)",932.3186089071157
1796,2015-09-01,2015,1,AAPL,"Apple, Inc.",24.683690147710116,26.19406705702344,24.058474376882145,24.717304229736328,4826189200,0.0,3.717,Tech,"2009–2016
(Recovery)",916.106982946246
1797,2015-10-01,2015,1,AAPL,"Apple, Inc.",24.441675713277647,27.164389548816903,24.04727393837361,26.77895164489746,4450048400,0.0,3.717,Tech,"2009–2016
(Recovery)",992.5186165065917
1798,2015-11-01,2015,1,AAPL,"Apple, Inc.",27.07026351038132,27.74701932878347,24.874165345549653,26.510034561157227,3002562400,0.13,3.717,Tech,"2009–2016
(Recovery)",982.5516388799787
1799,2015-12-01,2015,1,AAPL,"Apple, Inc.",26.724787713696067,26.974594287790534,23.58982938942201,23.688852310180664,3687660800,0.0,3.717,Tech,"2009–2016
(Recovery)",877.989072660709
1800,2015-01-01,2015,2,MSFT,Microsoft Corp.,39.68266620565954,40.74574663684873,34.31623502108146,34.358760833740234,918966800,0.0,2.092,Tech,"2009–2016
(Recovery)",115.1985473661579
1801,2015-02-01,2015,2,MSFT,Microsoft Corp.,34.52032122550814,37.67554072934872,34.21415377874792,37.29283142089844,656509700,0.31,2.092,Tech,"2009–2016
(Recovery)",125.03594141962677
1802,2015-03-01,2015,2,MSFT,Microsoft Corp.,37.40407948789016,37.84946852547805,34.72318480108942,34.825965881347656,824335300,0.0,2.092,Tech,"2009–2016
(Recovery)",116.76499916769258
1803,2015-04-01,2015,2,MSFT,Microsoft Corp.,34.77454874857104,42.43180397997669,34.3634214552676,41.66093826293945,874535300,0.0,2.092,Tech,"2009–2016
(Recovery)",139.6813928483977
1804,2015-05-01,2015,2,MSFT,Microsoft Corp.,41.60957341863092,41.89222216651238,39.41688998761352,40.1363639831543,633072800,0.31,2.092,Tech,"2009–2016
(Recovery)",134.5697782813616
1805,2015-06-01,2015,2,MSFT,Microsoft Corp.,40.56961573963424,41.18169370801475,37.87991516926249,38.06095504760742,664853400,0.0,2.092,Tech,"2009–2016
(Recovery)",127.6113173600654
1806,2015-07-01,2015,2,MSFT,Microsoft Corp.,38.32817726316156,40.86270126335887,37.345403993118886,40.25924301147461,725458100,0.0,2.092,Tech,"2009–2016
(Recovery)",134.98176885438497
1807,2015-08-01,2015,2,MSFT,Microsoft Corp.,40.500638602216746,41.73341693608872,34.24192061289937,37.5178337097168,776480300,0.31,2.092,Tech,"2009–2016
(Recovery)",125.79033232887289
1808,2015-09-01,2015,2,MSFT,Microsoft Corp.,36.59375990353545,39.04954392129347,36.15119986227997,38.40739440917969,673079900,0.0,2.092,Tech,"2009–2016
(Recovery)",128.77286423297804
1809,2015-10-01,2015,2,MSFT,Microsoft Corp.,38.83259124039984,47.18051272095771,37.964823838379736,45.67927551269531,856716800,0.0,2.092,Tech,"2009–2016
(Recovery)",153.15413175883663
1810,2015-11-01,2015,2,MSFT,Microsoft Corp.,45.8615035645303,47.70984896468492,45.58381827468085,47.16315460205078,662626600,0.36,2.092,Tech,"2009–2016
(Recovery)",158.12930290624612
1811,2015-12-01,2015,2,MSFT,Microsoft Corp.,47.533484487477736,49.66510803457199,46.89574469673949,48.46825408935547,792820900,0.0,2.092,Tech,"2009–2016
(Recovery)",162.50505923323735
1812,2015-01-01,2015,3,XOM,Exxon Mobil Corp.,57.1739494135001,57.66976875238191,53.318968002720815,54.180450439453125,326819500,0.0,1.833,Non-Tech,"2009–2016
(Recovery)",298.68083200323
1813,2015-02-01,2015,3,XOM,Exxon Mobil Corp.,54.446962942640255,57.91768479460627,54.230043713483234,54.87460708618164,276447700,0.69,1.833,Non-Tech,"2009–2016
(Recovery)",302.5075127174692
1814,2015-03-01,2015,3,XOM,Exxon Mobil Corp.,55.16276190122452,55.2751607509888,51.62845098366105,53.077144622802734,330260500,0.0,1.833,Non-Tech,"2009–2016
(Recovery)",292.5986326749059
1815,2015-04-01,2015,3,XOM,Exxon Mobil Corp.,53.51423938878736,55.36881770815051,52.33405405175179,54.55705261230469,251671200,0.0,1.833,Non-Tech,"2009–2016
(Recovery)",300.7569286286583
1816,2015-05-01,2015,3,XOM,Exxon Mobil Corp.,54.85679310832766,56.25553074646318,52.93352587834348,53.20203399658203,198924100,0.73,1.833,Non-Tech,"2009–2016
(Recovery)",293.287110931661
1817,2015-06-01,2015,3,XOM,Exxon Mobil Corp.,53.67353583477225,54.12684975055512,52.13101385240792,52.382850646972656,238808600,0.0,1.833,Non-Tech,"2009–2016
(Recovery)",288.7711949058623
1818,2015-07-01,2015,3,XOM,Exxon Mobil Corp.,52.43322516121376,52.590625575268064,49.69445891736472,49.87074661254883,274029000,0.0,1.833,Non-Tech,"2009–2016
(Recovery)",274.92270680739466
1819,2015-08-01,2015,3,XOM,Exxon Mobil Corp.,49.549644428175206,49.92111187320469,41.89998876464031,47.37122344970703,387523600,0.73,1.833,Non-Tech,"2009–2016
(Recovery)",261.1435733407356
1820,2015-09-01,2015,3,XOM,Exxon Mobil Corp.,46.58160657089938,47.96062426199017,45.444074307090766,47.248870849609375,316644500,0.0,1.833,Non-Tech,"2009–2016
(Recovery)",260.46907956856285
1821,2015-10-01,2015,3,XOM,Exxon Mobil Corp.,47.78904302804691,53.30511915705268,46.41002520790145,52.580657958984375,318077700,0.0,1.833,Non-Tech,"2009–2016
(Recovery)",289.8616482344851
1822,2015-11-01,2015,3,XOM,Exxon Mobil Corp.,52.30102857684849,55.56745925722068,49.51121721577289,51.89431381225586,264207900,0.73,1.833,Non-Tech,"2009–2016
(Recovery)",286.07803552689955
1823,2015-12-01,2015,3,XOM,Exxon Mobil Corp.,52.4108081942903,52.64798704229751,47.30177939814954,49.96847152709961,367069000,0.0,1.833,Non-Tech,"2009–2016
(Recovery)",275.4614354179678
1824,2015-01-01,2015,4,JNJ,Johnson & Johnson,76.93679088010147,77.99874336694462,73.30416843152636,73.34078979492188,195025900,0.0,1.527,Non-Tech,"2009–2016
(Recovery)",307.5075394004147
1825,2015-02-01,2015,4,JNJ,Johnson & Johnson,73.59711470077877,75.67708387357453,71.15095987138811,75.07653045654297,191367400,0.7,1.527,Non-Tech,"2009–2016
(Recovery)",314.78525404440546
1826,2015-03-01,2015,4,JNJ,Johnson & Johnson,75.60208115583978,76.26584066205317,72.43816553184728,74.19343566894531,177464600,0.0,1.527,Non-Tech,"2009–2016
(Recovery)",311.08256273236987
1827,2015-04-01,2015,4,JNJ,Johnson & Johnson,74.0901979213197,75.32921400983956,72.30542642081805,73.16093444824219,171578200,0.0,1.527,Non-Tech,"2009–2016
(Recovery)",306.7534314168475
1828,2015-05-01,2015,4,JNJ,Johnson & Johnson,73.47068461950221,77.0549805665928,72.76267630766023,73.85418701171875,143779800,0.75,1.527,Non-Tech,"2009–2016
(Recovery)",309.66014118332
1829,2015-06-01,2015,4,JNJ,Johnson & Johnson,74.4967442099237,74.91275932149702,72.06750501515698,72.40180206298828,170023700,0.0,1.527,Non-Tech,"2009–2016
(Recovery)",303.57049689267143
1830,2015-07-01,2015,4,JNJ,Johnson & Johnson,73.02582841116933,75.29906187724366,71.79263269572989,74.44474029541016,151835800,0.0,1.527,Non-Tech,"2009–2016
(Recovery)",312.1362474218889
1831,2015-08-01,2015,4,JNJ,Johnson & Johnson,74.2887140411622,75.03160118157382,60.76073989440005,69.81653594970703,194654400,0.75,1.527,Non-Tech,"2009–2016
(Recovery)",292.73084240553857
1832,2015-09-01,2015,4,JNJ,Johnson & Johnson,69.08555326396163,72.00497855893211,67.29647071442822,69.87903594970703,202039800,0.0,1.527,Non-Tech,"2009–2016
(Recovery)",292.99289604944215
1833,2015-10-01,2015,4,JNJ,Johnson & Johnson,69.93890486546813,76.44398088007806,68.68879416567289,75.62803649902344,191690900,0.0,1.527,Non-Tech,"2009–2016
(Recovery)",317.0976407334751
1834,2015-11-01,2015,4,JNJ,Johnson & Johnson,75.74034304177653,77.10274075680069,74.66239998421433,75.7852554321289,126172600,0.75,1.527,Non-Tech,"2009–2016
(Recovery)",317.75683744244986
1835,2015-12-01,2015,4,JNJ,Johnson & Johnson,76.7134150365607,79.54878326245228,75.6426051420583,77.4599609375,162039600,0.0,1.527,Non-Tech,"2009–2016
(Recovery)",324.778640324816
1836,2015-01-01,2015,5,GE,General Electric Co.,103.57518013787796,104.06567345326368,95.68646199372552,97.64842224121094,187651402,0.0,1.505,Non-Tech,"2009–2016
(Recovery)",84.44814814448259
1837,2015-02-01,2015,5,GE,General Electric Co.,98.0980415697114,107.37648565117578,97.68930254955012,106.23200988769533,140468292,1.102261,1.505,Non-Tech,"2009–2016
(Recovery)",91.87139231519633
1838,2015-03-01,2015,5,GE,General Electric Co.,106.75480416467695,107.74480203394414,101.7635618973176,102.34105682373048,155852551,0.0,1.505,Non-Tech,"2009–2016
(Recovery)",88.50642467693523
1839,2015-04-01,2015,5,GE,General Electric Co.,101.96983638588873,118.304801632585,101.35108183193886,111.70481872558594,288074417,0.0,1.505,Non-Tech,"2009–2016
(Recovery)",96.60437786581764
1840,2015-05-01,2015,5,GE,General Electric Co.,111.7460330651744,114.63352705237718,109.76603099663924,112.48853302001952,133401220,0.0,1.505,Non-Tech,"2009–2016
(Recovery)",97.28214837475417
1841,2015-06-01,2015,5,GE,General Electric Co.,112.4473151134696,114.1798067917127,109.43606800731769,109.60106658935548,145794351,1.102261,1.505,Non-Tech,"2009–2016
(Recovery)",94.7850143985738
1842,2015-07-01,2015,5,GE,General Electric Co.,110.94930910844874,113.69495545441606,106.16521500836414,108.57806396484376,128718387,0.0,1.505,Non-Tech,"2009–2016
(Recovery)",93.90030294902719
1843,2015-08-01,2015,5,GE,General Electric Co.,108.66126342693283,109.5348772578923,80.58072992695557,103.25315856933594,162326504,0.0,1.505,Non-Tech,"2009–2016
(Recovery)",89.29522701053016
1844,2015-09-01,2015,5,GE,General Electric Co.,100.8402937314092,108.28683851622264,98.51065280140432,104.91717529296876,193806348,1.102261,1.505,Non-Tech,"2009–2016
(Recovery)",90.73429922047454
1845,2015-10-01,2015,5,GE,General Electric Co.,105.56237461048654,125.20578812800552,104.05133971745856,121.38623809814452,309064404,0.0,1.505,Non-Tech,"2009–2016
(Recovery)",104.97704706679163
1846,2015-11-01,2015,5,GE,General Electric Co.,121.47015160186358,130.07464811117111,121.21832141509692,125.66747283935548,685148502,0.0,1.505,Non-Tech,"2009–2016
(Recovery)",108.67953746416855
1847,2015-12-01,2015,5,GE,General Electric Co.,125.87732817138804,132.1732826962231,124.95391972588634,130.74620056152344,232263380,1.102261,1.505,Non-Tech,"2009–2016
(Recovery)",113.07171443153099
1848,2015-01-01,2015,6,BRK.B,"Berkshire Hathaway, Inc. (Class B)",151.5,151.69000244140625,143.88999938964844,143.91000366210938,85914800,0.0,1.445,Non-Tech,"2009–2016
(Recovery)",148.46796988447446
1849,2015-02-01,2015,6,BRK.B,"Berkshire Hathaway, Inc. (Class B)",144.1300048828125,151.6300048828125,143.3000030517578,147.41000366210938,64107800,0.0,1.445,Non-Tech,"2009–2016
(Recovery)",152.0788230661319
1850,2015-03-01,2015,6,BRK.B,"Berkshire Hathaway, Inc. (Class B)",147.7100067138672,147.97999572753906,142.5,144.32000732421875,78754700,0.0,1.445,Non-Tech,"2009–2016
(Recovery)",148.8909593209941
1851,2015-04-01,2015,6,BRK.B,"Berkshire Hathaway, Inc. (Class B)",144.33999633789062,144.6300048828125,140.3300018310547,141.2100067138672,61845000,0.0,1.445,Non-Tech,"2009–2016
(Recovery)",145.68245772132425
1852,2015-05-01,2015,6,BRK.B,"Berkshire Hathaway, Inc. (Class B)",142.0,148.57000732421875,141.7899932861328,143.0,59082100,0.0,1.445,Non-Tech,"2009–2016
(Recovery)",147.52914427914658
1853,2015-06-01,2015,6,BRK.B,"Berkshire Hathaway, Inc. (Class B)",143.25999450683594,144.07000732421875,136.0800018310547,136.11000061035156,72412500,0.0,1.445,Non-Tech,"2009–2016
(Recovery)",140.42092250265233
1854,2015-07-01,2015,6,BRK.B,"Berkshire Hathaway, Inc. (Class B)",137.6999969482422,144.69000244140625,136.0399932861328,142.74000549316406,66030400,0.0,1.445,Non-Tech,"2009–2016
(Recovery)",147.26091513851173
1855,2015-08-01,2015,6,BRK.B,"Berkshire Hathaway, Inc. (Class B)",143.11000061035156,143.99000549316406,125.5,134.0399932861328,99605200,0.0,1.445,Non-Tech,"2009–2016
(Recovery)",138.2853532075925
1856,2015-09-01,2015,6,BRK.B,"Berkshire Hathaway, Inc. (Class B)",131.7899932861328,134.66000366210938,127.66999816894533,130.39999389648438,100652800,0.0,1.445,Non-Tech,"2009–2016
(Recovery)",134.5300665283516
1857,2015-10-01,2015,6,BRK.B,"Berkshire Hathaway, Inc. (Class B)",130.5500030517578,138.5,127.45999908447266,136.02000427246094,70190700,0.0,1.445,Non-Tech,"2009–2016
(Recovery)",140.3280757703638
1858,2015-11-01,2015,6,BRK.B,"Berkshire Hathaway, Inc. (Class B)",136.77000427246094,138.6199951171875,131.47000122070312,134.08999633789062,60925700,0.0,1.445,Non-Tech,"2009–2016
(Recovery)",138.33693997288742
1859,2015-12-01,2015,6,BRK.B,"Berkshire Hathaway, Inc. (Class B)",134.86000061035156,136.74000549316406,129.52999877929688,132.0399932861328,88188000,0.0,1.445,Non-Tech,"2009–2016
(Recovery)",136.22200853235967
1860,2015-01-01,2015,7,WFC,Wells Fargo & Co.,40.03396209259517,40.09207563857351,36.626969207928624,37.71662521362305,388756400,0.0,1.419,Non-Tech,"2009–2016
(Recovery)",157.69934925327095
1861,2015-02-01,2015,7,WFC,Wells Fargo & Co.,37.91276349514124,40.3753883871901,37.76747824513214,39.8015022277832,278034600,0.35,1.419,Non-Tech,"2009–2016
(Recovery)",166.41655941043538
1862,2015-03-01,2015,7,WFC,Wells Fargo & Co.,40.06384878448469,41.16068711579591,38.96701045317348,39.77867126464844,348820200,0.0,1.419,Non-Tech,"2009–2016
(Recovery)",166.3210994373125
1863,2015-04-01,2015,7,WFC,Wells Fargo & Co.,39.79329750613952,40.77313996340426,39.16444580648388,40.29053115844727,309923300,0.0,1.419,Non-Tech,"2009–2016
(Recovery)",168.46126897007784
1864,2015-05-01,2015,7,WFC,Wells Fargo & Co.,40.40752175662263,41.46048831015289,39.8152308596659,40.91938018798828,266599600,0.375,1.419,Non-Tech,"2009–2016
(Recovery)",171.09058912201309
1865,2015-06-01,2015,7,WFC,Wells Fargo & Co.,41.40277099609375,42.88985236042056,41.03468093776836,41.40277099609375,362266300,0.0,1.419,Non-Tech,"2009–2016
(Recovery)",173.11172477350587
1866,2015-07-01,2015,7,WFC,Wells Fargo & Co.,42.028510377111154,43.26529282711837,40.54879002172936,42.60272979736328,300870000,0.0,1.419,Non-Tech,"2009–2016
(Recovery)",178.1289478420902
1867,2015-08-01,2015,7,WFC,Wells Fargo & Co.,42.74997044301142,42.81622675234875,35.15259341108172,39.26047897338867,383406500,0.375,1.419,Non-Tech,"2009–2016
(Recovery)",164.15445312002188
1868,2015-09-01,2015,7,WFC,Wells Fargo & Co.,38.612768529655824,39.946542336604686,36.90109040097904,38.049617767333984,409157600,0.0,1.419,Non-Tech,"2009–2016
(Recovery)",159.09164532241746
1869,2015-10-01,2015,7,WFC,Wells Fargo & Co.,38.16817665067978,41.17657996396417,36.68620507644566,40.11697006225586,353524000,0.0,1.419,Non-Tech,"2009–2016
(Recovery)",167.7355817759016
1870,2015-11-01,2015,7,WFC,Wells Fargo & Co.,40.16883508358515,41.74713545395885,40.10955769601191,40.828311920166016,268235700,0.375,1.419,Non-Tech,"2009–2016
(Recovery)",170.7098178708247
1871,2015-12-01,2015,7,WFC,Wells Fargo & Co.,41.41487064449944,41.95951116893857,39.35569253386,40.55688095092773,340655400,0.0,1.419,Non-Tech,"2009–2016
(Recovery)",169.5749208069007
1872,2015-01-01,2015,8,JPM,JPMorgan Chase & Co.,45.75044910244221,46.324352194707366,40.00405044427089,40.01140975952149,468205900,0.4,1.334,Non-Tech,"2009–2016
(Recovery)",171.17228134543404
1873,2015-02-01,2015,8,JPM,JPMorgan Chase & Co.,40.37988076511958,45.85223178086186,40.187350021351655,45.3783073425293,319008100,0.0,1.334,Non-Tech,"2009–2016
(Recovery)",194.132334704017
1874,2015-03-01,2015,8,JPM,JPMorgan Chase & Co.,45.37828863573009,46.55569541269243,43.59366606937195,44.85993576049805,332553100,0.0,1.334,Non-Tech,"2009–2016
(Recovery)",191.9146961150689
1875,2015-04-01,2015,8,JPM,JPMorgan Chase & Co.,44.73406361307678,47.7479321176333,44.17127908489979,46.84450912475586,325069500,0.4,1.334,Non-Tech,"2009–2016
(Recovery)",200.4048730995615
1876,2015-05-01,2015,8,JPM,JPMorgan Chase & Co.,47.48384839326131,50.0853979789398,47.14840462955102,49.03433990478516,267792200,0.0,1.334,Non-Tech,"2009–2016
(Recovery)",209.77315911175
1877,2015-06-01,2015,8,JPM,JPMorgan Chase & Co.,49.19088640896099,52.045882485888605,48.88526330051605,50.51029968261719,337237800,0.0,1.334,Non-Tech,"2009–2016
(Recovery)",216.0874430588555
1878,2015-07-01,2015,8,JPM,JPMorgan Chase & Co.,50.778651204776246,52.63476876095669,48.60944898802666,51.08427429199219,325426300,0.44,1.334,Non-Tech,"2009–2016
(Recovery)",218.54295622151514
1879,2015-08-01,2015,8,JPM,JPMorgan Chase & Co.,51.46318638631754,52.08593811708204,37.56760262770478,48.09433364868164,373209100,0.0,1.334,Non-Tech,"2009–2016
(Recovery)",205.751730816589
1880,2015-09-01,2015,8,JPM,JPMorgan Chase & Co.,47.15644871848489,48.49948910716306,44.06520730132504,45.74588394165039,354030500,0.0,1.334,Non-Tech,"2009–2016
(Recovery)",195.70485927685542
1881,2015-10-01,2015,8,JPM,JPMorgan Chase & Co.,45.85843381070232,49.39235658515317,43.91515251746264,48.206878662109375,332436100,0.44,1.334,Non-Tech,"2009–2016
(Recovery)",206.23320814563746
1882,2015-11-01,2015,8,JPM,JPMorgan Chase & Co.,48.705850313472325,52.16702788029085,48.66050923905167,50.39109802246094,248028500,0.0,1.334,Non-Tech,"2009–2016
(Recovery)",215.57748801773747
1883,2015-12-01,2015,8,JPM,JPMorgan Chase & Co.,50.88985685532384,51.38863163577087,47.99546924902494,49.89987182617188,316546000,0.0,1.334,Non-Tech,"2009–2016
(Recovery)",213.47597974345257
1884,2015-01-01,2015,9,META,"Facebook, Inc. (Class A)",77.96816354186298,78.63294498232906,72.96740499673301,75.31895446777344,546210700,0.0,1.203,Tech,"2009–2016
(Recovery)",100.0
1885,2015-02-01,2015,9,META,"Facebook, Inc. (Class A)",75.51737863189982,80.73642435179032,72.87808678979158,78.35511016845703,475148700,0.0,1.203,Tech,"2009–2016
(Recovery)",104.0310645867803
1886,2015-03-01,2015,9,META,"Facebook, Inc. (Class A)",78.38488179171067,85.3998323024224,76.65843208450302,81.5798110961914,575349900,0.0,1.203,Tech,"2009–2016
(Recovery)",108.31245822868769
1887,2015-04-01,2015,9,META,"Facebook, Inc. (Class A)",81.85763003895282,84.92356673045306,77.71017648084629,78.15666961669922,542124600,0.0,1.203,Tech,"2009–2016
(Recovery)",103.76759763724542
1888,2015-05-01,2015,9,META,"Facebook, Inc. (Class A)",78.62300091173617,81.21267892662073,76.1920807011304,78.57339477539062,421870700,0.0,1.203,Tech,"2009–2016
(Recovery)",104.32087823126868
1889,2015-06-01,2015,9,META,"Facebook, Inc. (Class A)",78.68254897937751,88.70390577696789,78.04753282067803,85.10216522216797,537740300,0.0,1.203,Tech,"2009–2016
(Recovery)",112.98904216544913
1890,2015-07-01,2015,9,META,"Facebook, Inc. (Class A)",86.09436817745447,98.46727261220774,84.56636594054623,93.27799987792967,790781000,0.0,1.203,Tech,"2009–2016
(Recovery)",123.84399191021741
1891,2015-08-01,2015,9,META,"Facebook, Inc. (Class A)",92.80173186680396,97.97116353978446,71.4393754048557,88.73365783691406,709884600,0.0,1.203,Tech,"2009–2016
(Recovery)",117.81052785973064
1892,2015-09-01,2015,9,META,"Facebook, Inc. (Class A)",86.17375742582345,95.7386967877531,85.05255868179697,89.20001220703125,635399800,0.0,1.203,Tech,"2009–2016
(Recovery)",118.42970051475831
1893,2015-10-01,2015,9,META,"Facebook, Inc. (Class A)",89.34884743698235,104.30150771434296,87.6720038479983,101.17603302001952,571590400,0.0,1.203,Tech,"2009–2016
(Recovery)",134.3301081845334
1894,2015-11-01,2015,9,META,"Facebook, Inc. (Class A)",100.92796975677902,109.78843760885144,99.6877027426031,103.4283447265625,547232800,0.0,1.203,Tech,"2009–2016
(Recovery)",137.3204732559268
1895,2015-12-01,2015,9,META,"Facebook, Inc. (Class A)",104.01375964920972,107.07969622072928,100.66999689448734,103.84508514404295,440304100,0.0,1.203,Tech,"2009–2016
(Recovery)",137.87377410884656
1896,2015-01-01,2015,10,T,"AT&T, Inc.",11.309129970535972,11.524605875004148,10.91184563399904,11.083553314208984,786781175,0.47,1.185,Non-Tech,"2009–2016
(Recovery)",169.28789011532444
1897,2015-02-01,2015,10,T,"AT&T, Inc.",11.42648090465594,12.030221969072167,11.25153400229856,11.855274200439451,587347318,0.0,1.185,Non-Tech,"2009–2016
(Recovery)",181.07499456497789
1898,2015-03-01,2015,10,T,"AT&T, Inc.",11.85527519315089,11.886148382334522,11.155484926297843,11.200079917907717,763556095,0.0,1.185,Non-Tech,"2009–2016
(Recovery)",171.06769324553304
1899,2015-04-01,2015,10,T,"AT&T, Inc.",11.189787813530664,12.085107640815984,11.104029152960496,11.88271713256836,805129433,0.47,1.185,Non-Tech,"2009–2016
(Recovery)",181.49415220756578
1900,2015-05-01,2015,10,T,"AT&T, Inc.",12.082005275464676,12.312737999773155,11.547125270405374,12.075013160705566,844500424,0.0,1.185,Non-Tech,"2009–2016
(Recovery)",184.43124178146368
1901,2015-06-01,2015,10,T,"AT&T, Inc.",12.07151131867635,12.74273370851849,11.97012923462247,12.417611122131348,979702539,0.0,1.185,Non-Tech,"2009–2016
(Recovery)",189.6640118510793
1902,2015-07-01,2015,10,T,"AT&T, Inc.",12.44208391567814,12.560946290543145,11.837284755998368,12.144927978515623,1002937415,0.47,1.185,Non-Tech,"2009–2016
(Recovery)",185.49910618012078
1903,2015-08-01,2015,10,T,"AT&T, Inc.",12.434670087418914,12.459574866971966,11.018647520639664,11.812047004699709,968188107,0.0,1.185,Non-Tech,"2009–2016
(Recovery)",180.4147513600301
1904,2015-09-01,2015,10,T,"AT&T, Inc.",11.598573273244964,11.918779173613933,11.331734873191984,11.59145736694336,739284398,0.0,1.185,Non-Tech,"2009–2016
(Recovery)",177.0455110723326
1905,2015-10-01,2015,10,T,"AT&T, Inc.",11.55587912672998,12.359952307372756,11.44558616919798,11.922337532043455,741933191,0.47,1.185,Non-Tech,"2009–2016
(Recovery)",182.09930595587377
1906,2015-11-01,2015,10,T,"AT&T, Inc.",12.214568727401783,12.247198999805006,11.681608221867627,12.207317352294922,502312095,0.0,1.185,Non-Tech,"2009–2016
(Recovery)",186.45202851046892
1907,2015-12-01,2015,10,T,"AT&T, Inc.",12.247197855774944,12.68589227509607,11.968028180437368,12.475608825683594,715398246,0.0,1.185,Non-Tech,"2009–2016
(Recovery)",190.54985672298577
1908,2016-01-01,2016,1,AAPL,"Apple, Inc.",23.092461243631757,23.821625308084545,20.79244194049233,21.906442642211918,5087392000,0.0,3.252,Tech,"2009–2016
(Recovery)",811.926935458359
1909,2016-02-01,2016,1,AAPL,"Apple, Inc.",21.71065090290445,22.25527342562465,20.83745270194673,21.760162353515625,3243450400,0.13,3.252,Tech,"2009–2016
(Recovery)",806.5052926814396
1910,2016-03-01,2016,1,AAPL,"Apple, Inc.",22.095464371222285,24.98495747351092,22.043421044043832,24.6613883972168,2984198400,0.0,3.252,Tech,"2009–2016
(Recovery)",914.0345528724695
1911,2016-04-01,2016,1,AAPL,"Apple, Inc.",24.613868384825405,25.43071045955839,20.932423629466527,21.210737228393555,3489534800,0.0,3.252,Tech,"2009–2016
(Recovery)",786.1417372931904
1912,2016-05-01,2016,1,AAPL,"Apple, Inc.",21.26277640302876,22.792375339279463,20.244552580844225,22.595518112182617,3602686000,0.1425,3.252,Tech,"2009–2016
(Recovery)",837.4664054567771
1913,2016-06-01,2016,1,AAPL,"Apple, Inc.",22.5418670313144,23.19522213620461,20.82994246909716,21.7633056640625,3117990800,0.0,3.252,Tech,"2009–2016
(Recovery)",806.6217944129714
1914,2016-07-01,2016,1,AAPL,"Apple, Inc.",21.7382626431322,23.800769468251264,21.483296169563086,23.72336769104004,2743118400,0.0,3.252,Tech,"2009–2016
(Recovery)",879.2683295380137
1915,2016-08-01,2016,1,AAPL,"Apple, Inc.",23.76889691618138,25.093817593764747,23.67555974121611,24.153623580932617,2520514000,0.1425,3.252,Tech,"2009–2016
(Recovery)",895.215069583805
1916,2016-09-01,2016,1,AAPL,"Apple, Inc.",24.29362471680697,26.59160866066224,23.467357517262613,25.875205993652344,3872062400,0.0,3.252,Tech,"2009–2016
(Recovery)",959.0227427568601
1917,2016-10-01,2016,1,AAPL,"Apple, Inc.",25.79738680868805,27.16610707280986,25.698967109543524,25.98736000061035,2747657200,0.0,3.252,Tech,"2009–2016
(Recovery)",963.1795499873194
1918,2016-11-01,2016,1,AAPL,"Apple, Inc.",25.96905312801137,26.04000626685885,23.822132195698867,25.2961368560791,2886220000,0.1425,3.252,Tech,"2009–2016
(Recovery)",937.560479898061
1919,2016-12-01,2016,1,AAPL,"Apple, Inc.",25.3915035167092,27.151445911305203,24.90377989746758,26.64531898498535,2435086800,0.0,3.252,Tech,"2009–2016
(Recovery)",987.5657376749315
1920,2016-01-01,2016,2,MSFT,Microsoft Corp.,47.45485537905874,48.389624912541606,42.89457547481235,48.127540588378906,927914700,0.0,2.397,Tech,"2009–2016
(Recovery)",161.36271010806183
1921,2016-02-01,2016,2,MSFT,Microsoft Corp.,47.94408203082635,48.12754072500274,42.09958458923354,44.449615478515625,814770900,0.36,2.397,Tech,"2009–2016
(Recovery)",149.03130991502277
1922,2016-03-01,2016,2,MSFT,Microsoft Corp.,44.84795270388752,48.95703357483381,44.50479645977124,48.59627914428711,641110900,0.0,2.397,Tech,"2009–2016
(Recovery)",162.9343034782776
1923,2016-04-01,2016,2,MSFT,Microsoft Corp.,48.43788724773431,49.951297353983605,43.422519434951695,43.88006210327149,699025700,0.0,2.397,Tech,"2009–2016
(Recovery)",147.1217031689266
1924,2016-05-01,2016,2,MSFT,Microsoft Corp.,43.99445731684847,46.634124755859375,43.51931637226393,46.634124755859375,530704800,0.36,2.397,Tech,"2009–2016
(Recovery)",156.35556403104357
1925,2016-06-01,2016,2,MSFT,Microsoft Corp.,46.46411604120272,46.916000081241656,42.56552699491615,45.33884048461914,823627000,0.0,2.397,Tech,"2009–2016
(Recovery)",152.0127163016057
1926,2016-07-01,2016,2,MSFT,Microsoft Corp.,45.303402936877,50.761430500902215,44.64772929100938,50.22094345092773,647587800,0.0,2.397,Tech,"2009–2016
(Recovery)",168.38150132654388
1927,2016-08-01,2016,2,MSFT,Microsoft Corp.,50.15005054408768,52.01074354348932,49.74247142821393,50.91204833984375,467078900,0.36,2.397,Tech,"2009–2016
(Recovery)",170.69864773546195
1928,2016-09-01,2016,2,MSFT,Microsoft Corp.,50.82816307117032,51.88021095226719,49.5799730333129,51.35418701171875,526427800,0.0,2.397,Tech,"2009–2016
(Recovery)",172.18105663201288
1929,2016-10-01,2016,2,MSFT,Microsoft Corp.,51.18479029815853,54.71538990203172,50.21298348081908,53.4226188659668,614841800,0.0,2.397,Tech,"2009–2016
(Recovery)",179.1161246948073
1930,2016-11-01,2016,2,MSFT,Microsoft Corp.,53.46720228614961,54.75105581789586,51.06888809976851,53.72575378417969,613056800,0.39,2.397,Tech,"2009–2016
(Recovery)",180.13247980735233
1931,2016-12-01,2016,2,MSFT,Microsoft Corp.,53.95404985087349,57.53542635163544,52.77820758367037,55.776153564453125,513579700,0.0,2.397,Tech,"2009–2016
(Recovery)",187.00708967324243
1932,2016-01-01,2016,3,XOM,Exxon Mobil Corp.,49.68002039405309,51.23131792162437,45.86587884910824,49.90438079833984,418954700,0.0,1.924,Non-Tech,"2009–2016
(Recovery)",275.1081221465867
1933,2016-02-01,2016,3,XOM,Exxon Mobil Corp.,49.14155899909251,53.48775902662098,47.14794732181648,51.37876129150391,359915800,0.73,1.924,Non-Tech,"2009–2016
(Recovery)",283.2359466444597
1934,2016-03-01,2016,3,XOM,Exxon Mobil Corp.,52.11027978927979,55.04698193825445,51.94856714848874,54.07023620605469,292841700,0.0,1.924,Non-Tech,"2009–2016
(Recovery)",298.0732534640514
1935,2016-04-01,2016,3,XOM,Exxon Mobil Corp.,53.30050897177278,58.07426628406995,53.03529776466064,57.18161392211914,221801200,0.0,1.924,Non-Tech,"2009–2016
(Recovery)",315.2253604947773
1936,2016-05-01,2016,3,XOM,Exxon Mobil Corp.,57.07808754990783,58.514096469942295,56.4247720888727,57.5826301574707,219170200,0.75,1.924,Non-Tech,"2009–2016
(Recovery)",317.43604464099826
1937,2016-06-01,2016,3,XOM,Exxon Mobil Corp.,57.68172515889469,61.204075071802336,57.14685015195138,61.14536666870117,252091800,0.0,1.924,Non-Tech,"2009–2016
(Recovery)",337.0763594916797
1938,2016-07-01,2016,3,XOM,Exxon Mobil Corp.,60.89751152228803,62.326021569818906,56.1749552835581,58.02092361450195,209716200,0.0,1.924,Non-Tech,"2009–2016
(Recovery)",319.8522271080296
1939,2016-08-01,2016,3,XOM,Exxon Mobil Corp.,57.453426032578754,58.014393112819945,55.8227089334017,56.840274810791016,235412300,0.75,1.924,Non-Tech,"2009–2016
(Recovery)",313.3436587196941
1940,2016-09-01,2016,3,XOM,Exxon Mobil Corp.,57.04871249478906,58.79201476684353,54.13443885313387,57.41710662841797,271447100,0.0,1.924,Non-Tech,"2009–2016
(Recovery)",316.5235622793237
1941,2016-10-01,2016,3,XOM,Exxon Mobil Corp.,57.19344029104578,58.33151717818935,54.59493161130794,54.8120231628418,192041100,0.0,1.924,Non-Tech,"2009–2016
(Recovery)",302.1625060196371
1942,2016-11-01,2016,3,XOM,Exxon Mobil Corp.,54.93041516139796,58.01572990648078,54.443608097021816,57.43024444580078,233089000,0.75,1.924,Non-Tech,"2009–2016
(Recovery)",316.5959871889503
1943,2016-12-01,2016,3,XOM,Exxon Mobil Corp.,58.390078572570616,61.86773116760763,57.47420461867854,59.90325546264648,220435500,0.0,1.924,Non-Tech,"2009–2016
(Recovery)",330.2289670197485
1944,2016-01-01,2016,4,AMZN,"Amazon.com, Inc.",32.81449890136719,32.88600158691406,27.358999252319336,29.350000381469727,2604018000,0.0,1.761,Tech,"2009–2016
(Recovery)",100.0
1945,2016-02-01,2016,4,AMZN,"Amazon.com, Inc.",28.90749931335449,29.09000015258789,23.700000762939453,27.625999450683597,2482896000,0.0,1.761,Tech,"2009–2016
(Recovery)",94.12606164095799
1946,2016-03-01,2016,4,AMZN,"Amazon.com, Inc.",27.81450080871582,30.16200065612793,26.929000854492188,29.68199920654297,1880190000,0.0,1.761,Tech,"2009–2016
(Recovery)",101.13117145062408
1947,2016-04-01,2016,4,AMZN,"Amazon.com, Inc.",29.52449989318848,33.499000549316406,29.262500762939453,32.97949981689453,1569284000,0.0,1.761,Tech,"2009–2016
(Recovery)",112.36626708092416
1948,2016-05-01,2016,4,AMZN,"Amazon.com, Inc.",33.19599914550781,36.21149826049805,32.79999923706055,36.13949966430664,1812290000,0.0,1.761,Tech,"2009–2016
(Recovery)",123.13287630184666
1949,2016-06-01,2016,4,AMZN,"Amazon.com, Inc.",36.04499816894531,36.57500076293945,34.10599899291992,35.78099822998047,1490818000,0.0,1.761,Tech,"2009–2016
(Recovery)",121.91140635408982
1950,2016-07-01,2016,4,AMZN,"Amazon.com, Inc.",35.86600112915039,38.29999923706055,35.82699966430664,37.94049835205078,1372710000,0.0,1.761,Tech,"2009–2016
(Recovery)",129.26915795205477
1951,2016-08-01,2016,4,AMZN,"Amazon.com, Inc.",37.993499755859375,38.749000549316406,37.51750183105469,38.45800018310547,1000008000,0.0,1.761,Tech,"2009–2016
(Recovery)",131.0323668935491
1952,2016-09-01,2016,4,AMZN,"Amazon.com, Inc.",38.54499816894531,41.997501373291016,37.79999923706055,41.865501403808594,1346714000,0.0,1.761,Tech,"2009–2016
(Recovery)",142.64225165135124
1953,2016-10-01,2016,4,AMZN,"Amazon.com, Inc.",41.79999923706055,42.36050033569336,38.730499267578125,39.49100112915039,1541276000,0.0,1.761,Tech,"2009–2016
(Recovery)",134.55196121252263
1954,2016-11-01,2016,4,AMZN,"Amazon.com, Inc.",39.95000076293945,40.04199981689453,35.505001068115234,37.52849960327149,2201718000,0.0,1.761,Tech,"2009–2016
(Recovery)",127.86541436287443
1955,2016-12-01,2016,4,AMZN,"Amazon.com, Inc.",37.62049865722656,39.12300109863281,36.834999084472656,37.493499755859375,1473204000,0.0,1.761,Tech,"2009–2016
(Recovery)",127.74616445842055
1956,2016-01-01,2016,5,JNJ,Johnson & Johnson,76.69835453374478,78.99078467926446,71.09547573400245,78.75701904296875,211278000,0.0,1.728,Non-Tech,"2009–2016
(Recovery)",330.2170211711002
1957,2016-02-01,2016,5,JNJ,Johnson & Johnson,78.13112863459607,80.62716032562231,75.24296760795694,79.3376693725586,201552000,0.75,1.728,Non-Tech,"2009–2016
(Recovery)",332.65160572634557
1958,2016-03-01,2016,5,JNJ,Johnson & Johnson,80.43668588376744,83.21664761159967,80.08729210348967,82.18365478515625,172970400,0.0,1.728,Non-Tech,"2009–2016
(Recovery)",344.58441929222806
1959,2016-04-01,2016,5,JNJ,Johnson & Johnson,82.0317804302766,86.73341858894618,81.79632069267953,85.1307601928711,158186600,0.0,1.728,Non-Tech,"2009–2016
(Recovery)",356.94121466918205
1960,2016-05-01,2016,5,JNJ,Johnson & Johnson,85.23710981663565,87.34866799399668,84.8421386814126,85.59410095214844,141096900,0.8,1.728,Non-Tech,"2009–2016
(Recovery)",358.88393681858497
1961,2016-06-01,2016,5,JNJ,Johnson & Johnson,86.20520802794245,92.87580438031613,85.7309204727994,92.79165649414062,167571400,0.0,1.728,Non-Tech,"2009–2016
(Recovery)",389.06226733022453
1962,2016-07-01,2016,5,JNJ,Johnson & Johnson,92.79164644493568,96.44058157198664,92.4015068182197,95.79800415039062,131996000,0.0,1.728,Non-Tech,"2009–2016
(Recovery)",401.6674570608054
1963,2016-08-01,2016,5,JNJ,Johnson & Johnson,95.85919221283068,96.31053133028516,90.51966013137772,91.2922821044922,138570700,0.8,1.728,Non-Tech,"2009–2016
(Recovery)",382.77560297209527
1964,2016-09-01,2016,5,JNJ,Johnson & Johnson,91.78580141745697,92.38646264403587,90.13012888570611,90.96951293945312,130378400,0.0,1.728,Non-Tech,"2009–2016
(Recovery)",381.422277598684
1965,2016-10-01,2016,5,JNJ,Johnson & Johnson,90.86941040282665,92.56358350091806,87.01130921438457,89.32154846191406,140054500,0.0,1.728,Non-Tech,"2009–2016
(Recovery)",374.5125960568796
1966,2016-11-01,2016,5,JNJ,Johnson & Johnson,88.37434433058976,94.33475931488724,85.70986938476562,85.70986938476562,171310900,0.8,1.728,Non-Tech,"2009–2016
(Recovery)",359.3693374524464
1967,2016-12-01,2016,5,JNJ,Johnson & Johnson,86.34866838600438,90.954552888643,84.7668494061503,89.3339614868164,138044800,0.0,1.728,Non-Tech,"2009–2016
(Recovery)",374.56464211139996
1968,2016-01-01,2016,6,META,"Facebook, Inc. Class A",101.15618854086,111.96139564673544,88.67414534911666,111.3363037109375,792709100,0.0,1.592,Tech,"2009–2016
(Recovery)",147.81976794244366
1969,2016-02-01,2016,6,META,"Facebook, Inc. Class A",111.39582000090977,116.6743961666652,96.06612257041392,106.08747863769533,874152500,0.0,1.592,Tech,"2009–2016
(Recovery)",140.85097089748737
1970,2016-03-01,2016,6,META,"Facebook, Inc. Class A",106.99039477140916,116.07906745065284,103.587101805767,113.2115707397461,521458900,0.0,1.592,Tech,"2009–2016
(Recovery)",150.30953568027246
1971,2016-04-01,2016,6,META,"Facebook, Inc. Class A",112.86430204213154,119.84948700658832,105.4822301059463,116.66448211669922,741613800,0.0,1.592,Tech,"2009–2016
(Recovery)",154.89392137886912
1972,2016-05-01,2016,6,META,"Facebook, Inc. Class A",116.9125378029332,120.1372322097476,114.97771661685086,117.88490295410156,460544200,0.0,1.592,Tech,"2009–2016
(Recovery)",156.51425831268108
1973,2016-06-01,2016,6,META,"Facebook, Inc. Class A",117.5773018633935,118.50998499255428,107.38727236602764,113.3901596069336,450876100,0.0,1.592,Tech,"2009–2016
(Recovery)",150.5466458054056
1974,2016-07-01,2016,6,META,"Facebook, Inc. Class A",113.31078001354884,127.33076177933104,112.09036163329311,122.97494506835938,470108600,0.0,1.592,Tech,"2009–2016
(Recovery)",163.2722412802164
1975,2016-08-01,2016,6,META,"Facebook, Inc. Class A",122.88565605940104,125.74323614691832,121.11951701641564,125.1379852294922,365670900,0.0,1.592,Tech,"2009–2016
(Recovery)",166.14408167738804
1976,2016-09-01,2016,6,META,"Facebook, Inc. Class A",125.39594960248004,130.95234414034954,124.6220242207396,127.271240234375,376518100,0.0,1.592,Tech,"2009–2016
(Recovery)",168.97637670850872
1977,2016-10-01,2016,6,META,"Facebook, Inc. Class A",127.38039916198684,132.460528441699,125.7630859923996,129.97007751464844,313284400,0.0,1.592,Tech,"2009–2016
(Recovery)",172.5595879988728
1978,2016-11-01,2016,6,META,"Facebook, Inc. Class A",130.38679251983066,130.91266451546375,112.66585705761352,117.49793243408205,644052900,0.0,1.592,Tech,"2009–2016
(Recovery)",156.00048256691568
1979,2016-12-01,2016,6,META,"Facebook, Inc. Class A",117.45825595590054,121.54617915555303,113.11236264271874,114.15419006347656,408728400,0.0,1.592,Tech,"2009–2016
(Recovery)",151.56103914363214
1980,2016-01-01,2016,7,BRK.B,"Berkshire Hathaway, Inc.Class B",130.16000366210938,131.75999450683594,123.9000015258789,129.77000427246094,103400200,0.0,1.466,Non-Tech,"2009–2016
(Recovery)",133.88012366026123
1981,2016-02-01,2016,7,BRK.B,"Berkshire Hathaway, Inc.Class B",128.94000244140625,135.11000061035156,123.5500030517578,134.1699981689453,96038900,0.0,1.466,Non-Tech,"2009–2016
(Recovery)",138.41947564894522
1982,2016-03-01,2016,7,BRK.B,"Berkshire Hathaway, Inc.Class B",135.11000061035156,143.39999389648438,134.32000732421875,141.8800048828125,85834300,0.0,1.466,Non-Tech,"2009–2016
(Recovery)",146.37367629847878
1983,2016-04-01,2016,7,BRK.B,"Berkshire Hathaway, Inc.Class B",141.2100067138672,148.02999877929688,140.27000427246094,145.47999572753906,61190900,0.0,1.466,Non-Tech,"2009–2016
(Recovery)",150.08768726865551
1984,2016-05-01,2016,7,BRK.B,"Berkshire Hathaway, Inc.Class B",145.77000427246094,147.13999938964844,139.67999267578125,140.5399932861328,64492400,0.0,1.466,Non-Tech,"2009–2016
(Recovery)",144.99122340209917
1985,2016-06-01,2016,7,BRK.B,"Berkshire Hathaway, Inc.Class B",140.97000122070312,146.0,136.64999389648438,144.7899932861328,89905000,0.0,1.466,Non-Tech,"2009–2016
(Recovery)",149.3758308369689
1986,2016-07-01,2016,7,BRK.B,"Berkshire Hathaway, Inc.Class B",144.58999633789062,146.99000549316406,140.9499969482422,144.27000427246094,60473600,0.0,1.466,Non-Tech,"2009–2016
(Recovery)",148.83937255569919
1987,2016-08-01,2016,7,BRK.B,"Berkshire Hathaway, Inc.Class B",144.6199951171875,150.89999389648438,142.9199981689453,150.49000549316406,62482300,0.0,1.466,Non-Tech,"2009–2016
(Recovery)",155.2563757550389
1988,2016-09-01,2016,7,BRK.B,"Berkshire Hathaway, Inc.Class B",150.6999969482422,151.0500030517578,143.36000061035156,144.47000122070312,79210700,0.0,1.466,Non-Tech,"2009–2016
(Recovery)",149.04570387480834
1989,2016-10-01,2016,7,BRK.B,"Berkshire Hathaway, Inc.Class B",144.27000427246094,145.7100067138672,141.9199981689453,144.3000030517578,58778600,0.0,1.466,Non-Tech,"2009–2016
(Recovery)",148.87032146646203
1990,2016-11-01,2016,7,BRK.B,"Berkshire Hathaway, Inc.Class B",144.67999267578125,159.08999633789062,142.35000610351562,157.44000244140625,88383300,0.0,1.466,Non-Tech,"2009–2016
(Recovery)",162.42649535305884
1991,2016-12-01,2016,7,BRK.B,"Berkshire Hathaway, Inc.Class B",157.5800018310547,167.25,157.50999450683594,162.97999572753906,82826600,0.0,1.466,Non-Tech,"2009–2016
(Recovery)",168.14195317694268
1992,2016-01-01,2016,8,GE,General Electric Co.,129.18695241707937,130.41327184110497,116.20482602464492,123.05532836914062,240581193,0.0,1.417,Non-Tech,"2009–2016
(Recovery)",106.42050697363392
1993,2016-02-01,2016,8,GE,General Electric Co.,122.67469523469748,125.2119133240995,114.59786322332442,123.22442626953124,178647591,1.102261,1.417,Non-Tech,"2009–2016
(Recovery)",106.56674594212265
1994,2016-03-01,2016,8,GE,General Electric Co.,125.36183497966798,136.6149780613845,124.93557534445684,135.5067138671875,153022344,0.0,1.417,Non-Tech,"2009–2016
(Recovery)",117.18869372984919
1995,2016-04-01,2016,8,GE,General Electric Co.,134.27062111726073,136.48715023045423,129.19817322897825,131.07369995117188,134883262,0.0,1.417,Non-Tech,"2009–2016
(Recovery)",113.35494191580044
1996,2016-05-01,2016,8,GE,General Electric Co.,130.60473925196234,132.09663391121478,123.86989895343017,128.85708618164062,127105155,0.0,1.417,Non-Tech,"2009–2016
(Recovery)",111.43797363620979
1997,2016-06-01,2016,8,GE,General Electric Co.,128.04723794233132,134.2705770358702,124.33881440722804,134.18533325195312,180600876,1.102261,1.417,Non-Tech,"2009–2016
(Recovery)",116.04593951642303
1998,2016-07-01,2016,8,GE,General Electric Co.,135.20188229219946,141.73004996444567,133.48394055223886,133.7416229248047,160195522,0.0,1.417,Non-Tech,"2009–2016
(Recovery)",115.66221068005015
1999,2016-08-01,2016,8,GE,General Electric Co.,133.6557336398265,135.58840613615416,133.14034154460109,134.17111206054688,112148488,0.0,1.417,Non-Tech,"2009–2016
(Recovery)",116.03364076902803
2000,2016-09-01,2016,8,GE,General Electric Co.,133.78460658394098,135.07305977884528,126.26861821824254,127.21348571777344,153840360,1.102261,1.417,Non-Tech,"2009–2016
(Recovery)",110.0165577825042
2001,2016-10-01,2016,8,GE,General Electric Co.,127.51379027783402,128.76901237224715,122.62272109749132,125.95557403564452,144801891,0.0,1.417,Non-Tech,"2009–2016
(Recovery)",108.92869266756466
2002,2016-11-01,2016,8,GE,General Electric Co.,125.52273673454953,136.30037641729913,122.01676387012252,133.1406707763672,148770396,0.0,1.417,Non-Tech,"2009–2016
(Recovery)",115.14249623004466
2003,2016-12-01,2016,8,GE,General Electric Co.,132.62125546690868,140.1526149902681,132.53468177986775,136.7764892578125,133681477,1.150185,1.417,Non-Tech,"2009–2016
(Recovery)",118.28681879768529
2004,2016-01-01,2016,9,T,"AT&T, Inc.",12.355964613931778,13.07382869720459,12.113050899016931,13.07382869720459,897303662,0.48,1.329,Non-Tech,"2009–2016
(Recovery)",199.68694272815895
2005,2016-02-01,2016,9,T,"AT&T, Inc.",13.311142740648076,13.85038401972072,13.21880589581474,13.647244453430176,764294754,0.0,1.329,Non-Tech,"2009–2016
(Recovery)",208.44517583070262
2006,2016-03-01,2016,9,T,"AT&T, Inc.",13.702645778702824,14.670325547018804,13.687871586104816,14.46718692779541,672805956,0.0,1.329,Non-Tech,"2009–2016
(Recovery)",220.96880679689113
2007,2016-04-01,2016,9,T,"AT&T, Inc.",14.282514067786376,14.537361409674226,13.935330827084066,14.337915420532228,598880684,0.48,1.329,Non-Tech,"2009–2016
(Recovery)",218.99434065808015
2008,2016-05-01,2016,9,T,"AT&T, Inc.",14.593030345614542,14.893376347363338,14.18005518576545,14.69815158843994,510773779,0.0,1.329,Non-Tech,"2009–2016
(Recovery)",224.49651302821218
2009,2016-06-01,2016,9,T,"AT&T, Inc.",14.6793829588557,16.30124948277188,14.484159101090608,16.222408294677734,690927151,0.0,1.329,Non-Tech,"2009–2016
(Recovery)",247.777693212759
2010,2016-07-01,2016,9,T,"AT&T, Inc.",16.222405949916148,16.47769974404269,15.655503777214886,16.25244140625,544892066,0.48,1.329,Non-Tech,"2009–2016
(Recovery)",248.23641271791524
2011,2016-08-01,2016,9,T,"AT&T, Inc.",16.479011573986302,16.57426503063853,15.450263465558184,15.57599925994873,548467134,0.0,1.329,Non-Tech,"2009–2016
(Recovery)",237.90457594264404
2012,2016-09-01,2016,9,T,"AT&T, Inc.",15.564560957698284,15.888426019707133,15.069238600880904,15.473116874694824,592623194,0.0,1.329,Non-Tech,"2009–2016
(Recovery)",236.33317176963953
2013,2016-10-01,2016,9,T,"AT&T, Inc.",15.476931789895438,15.636959223519368,13.819505967169908,14.017634391784668,826357125,0.48,1.329,Non-Tech,"2009–2016
(Recovery)",214.1024347806454
2014,2016-11-01,2016,9,T,"AT&T, Inc.",14.314209604369635,15.35960828603996,13.977359591627426,14.95693588256836,662728997,0.0,1.329,Non-Tech,"2009–2016
(Recovery)",228.44913056033712
2015,2016-12-01,2016,9,T,"AT&T, Inc.",14.956933918403925,16.58698019918936,14.774957554829555,16.46695327758789,563979119,0.0,1.329,Non-Tech,"2009–2016
(Recovery)",251.51282246432095
2016,2016-01-01,2016,10,JPM,JPMorgan Chase & Co.,48.32799901196218,48.46402512783744,41.30740245667769,44.965065002441406,470257300,0.44,1.285,Non-Tech,"2009–2016
(Recovery)",192.3644481304994
2017,2016-02-01,2016,10,JPM,JPMorgan Chase & Co.,45.00803685625796,45.38082275316371,39.941209280731705,42.83219146728516,477952300,0.0,1.285,Non-Tech,"2009–2016
(Recovery)",183.23983015207102
2018,2016-03-01,2016,10,JPM,JPMorgan Chase & Co.,43.18215476773874,46.38506178219536,43.11368400253268,45.053688049316406,356907400,0.0,1.285,Non-Tech,"2009–2016
(Recovery)",192.74358521176075
2019,2016-04-01,2016,10,JPM,JPMorgan Chase & Co.,44.90152660137415,49.192356014244,43.41799541786485,48.08160781860352,344767700,0.44,1.285,Non-Tech,"2009–2016
(Recovery)",205.69728861173851
2020,2016-05-01,2016,10,JPM,JPMorgan Chase & Co.,48.81312881294914,50.736835423580246,46.43723576694487,50.02406692504883,283915300,0.0,1.285,Non-Tech,"2009–2016
(Recovery)",214.00729714852423
2021,2016-06-01,2016,10,JPM,JPMorgan Chase & Co.,49.633195090158,50.52223628065134,43.72411440119837,47.62517929077149,394697700,0.0,1.285,Non-Tech,"2009–2016
(Recovery)",203.7446477812925
2022,2016-07-01,2016,10,JPM,JPMorgan Chase & Co.,47.2573035343817,49.801812356518106,45.03469158663968,49.02772903442383,283878900,0.48,1.285,Non-Tech,"2009–2016
(Recovery)",209.7448772349496
2023,2016-08-01,2016,10,JPM,JPMorgan Chase & Co.,49.548418056593206,52.344443421563376,48.953682223739776,52.13590240478516,263306200,0.0,1.285,Non-Tech,"2009–2016
(Recovery)",223.04191250112814
2024,2016-09-01,2016,10,JPM,JPMorgan Chase & Co.,52.24404606387344,52.444867526092565,50.28991575695688,51.43304061889648,316507200,0.0,1.285,Non-Tech,"2009–2016
(Recovery)",220.03500881829893
2025,2016-10-01,2016,10,JPM,JPMorgan Chase & Co.,51.24765709253772,53.889207920720125,51.05456116838134,53.49529647827149,304123000,0.48,1.285,Non-Tech,"2009–2016
(Recovery)",228.85751825470305
2026,2016-11-01,2016,10,JPM,JPMorgan Chase & Co.,54.05534226678413,62.652222746678895,52.62382183762004,62.37214279174805,458561900,0.0,1.285,Non-Tech,"2009–2016
(Recovery)",266.8334367180359
2027,2016-12-01,2016,10,JPM,JPMorgan Chase & Co.,62.74559469681503,67.9893041353298,62.74559469681503,67.13350677490234,343139500,0.0,1.285,Non-Tech,"2009–2016
(Recovery)",287.20296481541953
2028,2017-01-01,2017,1,AAPL,"Apple, Inc.",26.64071685421073,28.16830181958151,26.401456325812468,27.917537689208984,2252488000,0.0,3.688,Tech,"2017–2025
(AI & FAANG)",1034.7184703492312
2029,2017-02-01,2017,1,AAPL,"Apple, Inc.",29.22426680736204,31.62837215166061,29.21966641975407,31.51564598083496,2299874400,0.1425,3.688,Tech,"2017–2025
(AI & FAANG)",1168.0765461619553
2030,2017-03-01,2017,1,AAPL,"Apple, Inc.",31.860237055814583,33.387513778688295,31.666151316677077,33.19342803955078,2246513600,0.0,3.688,Tech,"2017–2025
(AI & FAANG)",1230.2608299157785
2031,2017-04-01,2017,1,AAPL,"Apple, Inc.",33.20497498993417,33.609321963127776,32.36162061618345,33.19110870361328,1493216400,0.0,3.688,Tech,"2017–2025
(AI & FAANG)",1230.1748674730948
2032,2017-05-01,2017,1,AAPL,"Apple, Inc.",33.5261425032116,36.19482975592732,33.33436608353306,35.296024322509766,2615927200,0.1575,3.688,Tech,"2017–2025
(AI & FAANG)",1308.190167161958
2033,2017-06-01,2017,1,AAPL,"Apple, Inc.",35.53683374180161,36.18877875223682,32.99169360869605,33.4139518737793,2736712400,0.0,3.688,Tech,"2017–2025
(AI & FAANG)",1238.4341898649502
2034,2017-07-01,2017,1,AAPL,"Apple, Inc.",33.61348091965456,35.72708404895996,33.04041813593376,34.5067138671875,1688047600,0.0,3.688,Tech,"2017–2025
(AI & FAANG)",1278.9356492294044
2035,2017-08-01,2017,1,AAPL,"Apple, Inc.",34.59256815978272,38.17014908431085,34.43248126838319,38.049503326416016,2644276000,0.1575,3.688,Tech,"2017–2025
(AI & FAANG)",1410.243421814207
2036,2017-09-01,2017,1,AAPL,"Apple, Inc.",38.38526514765888,38.41787384664342,34.7423918930247,35.897674560546875,2721496400,0.0,3.688,Tech,"2017–2025
(AI & FAANG)",1330.4893620593518
2037,2017-10-01,2017,1,AAPL,"Apple, Inc.",35.930276093534886,39.51491855976353,35.51102249137367,39.37283706665039,2017165200,0.0,3.688,Tech,"2017–2025
(AI & FAANG)",1459.290650789064
2038,2017-11-01,2017,1,AAPL,"Apple, Inc.",39.5661591264115,41.04986343804646,38.4970561022468,40.02734375,2402653600,0.1575,3.688,Tech,"2017–2025
(AI & FAANG)",1483.5488845118264
2039,2017-12-01,2017,1,AAPL,"Apple, Inc.",39.72709401713013,41.42183621657782,38.91128246873624,39.55878829956055,2124735200,0.0,3.688,Tech,"2017–2025
(AI & FAANG)",1466.1826330769836
2040,2017-01-01,2017,2,MSFT,Microsoft Corp.,56.3596129747493,59.16009306255949,55.60563809326659,58.02912902832031,493453500,0.0,2.658,Tech,"2017–2025
(AI & FAANG)",194.56089820391065
2041,2017-02-01,2017,2,MSFT,Microsoft Corp.,57.7688267724041,58.55870260227967,56.32370797997349,57.42774200439453,440744000,0.39,2.658,Tech,"2017–2025
(AI & FAANG)",192.5445591427803
2042,2017-03-01,2017,2,MSFT,Microsoft Corp.,57.91134129869168,59.77158874338195,57.45079727678319,59.47358703613281,489169700,0.0,2.658,Tech,"2017–2025
(AI & FAANG)",199.40389778228922
2043,2017-04-01,2017,2,MSFT,Microsoft Corp.,59.4284251047352,62.43551782251365,58.56151679583575,61.82145690917969,433191200,0.0,2.658,Tech,"2017–2025
(AI & FAANG)",207.27586965253676
2044,2017-05-01,2017,2,MSFT,Microsoft Corp.,62.02011173422624,63.88035166125765,60.62944445951135,63.06762313842773,517218500,0.39,2.658,Tech,"2017–2025
(AI & FAANG)",211.45403370451746
2045,2017-06-01,2017,2,MSFT,Microsoft Corp.,63.792424728629705,66.19917341900207,61.83977930326852,62.60267639160156,629716800,0.0,2.658,Tech,"2017–2025
(AI & FAANG)",209.89515356631418
2046,2017-07-01,2017,2,MSFT,Microsoft Corp.,62.96594523441794,67.58871203364583,61.77619025468093,66.02659606933594,469851200,0.0,2.658,Tech,"2017–2025
(AI & FAANG)",221.37492069418084
2047,2017-08-01,2017,2,MSFT,Microsoft Corp.,66.38988275289249,68.07914711703971,64.7369474742077,67.90658569335938,444070500,0.39,2.658,Tech,"2017–2025
(AI & FAANG)",227.67817693787737
2048,2017-09-01,2017,2,MSFT,Microsoft Corp.,68.21360451348724,69.36404338994599,66.57925280652893,68.01273345947266,375983900,0.0,2.658,Tech,"2017–2025
(AI & FAANG)",228.03407069439507
2049,2017-10-01,2017,2,MSFT,Microsoft Corp.,68.21361089999498,78.70449904248785,67.30056563515878,75.94710540771484,449950000,0.0,2.658,Tech,"2017–2025
(AI & FAANG)",254.6365470503735
2050,2017-11-01,2017,2,MSFT,Microsoft Corp.,76.40363815386605,77.66363827837554,75.08885056934591,76.85102844238281,421926000,0.42,2.658,Tech,"2017–2025
(AI & FAANG)",257.6672331984695
2051,2017-12-01,2017,2,MSFT,Microsoft Corp.,76.71391969381591,80.29268057088277,74.05278945184484,78.49412536621094,466203300,0.0,2.658,Tech,"2017–2025
(AI & FAANG)",263.17623219068366
2052,2017-01-01,2017,3,META,"Facebook, Inc. Class A",115.12654188293556,132.10331704977426,114.6105941458263,129.30528259277344,378958900,0.0,1.877,Tech,"2017–2025
(AI & FAANG)",171.67694839431024
2053,2017-02-01,2017,3,META,"Facebook, Inc. Class A",131.2202580811413,136.1118642153882,129.2854444493396,134.48463439941406,384700500,0.0,1.877,Tech,"2017–2025
(AI & FAANG)",178.55350668330868
2054,2017-03-01,2017,3,META,"Facebook, Inc. Class A",135.40740038744931,141.8369407123506,135.02043766280198,140.94395446777344,342098600,0.0,1.877,Tech,"2017–2025
(AI & FAANG)",187.12946224987607
2055,2017-04-01,2017,3,META,"Facebook, Inc. Class A",140.82486896549727,150.35012558045273,137.72916737862687,149.08009338378906,275586300,0.0,1.877,Tech,"2017–2025
(AI & FAANG)",197.9317084752891
2056,2017-05-01,2017,3,META,"Facebook, Inc. Class A",150.55850403437557,152.40402202079855,143.29549288136295,150.2806854248047,403586900,0.0,1.877,Tech,"2017–2025
(AI & FAANG)",199.52571897304412
2057,2017-06-01,2017,3,META,"Facebook, Inc. Class A",150.5684215925313,155.2814364364491,143.4344030169202,149.80441284179688,414757100,0.0,1.877,Tech,"2017–2025
(AI & FAANG)",198.89337803526385
2058,2017-07-01,2017,3,META,"Facebook, Inc. Class A",150.53865543739153,174.12357801929986,146.64917976561344,167.93215942382812,419907600,0.0,1.877,Tech,"2017–2025
(AI & FAANG)",222.96135230565488
2059,2017-08-01,2017,3,META,"Facebook, Inc. Class A",168.49771310023985,171.7025586422307,163.71523650013762,170.63096618652344,303622800,0.0,1.877,Tech,"2017–2025
(AI & FAANG)",226.5445230782259
2060,2017-09-01,2017,3,META,"Facebook, Inc. Class A",171.05763653738262,172.64518451999513,160.30204361812287,169.53955078125,304818300,0.0,1.877,Tech,"2017–2025
(AI & FAANG)",225.09546498523227
2061,2017-10-01,2017,3,META,"Facebook, Inc. Class A",170.0554698237385,179.3922024189996,166.9796019419066,178.657958984375,318146600,0.0,1.877,Tech,"2017–2025
(AI & FAANG)",237.2018574166706
2062,2017-11-01,2017,3,META,"Facebook, Inc. Class A",180.940105551762,182.81538899062565,172.64519774420006,175.80043029785156,350998700,0.0,1.877,Tech,"2017–2025
(AI & FAANG)",233.40795360226477
2063,2017-12-01,2017,3,META,"Facebook, Inc. Class A",174.65936930627316,180.8607046794152,167.6940251759659,175.08602905273438,317095800,0.0,1.877,Tech,"2017–2025
(AI & FAANG)",232.45945232504266
2064,2017-01-01,2017,4,AMZN,"Amazon.com, Inc.",37.89599990844727,42.19200134277344,37.3849983215332,41.17399978637695,1412280000,0.0,1.776,Tech,"2017–2025
(AI & FAANG)",140.28619847096277
2065,2017-02-01,2017,4,AMZN,"Amazon.com, Inc.",41.46049880981445,43.042999267578125,40.150001525878906,42.25199890136719,1434966000,0.0,1.776,Tech,"2017–2025
(AI & FAANG)",143.95910852540638
2066,2017-03-01,2017,4,AMZN,"Amazon.com, Inc.",42.65250015258789,44.51750183105469,41.67499923706055,44.32699966430664,1214214000,0.0,1.776,Tech,"2017–2025
(AI & FAANG)",151.02895771099452
2067,2017-04-01,2017,4,AMZN,"Amazon.com, Inc.",44.400001525878906,47.47949981689453,44.2244987487793,46.2495002746582,1470794000,0.0,1.776,Tech,"2017–2025
(AI & FAANG)",157.57921524204838
2068,2017-05-01,2017,4,AMZN,"Amazon.com, Inc.",46.38999938964844,50.060001373291016,46.38999938964844,49.73099899291992,1524040000,0.0,1.776,Tech,"2017–2025
(AI & FAANG)",169.4412209422588
2069,2017-06-01,2017,4,AMZN,"Amazon.com, Inc.",49.929500579833984,50.84999847412109,46.34999847412109,48.400001525878906,1922708000,0.0,1.776,Tech,"2017–2025
(AI & FAANG)",164.9063062923723
2070,2017-07-01,2017,4,AMZN,"Amazon.com, Inc.",48.63949966430664,54.16550064086914,47.54999923706055,49.38899993896485,1576248000,0.0,1.776,Tech,"2017–2025
(AI & FAANG)",168.2759771619862
2071,2017-08-01,2017,4,AMZN,"Amazon.com, Inc.",49.80550003051758,50.31999969482422,46.81650161743164,49.02999877929688,1547836000,0.0,1.776,Tech,"2017–2025
(AI & FAANG)",167.05280457254176
2072,2017-09-01,2017,4,AMZN,"Amazon.com, Inc.",49.209999084472656,50.0,46.587501525878906,48.067501068115234,1185836000,0.0,1.776,Tech,"2017–2025
(AI & FAANG)",163.77342570142827
2073,2017-10-01,2017,4,AMZN,"Amazon.com, Inc.",48.20000076293945,56.13949966430664,47.51850128173828,55.26399993896485,1666682000,0.0,1.776,Tech,"2017–2025
(AI & FAANG)",188.29301267694723
2074,2017-11-01,2017,4,AMZN,"Amazon.com, Inc.",55.27000045776367,60.670501708984375,54.34349822998047,58.837501525878906,1543300000,0.0,1.776,Tech,"2017–2025
(AI & FAANG)",200.4684864093776
2075,2017-12-01,2017,4,AMZN,"Amazon.com, Inc.",58.602500915527344,59.73899841308594,56.23699951171875,58.4734992980957,1155204000,0.0,1.776,Tech,"2017–2025
(AI & FAANG)",199.22827440579266
2076,2017-01-01,2017,5,BRK.B,"Berkshire Hathaway, Inc. Class B",164.33999633789062,165.3000030517578,158.61000061035156,164.13999938964844,68222200,0.0,1.635,Non-Tech,"2017–2025
(AI & FAANG)",169.33869686667467
2077,2017-02-01,2017,5,BRK.B,"Berkshire Hathaway, Inc. Class B",164.75,172.1999969482422,162.14999389648438,171.4199981689453,65292400,0.0,1.635,Non-Tech,"2017–2025
(AI & FAANG)",176.8492702251565
2078,2017-03-01,2017,5,BRK.B,"Berkshire Hathaway, Inc. Class B",173.6999969482422,177.86000061035156,165.8000030517578,166.67999267578125,91077300,0.0,1.635,Non-Tech,"2017–2025
(AI & FAANG)",171.9591376777093
2079,2017-04-01,2017,5,BRK.B,"Berkshire Hathaway, Inc. Class B",166.72000122070312,168.9499969482422,162.27999877929688,165.2100067138672,71143500,0.0,1.635,Non-Tech,"2017–2025
(AI & FAANG)",170.4425938241181
2080,2017-05-01,2017,5,BRK.B,"Berkshire Hathaway, Inc. Class B",165.8000030517578,168.0399932861328,160.92999267578125,165.27999877929688,77027900,0.0,1.635,Non-Tech,"2017–2025
(AI & FAANG)",170.51480270187454
2081,2017-06-01,2017,5,BRK.B,"Berkshire Hathaway, Inc. Class B",165.8000030517578,171.9499969482422,164.75,169.3699951171875,74743700,0.0,1.635,Non-Tech,"2017–2025
(AI & FAANG)",174.7343387846287
2082,2017-07-01,2017,5,BRK.B,"Berkshire Hathaway, Inc. Class B",170.39999389648438,175.60000610351562,168.0,174.97000122070312,56308100,0.0,1.635,Non-Tech,"2017–2025
(AI & FAANG)",180.51171017210885
2083,2017-08-01,2017,5,BRK.B,"Berkshire Hathaway, Inc. Class B",175.92999267578125,181.8699951171875,174.80999755859375,181.16000366210935,68412700,0.0,1.635,Non-Tech,"2017–2025
(AI & FAANG)",186.89776446068566
2084,2017-09-01,2017,5,BRK.B,"Berkshire Hathaway, Inc. Class B",181.6000061035156,184.0,172.61000061035156,183.32000732421875,69468900,0.0,1.635,Non-Tech,"2017–2025
(AI & FAANG)",189.1261804880341
2085,2017-10-01,2017,5,BRK.B,"Berkshire Hathaway, Inc. Class B",183.4499969482422,190.67999267578125,182.92999267578125,186.94000244140625,58414700,0.0,1.635,Non-Tech,"2017–2025
(AI & FAANG)",192.8608293127429
2086,2017-11-01,2017,5,BRK.B,"Berkshire Hathaway, Inc. Class B",188.1000061035156,193.80999755859372,180.44000244140625,193.00999450683597,67325200,0.0,1.635,Non-Tech,"2017–2025
(AI & FAANG)",199.12307221619787
2087,2017-12-01,2017,5,BRK.B,"Berkshire Hathaway, Inc. Class B",193.58999633789065,200.5,189.72000122070312,198.22000122070312,78499100,0.0,1.635,Non-Tech,"2017–2025
(AI & FAANG)",204.49809202169038
2088,2017-01-01,2017,6,JNJ,Johnson & Johnson,89.77594239020486,90.72193272066431,85.88343129866442,87.81417846679688,143312500,0.0,1.617,Non-Tech,"2017–2025
(AI & FAANG)",368.19240725797744
2089,2017-02-01,2017,6,JNJ,Johnson & Johnson,87.21712241255801,95.28128949727228,87.2093667447596,94.76177215576172,133814500,0.8,1.617,Non-Tech,"2017–2025
(AI & FAANG)",397.32268313885373
2090,2017-03-01,2017,6,JNJ,Johnson & Johnson,95.6073633909455,100.68862839844954,95.52931138163392,97.21526336669922,166544900,0.0,1.617,Non-Tech,"2017–2025
(AI & FAANG)",407.60982413263906
2091,2017-04-01,2017,6,JNJ,Johnson & Johnson,97.35578672075184,98.198756995158,94.40536991787135,96.372314453125,106205200,0.0,1.617,Non-Tech,"2017–2025
(AI & FAANG)",404.075458781812
2092,2017-05-01,2017,6,JNJ,Johnson & Johnson,96.31764682349758,100.53252067588464,95.49027888131552,100.1032257080078,112541500,0.84,1.617,Non-Tech,"2017–2025
(AI & FAANG)",419.7186410125788
2093,2017-06-01,2017,6,JNJ,Johnson & Johnson,100.82204250613024,107.64198125737548,100.66489133649152,103.94129180908205,145558900,0.0,1.617,Non-Tech,"2017–2025
(AI & FAANG)",435.81110832984797
2094,2017-07-01,2017,6,JNJ,Johnson & Johnson,104.33416813469618,107.70486242986568,101.80419920836454,104.2791748046875,107885800,0.0,1.617,Non-Tech,"2017–2025
(AI & FAANG)",437.2278038532314
2095,2017-08-01,2017,6,JNJ,Johnson & Johnson,104.6327267809223,106.04700349571556,102.84916636868437,104.00415802001952,107061100,0.84,1.617,Non-Tech,"2017–2025
(AI & FAANG)",436.07469744432115
2096,2017-09-01,2017,6,JNJ,Johnson & Johnson,104.84763588754188,107.36997826471998,102.0406267605604,102.79969787597656,116205400,0.0,1.617,Non-Tech,"2017–2025
(AI & FAANG)",431.0245667293917
2097,2017-10-01,2017,6,JNJ,Johnson & Johnson,102.91830668225283,114.13842793300005,102.80760831321643,110.23233795166016,123841100,0.0,1.617,Non-Tech,"2017–2025
(AI & FAANG)",462.1885733798986
2098,2017-11-01,2017,6,JNJ,Johnson & Johnson,110.56444334938254,112.17747860050316,108.0104658412672,110.1690902709961,93742200,0.84,1.617,Non-Tech,"2017–2025
(AI & FAANG)",461.92338481691513
2099,2017-12-01,2017,6,JNJ,Johnson & Johnson,111.03465670770905,114.3998218494671,110.2629740617618,111.15398406982422,114023200,0.0,1.617,Non-Tech,"2017–2025
(AI & FAANG)",466.05290495837033
2100,2017-01-01,2017,7,XOM,Exxon Mobil Corp.,60.35454210410896,60.62000777178702,55.1712424087361,55.67563629150391,252514500,0.0,1.61,Non-Tech,"2017–2025
(AI & FAANG)",306.9233503039785
2101,2017-02-01,2017,7,XOM,Exxon Mobil Corp.,55.748664551038935,55.854854913966,53.59836033611786,53.97001647949219,237345100,0.75,1.61,Non-Tech,"2017–2025
(AI & FAANG)",297.5207716911973
2102,2017-03-01,2017,7,XOM,Exxon Mobil Corp.,54.71802764478517,56.42587516855882,53.78708483119851,54.92565155029297,315475000,0.0,1.61,Non-Tech,"2017–2025
(AI & FAANG)",302.7889057824266
2103,2017-04-01,2017,7,XOM,Exxon Mobil Corp.,54.932360698031566,55.95707256528865,53.780406147640186,54.6845588684082,192624700,0.0,1.61,Non-Tech,"2017–2025
(AI & FAANG)",301.45983298529836
2104,2017-05-01,2017,7,XOM,Exxon Mobil Corp.,54.590767753175655,55.74272683443848,53.89423423637174,53.91432571411133,220122400,0.77,1.61,Non-Tech,"2017–2025
(AI & FAANG)",297.213764938689
2105,2017-06-01,2017,7,XOM,Exxon Mobil Corp.,54.335571779616856,56.58011670386223,53.58513609742148,54.57895660400391,303836700,0.0,1.61,Non-Tech,"2017–2025
(AI & FAANG)",300.87767886996954
2106,2017-07-01,2017,7,XOM,Exxon Mobil Corp.,54.61951573205115,55.76882887732563,52.915822063964285,54.11246490478516,201333900,0.0,1.61,Non-Tech,"2017–2025
(AI & FAANG)",298.3060478164226
2107,2017-08-01,2017,7,XOM,Exxon Mobil Corp.,54.19359655127414,54.639798610759534,51.41495752024616,51.60425567626953,224413200,0.77,1.61,Non-Tech,"2017–2025
(AI & FAANG)",284.47903063338146
2108,2017-09-01,2017,7,XOM,Exxon Mobil Corp.,52.1317511080026,56.28208151339508,52.0976179856361,55.96125411987305,216249200,0.0,1.61,Non-Tech,"2017–2025
(AI & FAANG)",308.4978770921524
2109,2017-10-01,2017,7,XOM,Exxon Mobil Corp.,55.497054299282375,57.503955229137816,55.46292118766655,56.89642333984375,172408300,0.0,1.61,Non-Tech,"2017–2025
(AI & FAANG)",313.6531889882172
2110,2017-11-01,2017,7,XOM,Exxon Mobil Corp.,56.92372976642388,57.43569520157554,54.61647408021383,56.85546875,191810600,0.77,1.61,Non-Tech,"2017–2025
(AI & FAANG)",313.42741842208744
2111,2017-12-01,2017,7,XOM,Exxon Mobil Corp.,57.48502097347372,58.11884303111948,56.61006627425634,57.622806549072266,220601300,0.0,1.61,Non-Tech,"2017–2025
(AI & FAANG)",317.6575252299028
2112,2017-01-01,2017,8,JPM,JPMorgan Chase & Co.,67.95040145471702,68.59614177980392,64.59722906343033,65.84202575683594,343161300,0.48,1.557,Non-Tech,"2017–2025
(AI & FAANG)",281.67789700337767
2113,2017-02-01,2017,8,JPM,JPMorgan Chase & Co.,66.91821700390759,71.45557202075706,65.83864072753818,70.89231872558594,271414600,0.0,1.557,Non-Tech,"2017–2025
(AI & FAANG)",303.28348836142834
2114,2017-03-01,2017,8,JPM,JPMorgan Chase & Co.,72.5899186741687,73.52086144377145,66.6757080637515,68.71751403808594,371669000,0.0,1.557,Non-Tech,"2017–2025
(AI & FAANG)",293.9794852763701
2115,2017-04-01,2017,8,JPM,JPMorgan Chase & Co.,68.83485753229021,69.7266827110434,65.99509903873403,68.06037902832031,321139800,0.5,1.557,Non-Tech,"2017–2025
(AI & FAANG)",291.16820470791254
2116,2017-05-01,2017,8,JPM,JPMorgan Chase & Co.,68.73470128955233,69.30906069802859,64.2342139665896,64.63548278808594,283639500,0.0,1.557,Non-Tech,"2017–2025
(AI & FAANG)",276.5162015334228
2117,2017-06-01,2017,8,JPM,JPMorgan Chase & Co.,64.87939615016042,72.89687386671775,64.2420913591328,71.91337585449219,334136800,0.0,1.557,Non-Tech,"2017–2025
(AI & FAANG)",307.6516593203961
2118,2017-07-01,2017,8,JPM,JPMorgan Chase & Co.,72.03925245956643,74.3603111117278,71.0636242208233,72.22808837890625,271473000,0.5,1.557,Non-Tech,"2017–2025
(AI & FAANG)",308.99802679646626
2119,2017-08-01,2017,8,JPM,JPMorgan Chase & Co.,73.17124167045182,75.33101829500706,71.32792268723006,71.90544128417969,253237800,0.0,1.557,Non-Tech,"2017–2025
(AI & FAANG)",307.61771454039337
2120,2017-09-01,2017,8,JPM,JPMorgan Chase & Co.,72.19024916510813,75.85316045670275,69.68238113585772,75.5604476928711,250922800,0.0,1.557,Non-Tech,"2017–2025
(AI & FAANG)",323.2541489741741
2121,2017-10-01,2017,8,JPM,JPMorgan Chase & Co.,75.76613875504263,81.02712816709003,75.12532858936636,79.5951919555664,259433200,0.56,1.557,Non-Tech,"2017–2025
(AI & FAANG)",340.5151348839896
2122,2017-11-01,2017,8,JPM,JPMorgan Chase & Co.,80.45038644911088,84.87476402362901,76.35226954284283,83.1718521118164,256086400,0.0,1.557,Non-Tech,"2017–2025
(AI & FAANG)",355.8163972544548
2123,2017-12-01,2017,8,JPM,JPMorgan Chase & Co.,83.47424783471283,86.30711832255277,81.3257173486298,85.09757995605469,284432100,0.0,1.557,Non-Tech,"2017–2025
(AI & FAANG)",364.054828000331
2124,2017-01-01,2017,9,GOOG,"Alphabet, Inc. Class A",38.623401903359024,41.75469561363648,38.47412998280684,39.51508331298828,664002000,0.0,1.343,Tech,"2017–2025
(AI & FAANG)",100.0
2125,2017-02-01,2017,9,GOOG,"Alphabet, Inc. Class A",39.658410663200605,41.333160630128496,39.23736785923401,40.8253288269043,513672000,0.0,1.343,Tech,"2017–2025
(AI & FAANG)",103.31581108797852
2126,2017-03-01,2017,9,GOOG,"Alphabet, Inc. Class A",41.10503684347181,42.32749884113793,39.84140890379967,41.1402473449707,676702000,0.0,1.343,Tech,"2017–2025
(AI & FAANG)",104.11276883591498
2127,2017-04-01,2017,9,GOOG,"Alphabet, Inc. Class A",41.12337764249659,45.4691989093844,40.5183481093286,44.92913436889648,504374000,0.0,1.343,Tech,"2017–2025
(AI & FAANG)",113.70122647350877
2128,2017-05-01,2017,9,GOOG,"Alphabet, Inc. Class A",44.72976943638624,48.56478487596945,44.70546715716955,47.85015106201172,643602000,0.0,1.343,Tech,"2017–2025
(AI & FAANG)",121.09338270402625
2129,2017-06-01,2017,9,GOOG,"Alphabet, Inc. Class A",48.05298833969775,49.01013045614635,45.04568034150161,45.06650924682617,871752000,0.0,1.343,Tech,"2017–2025
(AI & FAANG)",114.04887822168196
2130,2017-07-01,2017,9,GOOG,"Alphabet, Inc. Class A",45.237603562031616,48.90846624680637,44.37518097064108,46.14614486694336,733584000,0.0,1.343,Tech,"2017–2025
(AI & FAANG)",116.78108964476232
2131,2017-08-01,2017,9,GOOG,"Alphabet, Inc. Class A",46.23937150980925,46.71546231838514,44.802169709229695,46.58404159545898,559160000,0.0,1.343,Tech,"2017–2025
(AI & FAANG)",117.88926579372081
2132,2017-09-01,2017,9,GOOG,"Alphabet, Inc. Class A",46.67331714941725,47.59852162469261,45.11461503583533,47.56499862670898,561076000,0.0,1.343,Tech,"2017–2025
(AI & FAANG)",120.37175336303733
2133,2017-10-01,2017,9,GOOG,"Alphabet, Inc. Class A",47.60814090734458,51.99264233911112,47.00608151624187,50.41807174682617,635594000,0.0,1.343,Tech,"2017–2025
(AI & FAANG)",127.5919662056088
2134,2017-11-01,2017,9,GOOG,"Alphabet, Inc. Class A",50.44633970649507,52.68620179850734,50.23805065932802,50.65462875366211,485310000,0.0,1.343,Tech,"2017–2025
(AI & FAANG)",128.19061610585635
2135,2017-12-01,2017,9,GOOG,"Alphabet, Inc. Class A",50.37640790433768,53.48538165922962,49.01161348901429,51.89394760131836,563274000,0.0,1.343,Tech,"2017–2025
(AI & FAANG)",131.32693455377645
2136,2017-01-01,2017,10,GOOG,"Alphabet, Inc. Class C",38.623401903359024,41.75469561363648,38.47412998280684,39.51508331298828,664002000,0.0,1.342,Tech,"2017–2025
(AI & FAANG)",100.0
2137,2017-02-01,2017,10,GOOG,"Alphabet, Inc. Class C",39.658410663200605,41.333160630128496,39.23736785923401,40.8253288269043,513672000,0.0,1.342,Tech,"2017–2025
(AI & FAANG)",103.31581108797852
2138,2017-03-01,2017,10,GOOG,"Alphabet, Inc. Class C",41.10503684347181,42.32749884113793,39.84140890379967,41.1402473449707,676702000,0.0,1.342,Tech,"2017–2025
(AI & FAANG)",104.11276883591498
2139,2017-04-01,2017,10,GOOG,"Alphabet, Inc. Class C",41.12337764249659,45.4691989093844,40.5183481093286,44.92913436889648,504374000,0.0,1.342,Tech,"2017–2025
(AI & FAANG)",113.70122647350877
2140,2017-05-01,2017,10,GOOG,"Alphabet, Inc. Class C",44.72976943638624,48.56478487596945,44.70546715716955,47.85015106201172,643602000,0.0,1.342,Tech,"2017–2025
(AI & FAANG)",121.09338270402625
2141,2017-06-01,2017,10,GOOG,"Alphabet, Inc. Class C",48.05298833969775,49.01013045614635,45.04568034150161,45.06650924682617,871752000,0.0,1.342,Tech,"2017–2025
(AI & FAANG)",114.04887822168196
2142,2017-07-01,2017,10,GOOG,"Alphabet, Inc. Class C",45.237603562031616,48.90846624680637,44.37518097064108,46.14614486694336,733584000,0.0,1.342,Tech,"2017–2025
(AI & FAANG)",116.78108964476232
2143,2017-08-01,2017,10,GOOG,"Alphabet, Inc. Class C",46.23937150980925,46.71546231838514,44.802169709229695,46.58404159545898,559160000,0.0,1.342,Tech,"2017–2025
(AI & FAANG)",117.88926579372081
2144,2017-09-01,2017,10,GOOG,"Alphabet, Inc. Class C",46.67331714941725,47.59852162469261,45.11461503583533,47.56499862670898,561076000,0.0,1.342,Tech,"2017–2025
(AI & FAANG)",120.37175336303733
2145,2017-10-01,2017,10,GOOG,"Alphabet, Inc. Class C",47.60814090734458,51.99264233911112,47.00608151624187,50.41807174682617,635594000,0.0,1.342,Tech,"2017–2025
(AI & FAANG)",127.5919662056088
2146,2017-11-01,2017,10,GOOG,"Alphabet, Inc. Class C",50.44633970649507,52.68620179850734,50.23805065932802,50.65462875366211,485310000,0.0,1.342,Tech,"2017–2025
(AI & FAANG)",128.19061610585635
2147,2017-12-01,2017,10,GOOG,"Alphabet, Inc. Class C",50.37640790433768,53.48538165922962,49.01161348901429,51.89394760131836,563274000,0.0,1.342,Tech,"2017–2025
(AI & FAANG)",131.32693455377645
2148,2018-01-01,2018,1,AAPL,"Apple, Inc.",39.77618790841177,42.09973866305651,38.49987004076981,39.13802719116211,2638717600,0.0,4.211,Tech,"2017–2025
(AI & FAANG)",1450.5878017809284
2149,2018-02-01,2018,1,AAPL,"Apple, Inc.",39.07724973242915,42.2212881089547,35.11973606965399,41.63689422607422,3711577200,0.1575,4.211,Tech,"2017–2025
(AI & FAANG)",1543.2042747935106
2150,2018-03-01,2018,1,AAPL,"Apple, Inc.",41.90522627424838,43.06939235177976,38.71316446677077,39.37974166870117,2854910800,0.0,4.211,Tech,"2017–2025
(AI & FAANG)",1459.5465587187637
2151,2018-04-01,2018,1,AAPL,"Apple, Inc.",39.11218617463444,41.999128151776624,37.70157632753372,38.78828430175781,2664617200,0.0,4.211,Tech,"2017–2025
(AI & FAANG)",1437.625146135269
2152,2018-05-01,2018,1,AAPL,"Apple, Inc.",39.0582003450388,44.68186554498701,38.790630345794526,43.86037826538086,2483905200,0.1825,4.211,Tech,"2017–2025
(AI & FAANG)",1625.6141215933803
2153,2018-06-01,2018,1,AAPL,"Apple, Inc.",44.29339675442533,45.7565682386741,42.582824470828456,43.61482238769531,2110498000,0.0,4.211,Tech,"2017–2025
(AI & FAANG)",1616.5129893598503
2154,2018-07-01,2018,1,AAPL,"Apple, Inc.",43.31087049802513,46.17124434451171,43.21662208092266,44.83530044555664,1574765600,0.0,4.211,Tech,"2017–2025
(AI & FAANG)",1661.7480384957632
2155,2018-08-01,2018,1,AAPL,"Apple, Inc.",46.91814430593197,53.92535125244196,46.489322108464535,53.6331901550293,2801275600,0.1825,4.211,Tech,"2017–2025
(AI & FAANG)",1987.827619146084
2156,2018-09-01,2018,1,AAPL,"Apple, Inc.",54.00571603439938,54.30363164426798,50.90596138783484,53.37441635131836,2715888000,0.0,4.211,Tech,"2017–2025
(AI & FAANG)",1978.2365858206153
2157,2018-10-01,2018,1,AAPL,"Apple, Inc.",53.896952822793054,55.20211366437006,48.72833059258587,51.74769592285156,3158994000,0.0,4.211,Tech,"2017–2025
(AI & FAANG)",1917.9448189689986
2158,2018-11-01,2018,1,AAPL,"Apple, Inc.",51.79262933398044,52.57525190535798,40.25662023759253,42.223819732666016,3845305600,0.1825,4.211,Tech,"2017–2025
(AI & FAANG)",1564.957721288341
2159,2018-12-01,2018,1,AAPL,"Apple, Inc.",43.76627303245248,43.88016018035047,34.78096915339652,37.42649841308594,3595690000,0.0,4.211,Tech,"2017–2025
(AI & FAANG)",1387.1527503474992
2160,2018-01-01,2018,2,MSFT,Microsoft Corp.,79.03552504131105,87.58784238433824,78.45742025452031,87.18408966064453,574258400,0.0,3.567,Tech,"2017–2025
(AI & FAANG)",292.31206942959477
2161,2018-02-01,2018,2,MSFT,Microsoft Corp.,86.98222914818942,88.15679551652843,76.9249958680768,86.0462417602539,725663300,0.42,3.567,Tech,"2017–2025
(AI & FAANG)",288.4970766281107
2162,2018-03-01,2018,2,MSFT,Microsoft Corp.,86.65324999590325,89.64955884671176,80.2826400660955,84.14556884765625,750754800,0.0,3.567,Tech,"2017–2025
(AI & FAANG)",282.12447315707857
2163,2018-04-01,2018,2,MSFT,Microsoft Corp.,83.4080089111191,90.25803127545947,80.67906421471842,86.21992492675781,668130700,0.0,3.567,Tech,"2017–2025
(AI & FAANG)",289.07940404614595
2164,2018-05-01,2018,2,MSFT,Microsoft Corp.,85.9341379127384,92.1848980873016,85.23346063529719,91.12466430664062,509417900,0.42,3.567,Tech,"2017–2025
(AI & FAANG)",305.5240847640036
2165,2018-06-01,2018,2,MSFT,Microsoft Corp.,91.92706275592283,95.0845126400784,90.05667234035967,91.3066864013672,602585200,0.0,3.567,Tech,"2017–2025
(AI & FAANG)",306.1343710604889
2166,2018-07-01,2018,2,MSFT,Microsoft Corp.,90.83444433191048,102.91792847231916,90.74185201822942,98.22342681884766,569352300,0.0,3.567,Tech,"2017–2025
(AI & FAANG)",329.32491778765973
2167,2018-08-01,2018,2,MSFT,Microsoft Corp.,98.1771285133089,104.42720514345436,97.07526089125716,104.01053619384766,456628100,0.42,3.567,Tech,"2017–2025
(AI & FAANG)",348.7280213126975
2168,2018-09-01,2018,2,MSFT,Microsoft Corp.,103.035130538464,107.16211508910602,99.67034321701811,106.30697631835938,480255500,0.0,3.567,Tech,"2017–2025
(AI & FAANG)",356.4275587825507
2169,2018-10-01,2018,2,MSFT,Microsoft Corp.,106.6601979492564,107.98938414200192,93.05230920958849,99.27996063232422,927548000,0.0,3.567,Tech,"2017–2025
(AI & FAANG)",332.86727954932746
2170,2018-11-01,2018,2,MSFT,Microsoft Corp.,99.50302546733889,104.3271279543353,92.3458677863926,103.07230377197266,720228600,0.46,3.567,Tech,"2017–2025
(AI & FAANG)",345.5823021578409
2171,2018-12-01,2018,2,MSFT,Microsoft Corp.,105.48730258274948,105.8793775732958,87.71315800087284,94.81721496582033,944314600,0.0,3.567,Tech,"2017–2025
(AI & FAANG)",317.9045217090908
2172,2018-01-01,2018,3,AMZN,"Amazon.com, Inc.",58.59999847412109,73.62899780273438,58.5255012512207,72.54450225830078,1927424000,0.0,3.339,Tech,"2017–2025
(AI & FAANG)",247.17036223311985
2173,2018-02-01,2018,3,AMZN,"Amazon.com, Inc.",72.25,76.43499755859375,63.29650115966797,75.62249755859375,2755680000,0.0,3.339,Tech,"2017–2025
(AI & FAANG)",257.6575692528386
2174,2018-03-01,2018,3,AMZN,"Amazon.com, Inc.",75.68000030517578,80.87699890136719,68.26000213623047,72.36699676513672,2608002000,0.0,3.339,Tech,"2017–2025
(AI & FAANG)",246.56557350788313
2175,2018-04-01,2018,3,AMZN,"Amazon.com, Inc.",70.88099670410156,81.90499877929688,67.64399719238281,78.30650329589844,2598392000,0.0,3.339,Tech,"2017–2025
(AI & FAANG)",266.8023927704534
2176,2018-05-01,2018,3,AMZN,"Amazon.com, Inc.",78.16100311279297,81.75,77.3010025024414,81.48100280761719,1432310000,0.0,3.339,Tech,"2017–2025
(AI & FAANG)",277.61840459484506
2177,2018-06-01,2018,3,AMZN,"Amazon.com, Inc.",81.85150146484375,88.15499877929688,81.75450134277344,84.98999786376953,1718826000,0.0,3.339,Tech,"2017–2025
(AI & FAANG)",289.57409457966617
2178,2018-07-01,2018,3,AMZN,"Amazon.com, Inc.",84.13500213623047,94.00250244140624,83.90299987792969,88.87200164794922,1950422000,0.0,3.339,Tech,"2017–2025
(AI & FAANG)",302.80068311024286
2179,2018-08-01,2018,3,AMZN,"Amazon.com, Inc.",89.19999694824219,101.27850341796876,88.8010025024414,100.635498046875,1931516000,0.0,3.339,Tech,"2017–2025
(AI & FAANG)",342.88073846299415
2180,2018-09-01,2018,3,AMZN,"Amazon.com, Inc.",101.3249969482422,102.5250015258789,93.25,100.1500015258789,1888910000,0.0,3.339,Tech,"2017–2025
(AI & FAANG)",341.2265765730931
2181,2018-10-01,2018,3,AMZN,"Amazon.com, Inc.",101.09950256347656,101.65950012207033,73.81800079345703,79.90049743652344,3664416000,0.0,3.339,Tech,"2017–2025
(AI & FAANG)",272.23337784679904
2182,2018-11-01,2018,3,AMZN,"Amazon.com, Inc.",81.17649841308594,89.19999694824219,71.0,84.50849914550781,2785800000,0.0,3.339,Tech,"2017–2025
(AI & FAANG)",287.93355382326564
2183,2018-12-01,2018,3,AMZN,"Amazon.com, Inc.",88.4729995727539,88.91699981689453,65.3499984741211,75.09850311279297,3096254000,0.0,3.339,Tech,"2017–2025
(AI & FAANG)",255.87223896667066
2184,2018-01-01,2018,4,BRK.B,"Berkshire Hathaway, Inc. Class B",198.8699951171875,217.6199951171875,195.9600067138672,214.3800048828125,86828800,0.0,1.698,Non-Tech,"2017–2025
(AI & FAANG)",221.1699207756685
2185,2018-02-01,2018,4,BRK.B,"Berkshire Hathaway, Inc. Class B",214.4900054931641,217.5,189.3000030517578,207.1999969482422,113727500,0.0,1.698,Non-Tech,"2017–2025
(AI & FAANG)",213.76250520570596
2186,2018-03-01,2018,4,BRK.B,"Berkshire Hathaway, Inc. Class B",206.82000732421875,213.3600006103516,191.8699951171875,199.47999572753903,100508000,0.0,1.698,Non-Tech,"2017–2025
(AI & FAANG)",205.7979934999416
2187,2018-04-01,2018,4,BRK.B,"Berkshire Hathaway, Inc. Class B",199.00999450683597,202.7700042724609,192.0200042724609,193.72999572753903,78790800,0.0,1.698,Non-Tech,"2017–2025
(AI & FAANG)",199.86587755864724
2188,2018-05-01,2018,4,BRK.B,"Berkshire Hathaway, Inc. Class B",193.75999450683597,202.41000366210935,188.6199951171875,191.52999877929688,85907800,0.0,1.698,Non-Tech,"2017–2025
(AI & FAANG)",197.5962015643053
2189,2018-06-01,2018,4,BRK.B,"Berkshire Hathaway, Inc. Class B",192.8999938964844,196.7400054931641,184.75,186.6499938964844,94740600,0.0,1.698,Non-Tech,"2017–2025
(AI & FAANG)",192.56163551927466
2190,2018-07-01,2018,4,BRK.B,"Berkshire Hathaway, Inc. Class B",186.08999633789065,201.3999938964844,185.72000122070312,197.8699951171875,79797600,0.0,1.698,Non-Tech,"2017–2025
(AI & FAANG)",204.1370004066964
2191,2018-08-01,2018,4,BRK.B,"Berkshire Hathaway, Inc. Class B",198.8000030517578,211.32000732421875,196.7700042724609,208.72000122070312,85478300,0.0,1.698,Non-Tech,"2017–2025
(AI & FAANG)",215.33065156666268
2192,2018-09-01,2018,4,BRK.B,"Berkshire Hathaway, Inc. Class B",209.2100067138672,223.0,208.0399932861328,214.1100006103516,81811900,0.0,1.698,Non-Tech,"2017–2025
(AI & FAANG)",220.89136483673232
2193,2018-10-01,2018,4,BRK.B,"Berkshire Hathaway, Inc. Class B",215.9199981689453,224.07000732421875,197.2899932861328,205.27999877929688,111553000,0.0,1.698,Non-Tech,"2017–2025
(AI & FAANG)",211.78169620653094
2194,2018-11-01,2018,4,BRK.B,"Berkshire Hathaway, Inc. Class B",205.6000061035156,223.5200042724609,203.38999938964844,218.2400054931641,92111300,0.0,1.698,Non-Tech,"2017–2025
(AI & FAANG)",225.15217662855068
2195,2018-12-01,2018,4,BRK.B,"Berkshire Hathaway, Inc. Class B",221.97999572753903,223.58999633789065,186.1000061035156,204.17999267578125,123643400,0.0,1.698,Non-Tech,"2017–2025
(AI & FAANG)",210.64685033832464
2196,2018-01-01,2018,5,META,"Facebook, Inc. Class A",176.29649076518749,189.17543314087084,174.4311396449008,185.43478393554688,495655700,0.0,1.613,Tech,"2017–2025
(AI & FAANG)",246.1993601024938
2197,2018-02-01,2018,5,META,"Facebook, Inc. Class A",186.7544583587496,193.79918147853687,165.87827424342325,176.93154907226562,516251600,0.0,1.613,Tech,"2017–2025
(AI & FAANG)",234.9097253440619
2198,2018-03-01,2018,5,META,"Facebook, Inc. Class A",177.61617087108638,184.65097758510905,147.85969138196182,158.5458221435547,996201700,0.0,1.613,Tech,"2017–2025
(AI & FAANG)",210.49923390982724
2199,2018-04-01,2018,5,META,"Facebook, Inc. Class A",156.58122293465922,175.721031407582,149.33806075891317,170.66073608398438,750072700,0.0,1.613,Tech,"2017–2025
(AI & FAANG)",226.58404818538025
2200,2018-05-01,2018,5,META,"Facebook, Inc. Class A",170.6607572872295,191.21942646930808,168.90453478990497,190.2867431640625,401144100,0.0,1.613,Tech,"2017–2025
(AI & FAANG)",252.6412435072769
2201,2018-06-01,2018,5,META,"Facebook, Inc. Class A",191.5666940142817,201.96508868278715,184.9783809353294,192.8069610595703,387265600,0.0,1.613,Tech,"2017–2025
(AI & FAANG)",255.98730415471476
2202,2018-07-01,2018,5,META,"Facebook, Inc. Class A",191.86435206020653,216.91774716726164,165.2631060540825,171.23623657226562,647030700,0.0,1.613,Tech,"2017–2025
(AI & FAANG)",227.34813272737622
2203,2018-08-01,2018,5,META,"Facebook, Inc. Class A",172.57570680082733,186.83382674447688,168.9442164760779,174.3616943359375,548832700,0.0,1.613,Tech,"2017–2025
(AI & FAANG)",231.49776250617137
2204,2018-09-01,2018,5,META,"Facebook, Inc. Class A",172.1490952770589,172.53605805565593,157.63300245587664,163.1794891357422,500468800,0.0,1.613,Tech,"2017–2025
(AI & FAANG)",216.6512935406737
2205,2018-10-01,2018,5,META,"Facebook, Inc. Class A",161.7605957855574,164.5884108425965,137.94746735568475,150.6081085205078,622446300,0.0,1.613,Tech,"2017–2025
(AI & FAANG)",199.96043437505256
2206,2018-11-01,2018,5,META,"Facebook, Inc. Class A",150.34020576025443,152.9298838075772,125.86229100808872,139.51515197753906,518151700,0.0,1.613,Tech,"2017–2025
(AI & FAANG)",185.2324596954318
2207,2018-12-01,2018,5,META,"Facebook, Inc. Class A",141.8865589491654,146.04393677014255,122.06212591344456,130.0692901611328,558786200,0.0,1.613,Tech,"2017–2025
(AI & FAANG)",172.69131134419197
2208,2018-01-01,2018,6,JPM,JPMorgan Chase & Co.,85.64662899903378,93.3813252701821,84.99411379477736,92.04446411132812,304940100,0.56,1.542,Non-Tech,"2017–2025
(AI & FAANG)",393.77420095538236
2209,2018-02-01,2018,6,JPM,JPMorgan Chase & Co.,92.603954457818,95.45158828227495,83.17318627102104,92.3879852294922,354632300,0.0,1.542,Non-Tech,"2017–2025
(AI & FAANG)",395.24381409423177
2210,2018-03-01,2018,6,JPM,JPMorgan Chase & Co.,92.37198198752516,94.98763891714076,85.30889966697009,87.96455383300781,321513800,0.0,1.542,Non-Tech,"2017–2025
(AI & FAANG)",376.3199909132435
2211,2018-04-01,2018,6,JPM,JPMorgan Chase & Co.,87.95653437789792,92.10799519964856,84.85294111991473,87.01265716552734,340100300,0.56,1.542,Non-Tech,"2017–2025
(AI & FAANG)",372.24769440689573
2212,2018-05-01,2018,6,JPM,JPMorgan Chase & Co.,87.18860886984872,92.23743356210623,84.38281756267118,86.03092193603516,273649200,0.0,1.542,Non-Tech,"2017–2025
(AI & FAANG)",368.04774594421076
2213,2018-06-01,2018,6,JPM,JPMorgan Chase & Co.,87.10018974857722,89.97030536472953,82.89552262977668,83.7718276977539,307772000,0.0,1.542,Non-Tech,"2017–2025
(AI & FAANG)",358.3831448500465
2214,2018-07-01,2018,6,JPM,JPMorgan Chase & Co.,83.3859265076095,94.55282252250056,82.16391567977524,92.414306640625,298256100,0.56,1.542,Non-Tech,"2017–2025
(AI & FAANG)",395.35641937404847
2215,2018-08-01,2018,6,JPM,JPMorgan Chase & Co.,93.56315812515857,95.61629425731866,91.31602667483372,92.61742401123048,234427900,0.0,1.542,Non-Tech,"2017–2025
(AI & FAANG)",396.2253731029071
2216,2018-09-01,2018,6,JPM,JPMorgan Chase & Co.,92.42343444594276,96.38420919071169,90.95229024554295,91.21095275878906,232549000,0.0,1.542,Non-Tech,"2017–2025
(AI & FAANG)",390.20836709451777
2217,2018-10-01,2018,6,JPM,JPMorgan Chase & Co.,91.6393550092264,94.41997508658936,83.03881996694122,88.12315368652344,433042000,0.8,1.542,Non-Tech,"2017–2025
(AI & FAANG)",376.9984948427598
2218,2018-11-01,2018,6,JPM,JPMorgan Chase & Co.,89.2286487979862,91.92292541062898,86.26575681635876,90.50659942626952,283227700,0.0,1.542,Non-Tech,"2017–2025
(AI & FAANG)",387.19508244583227
2219,2018-12-01,2018,6,JPM,JPMorgan Chase & Co.,91.47524774657232,91.89038009132368,74.1618622683209,79.46088409423828,425217000,0.0,1.542,Non-Tech,"2017–2025
(AI & FAANG)",339.9405542040202
2220,2018-01-01,2018,7,JNJ,Johnson & Johnson,111.10629337142498,117.9957454854878,109.86523979947204,109.93683624267578,170954200,0.0,1.508,Non-Tech,"2017–2025
(AI & FAANG)",460.94957658599316
2221,2018-02-01,2018,7,JNJ,Johnson & Johnson,109.41175270928495,111.90977379397091,97.17622248972268,103.32581329345705,177033700,0.84,1.508,Non-Tech,"2017–2025
(AI & FAANG)",433.23049412562557
2222,2018-03-01,2018,7,JNJ,Johnson & Johnson,103.37095525609564,108.6471864803352,100.00025101218029,102.60233306884766,151837800,0.0,1.508,Non-Tech,"2017–2025
(AI & FAANG)",430.1970440592084
2223,2018-04-01,2018,7,JNJ,Johnson & Johnson,102.3381333701344,106.38938894061054,98.91138413726428,101.27327728271484,144094200,0.0,1.508,Non-Tech,"2017–2025
(AI & FAANG)",424.6245014718925
2224,2018-05-01,2018,7,JNJ,Johnson & Johnson,101.13715995119573,102.16998950507532,94.97221516921756,95.77285766601562,139533300,0.9,1.508,Non-Tech,"2017–2025
(AI & FAANG)",401.5620214150161
2225,2018-06-01,2018,7,JNJ,Johnson & Johnson,97.09614408267528,100.70155937157452,96.76544932628644,97.8704605102539,138683200,0.0,1.508,Non-Tech,"2017–2025
(AI & FAANG)",410.35697291573865
2226,2018-07-01,2018,7,JNJ,Johnson & Johnson,97.87047728584092,106.98483961800498,96.87838669290424,106.88805389404295,145735900,0.0,1.508,Non-Tech,"2017–2025
(AI & FAANG)",448.16646420314265
2227,2018-08-01,2018,7,JNJ,Johnson & Johnson,106.78319095718416,110.8483512259146,103.99241703662088,108.6383285522461,123996800,0.9,1.508,Non-Tech,"2017–2025
(AI & FAANG)",455.50511783537036
2228,2018-09-01,2018,7,JNJ,Johnson & Johnson,109.36234694746048,116.21525702618752,108.34740202796807,112.18795013427734,122168800,0.0,1.508,Non-Tech,"2017–2025
(AI & FAANG)",470.38817815617176
2229,2018-10-01,2018,7,JNJ,Johnson & Johnson,112.26099522206148,114.83489340980024,107.3649031415847,113.66568756103516,167964600,0.0,1.508,Non-Tech,"2017–2025
(AI & FAANG)",476.5841217948051
2230,2018-11-01,2018,7,JNJ,Johnson & Johnson,113.73065147632408,120.77842166413669,112.86185284917649,119.27629852294922,152746600,0.9,1.508,Non-Tech,"2017–2025
(AI & FAANG)",500.10861854832456
2231,2018-12-01,2018,7,JNJ,Johnson & Johnson,118.94908785681538,121.7436584565267,98.87228760398708,105.45015716552734,289169400,0.0,1.508,Non-Tech,"2017–2025
(AI & FAANG)",442.1375669669098
2232,2018-01-01,2018,8,GOOG,"Alphabet, Inc. Class C",51.99016462299328,58.86125518421741,51.83593235325189,58.02065658569336,574768000,0.0,1.495,Tech,"2017–2025
(AI & FAANG)",146.83166963391534
2233,2018-02-01,2018,8,GOOG,"Alphabet, Inc. Class C",57.65713996693729,58.22200245742714,49.22387401116619,54.78670501708984,847640000,0.0,1.495,Tech,"2017–2025
(AI & FAANG)",138.64757561850286
2234,2018-03-01,2018,8,GOOG,"Alphabet, Inc. Class C",54.94242765314205,58.373260381427336,48.63273005881937,51.16940307617188,907066000,0.0,1.495,Tech,"2017–2025
(AI & FAANG)",129.49334478399777
2235,2018-04-01,2018,8,GOOG,"Alphabet, Inc. Class C",50.72455230113268,54.26275311252809,49.11526691102327,50.45228958129883,834318000,0.0,1.495,Tech,"2017–2025
(AI & FAANG)",127.67856056807446
2236,2018-05-01,2018,8,GOOG,"Alphabet, Inc. Class C",50.2702872731648,55.08525692429492,49.9047882088252,53.80774688720703,636988000,0.0,1.495,Tech,"2017–2025
(AI & FAANG)",136.17014662732817
2237,2018-06-01,2018,8,GOOG,"Alphabet, Inc. Class C",54.51989272260183,58.83129802182957,54.35425280257671,55.3282585144043,641920000,0.0,1.495,Tech,"2017–2025
(AI & FAANG)",140.01807379770437
2238,2018-07-01,2018,8,GOOG,"Alphabet, Inc. Class C",54.50253776266915,63.17582969357073,54.2446528481737,60.36738586425781,638802000,0.0,1.495,Tech,"2017–2025
(AI & FAANG)",152.7704886412717
2239,2018-08-01,2018,8,GOOG,"Alphabet, Inc. Class C",60.90001658197588,62.31341194043875,58.92820226468548,60.41350936889648,576168000,0.0,1.495,Tech,"2017–2025
(AI & FAANG)",152.88721243576134
2240,2018-09-01,2018,8,GOOG,"Alphabet, Inc. Class C",59.72316841213936,60.155618779843486,56.8785231739345,59.18756484985352,577248000,0.0,1.495,Tech,"2017–2025
(AI & FAANG)",149.784740123271
2241,2018-10-01,2018,8,GOOG,"Alphabet, Inc. Class C",59.50595440068348,60.00535619630825,49.38603993991558,53.40008544921875,969894000,0.0,1.495,Tech,"2017–2025
(AI & FAANG)",135.13848629965202
2242,2018-11-01,2018,8,GOOG,"Alphabet, Inc. Class C",53.351983787996176,54.33243303628308,49.39546438727729,54.27589797973633,734702000,0.0,1.495,Tech,"2017–2025
(AI & FAANG)",137.35488686644447
2243,2018-12-01,2018,8,GOOG,"Alphabet, Inc. Class C",55.69970944881891,55.77459134548371,48.11051567787466,51.35884475708008,805152000,0.0,1.495,Tech,"2017–2025
(AI & FAANG)",129.97276090823487
2244,2018-01-01,2018,9,GOOG,"Alphabet, Inc. Class A",51.99016462299328,58.86125518421741,51.83593235325189,58.02065658569336,574768000,0.0,1.468,Tech,"2017–2025
(AI & FAANG)",146.83166963391534
2245,2018-02-01,2018,9,GOOG,"Alphabet, Inc. Class A",57.65713996693729,58.22200245742714,49.22387401116619,54.78670501708984,847640000,0.0,1.468,Tech,"2017–2025
(AI & FAANG)",138.64757561850286
2246,2018-03-01,2018,9,GOOG,"Alphabet, Inc. Class A",54.94242765314205,58.373260381427336,48.63273005881937,51.16940307617188,907066000,0.0,1.468,Tech,"2017–2025
(AI & FAANG)",129.49334478399777
2247,2018-04-01,2018,9,GOOG,"Alphabet, Inc. Class A",50.72455230113268,54.26275311252809,49.11526691102327,50.45228958129883,834318000,0.0,1.468,Tech,"2017–2025
(AI & FAANG)",127.67856056807446
2248,2018-05-01,2018,9,GOOG,"Alphabet, Inc. Class A",50.2702872731648,55.08525692429492,49.9047882088252,53.80774688720703,636988000,0.0,1.468,Tech,"2017–2025
(AI & FAANG)",136.17014662732817
2249,2018-06-01,2018,9,GOOG,"Alphabet, Inc. Class A",54.51989272260183,58.83129802182957,54.35425280257671,55.3282585144043,641920000,0.0,1.468,Tech,"2017–2025
(AI & FAANG)",140.01807379770437
2250,2018-07-01,2018,9,GOOG,"Alphabet, Inc. Class A",54.50253776266915,63.17582969357073,54.2446528481737,60.36738586425781,638802000,0.0,1.468,Tech,"2017–2025
(AI & FAANG)",152.7704886412717
2251,2018-08-01,2018,9,GOOG,"Alphabet, Inc. Class A",60.90001658197588,62.31341194043875,58.92820226468548,60.41350936889648,576168000,0.0,1.468,Tech,"2017–2025
(AI & FAANG)",152.88721243576134
2252,2018-09-01,2018,9,GOOG,"Alphabet, Inc. Class A",59.72316841213936,60.155618779843486,56.8785231739345,59.18756484985352,577248000,0.0,1.468,Tech,"2017–2025
(AI & FAANG)",149.784740123271
2253,2018-10-01,2018,9,GOOG,"Alphabet, Inc. Class A",59.50595440068348,60.00535619630825,49.38603993991558,53.40008544921875,969894000,0.0,1.468,Tech,"2017–2025
(AI & FAANG)",135.13848629965202
2254,2018-11-01,2018,9,GOOG,"Alphabet, Inc. Class A",53.351983787996176,54.33243303628308,49.39546438727729,54.27589797973633,734702000,0.0,1.468,Tech,"2017–2025
(AI & FAANG)",137.35488686644447
2255,2018-12-01,2018,9,GOOG,"Alphabet, Inc. Class A",55.69970944881891,55.77459134548371,48.11051567787466,51.35884475708008,805152000,0.0,1.468,Tech,"2017–2025
(AI & FAANG)",129.97276090823487
2256,2018-01-01,2018,10,XOM,Exxon Mobil Corp.,57.74681361575322,61.52219817336121,57.6365862104313,60.14432144165039,233944600,0.0,1.464,Non-Tech,"2017–2025
(AI & FAANG)",331.5578926117759
2257,2018-02-01,2018,10,XOM,Exxon Mobil Corp.,60.28210780010421,61.4877499561063,50.91254695326741,52.18019104003906,369414700,0.77,1.464,Non-Tech,"2017–2025
(AI & FAANG)",287.653992307482
2258,2018-03-01,2018,10,XOM,Exxon Mobil Corp.,52.5676104003986,53.57678922931306,50.57709801777332,51.92730712890625,356741300,0.0,1.464,Non-Tech,"2017–2025
(AI & FAANG)",286.25991794367087
2259,2018-04-01,2018,10,XOM,Exxon Mobil Corp.,51.6906626269392,56.30503398956958,50.222143167486095,54.11268615722656,285826800,0.0,1.464,Non-Tech,"2017–2025
(AI & FAANG)",298.3072675158297
2260,2018-05-01,2018,10,XOM,Exxon Mobil Corp.,53.7716580571458,57.52300669932357,52.47712901183783,56.54166793823242,299337700,0.82,1.464,Non-Tech,"2017–2025
(AI & FAANG)",311.6975271645984
2261,2018-06-01,2018,10,XOM,Exxon Mobil Corp.,57.55770247506047,58.90753366662506,55.7508956736296,58.16231536865234,257136500,0.0,1.464,Non-Tech,"2017–2025
(AI & FAANG)",320.6316781171205
2262,2018-07-01,2018,10,XOM,Exxon Mobil Corp.,57.57175980021783,59.3363860202952,56.74217505678026,57.30460739135742,204469200,0.0,1.464,Non-Tech,"2017–2025
(AI & FAANG)",315.9033871893709
2263,2018-08-01,2018,10,XOM,Exxon Mobil Corp.,56.86871774456152,57.36084197712435,53.78941462420005,56.36252975463867,215072500,0.82,1.464,Non-Tech,"2017–2025
(AI & FAANG)",310.7099912307818
2264,2018-09-01,2018,10,XOM,Exxon Mobil Corp.,57.11433278479863,62.05083844923359,56.53899509350119,60.38875961303711,227023600,0.0,1.464,Non-Tech,"2017–2025
(AI & FAANG)",332.90540810511277
2265,2018-10-01,2018,10,XOM,Exxon Mobil Corp.,60.62317460233482,61.71702048468802,54.13823696310782,56.5958366394043,305909200,0.0,1.464,Non-Tech,"2017–2025
(AI & FAANG)",311.9961432263572
2266,2018-11-01,2018,10,XOM,Exxon Mobil Corp.,56.70237994858038,59.48671190993591,53.05859341054537,56.46798324584961,287081300,0.82,1.464,Non-Tech,"2017–2025
(AI & FAANG)",311.29132520340585
2267,2018-12-01,2018,10,XOM,Exxon Mobil Corp.,57.57136355040694,58.798270100556415,46.38570339570403,48.92561721801758,380647000,0.0,1.464,Non-Tech,"2017–2025
(AI & FAANG)",269.7124874087065
2268,2019-01-01,2019,1,MSFT,Microsoft Corp.,92.9315130335546,100.72636957036958,90.73774491559432,97.48706817626952,714212800,0.0,4.297,Tech,"2017–2025
(AI & FAANG)",326.856043942762
2269,2019-02-01,2019,1,MSFT,Microsoft Corp.,96.88030199183588,105.71136365040503,95.54537365262412,104.5818099975586,469095900,0.46,4.297,Tech,"2017–2025
(AI & FAANG)",350.6433963360951
2270,2019-03-01,2019,1,MSFT,Microsoft Corp.,105.83468479322582,113.26908188106404,102.00030198193674,110.56907653808594,589095800,0.0,4.297,Tech,"2017–2025
(AI & FAANG)",370.7175896837622
2271,2019-04-01,2019,1,MSFT,Microsoft Corp.,111.51595047091084,123.1597330366184,110.71907455521256,122.4378662109375,433157700,0.0,4.297,Tech,"2017–2025
(AI & FAANG)",410.511438359594
2272,2019-05-01,2019,1,MSFT,Microsoft Corp.,122.3722568263398,122.48475260076482,115.350361853647,115.95036315917967,547218800,0.46,4.297,Tech,"2017–2025
(AI & FAANG)",388.76004484419923
2273,2019-06-01,2019,1,MSFT,Microsoft Corp.,116.53951893978572,130.23067346533554,111.98521250589457,126.05276489257812,508324300,0.0,4.297,Tech,"2017–2025
(AI & FAANG)",422.6315226378345
2274,2019-07-01,2019,1,MSFT,Microsoft Corp.,128.5651761056414,133.31707939724436,126.7208622702382,128.22642517089844,484079900,0.0,4.297,Tech,"2017–2025
(AI & FAANG)",429.9194020739323
2275,2019-08-01,2019,1,MSFT,Microsoft Corp.,128.91334234220972,132.62077944847354,123.060487256564,129.7225799560547,584482000,0.46,4.297,Tech,"2017–2025
(AI & FAANG)",434.9357313507342
2276,2019-09-01,2019,1,MSFT,Microsoft Corp.,128.97438876826297,134.41243698953957,126.99175936777657,131.25912475585938,472544800,0.0,4.297,Tech,"2017–2025
(AI & FAANG)",440.0874808494153
2277,2019-10-01,2019,1,MSFT,Microsoft Corp.,131.8539397376872,137.5280155843798,125.77389053566849,135.3565673828125,549523400,0.0,4.297,Tech,"2017–2025
(AI & FAANG)",453.8254454059732
2278,2019-11-01,2019,1,MSFT,Microsoft Corp.,136.19679080493367,143.9762331113091,134.97889982738428,142.91883850097656,392371800,0.51,4.297,Tech,"2017–2025
(AI & FAANG)",479.18033674844764
2279,2019-12-01,2019,1,MSFT,Microsoft Corp.,143.81251795348416,151.1447733836056,138.92434766673654,149.39222717285156,450303300,0.0,4.297,Tech,"2017–2025
(AI & FAANG)",500.8844073680214
2280,2019-01-01,2019,2,AAPL,"Apple, Inc.",36.750284351973725,40.09812176355808,33.691912961096136,39.490718841552734,3312349600,0.0,3.852,Tech,"2017–2025
(AI & FAANG)",1463.659748492697
2281,2019-02-01,2019,2,AAPL,"Apple, Inc.",39.61409558747539,41.72814157513114,39.36970727338586,41.0827751159668,1890162400,0.1825,3.852,Tech,"2017–2025
(AI & FAANG)",1522.6667444287448
2282,2019-03-01,2019,2,AAPL,"Apple, Inc.",41.52823482670472,47.10647751768173,40.3892348659038,45.26215362548828,2603925600,0.0,3.852,Tech,"2017–2025
(AI & FAANG)",1677.5686625894596
2283,2019-04-01,2019,2,AAPL,"Apple, Inc.",45.66485699018519,49.677568464481695,44.88805056450382,47.81656646728516,2024470800,0.0,3.852,Tech,"2017–2025
(AI & FAANG)",1772.2438512729568
2284,2019-05-01,2019,2,AAPL,"Apple, Inc.",50.01116532442498,51.3050487582973,41.69741705374497,41.71648025512695,2957826400,0.1925,3.852,Tech,"2017–2025
(AI & FAANG)",1546.1540024936885
2285,2019-06-01,2019,2,AAPL,"Apple, Inc.",42.0039182320377,48.21600120381895,40.72896975079303,47.34291076660156,2060874800,0.0,3.852,Tech,"2017–2025
(AI & FAANG)",1754.6885672955675
2286,2019-07-01,2019,2,AAPL,"Apple, Inc.",48.59871206779759,52.95219151502836,47.460110873886784,50.95963668823242,1895406800,0.0,3.852,Tech,"2017–2025
(AI & FAANG)",1888.7366755121031
2287,2019-08-01,2019,2,AAPL,"Apple, Inc.",51.16535290444917,52.15325923149874,46.0655635212121,49.93107223510742,2724326400,0.1925,3.852,Tech,"2017–2025
(AI & FAANG)",1850.6145943514687
2288,2019-09-01,2019,2,AAPL,"Apple, Inc.",49.566125488412446,54.36594700632731,49.03548208543192,53.77767562866211,2170268400,0.0,3.852,Tech,"2017–2025
(AI & FAANG)",1993.182739999841
2289,2019-10-01,2019,2,AAPL,"Apple, Inc.",54.04178793054706,59.96772602495839,51.655083854095935,59.73001480102539,2433210800,0.0,3.852,Tech,"2017–2025
(AI & FAANG)",2213.7965832403283
2290,2019-11-01,2019,2,AAPL,"Apple, Inc.",59.91732369948499,64.34977632242457,59.82608397071353,64.16969299316406,1793326000,0.1925,3.852,Tech,"2017–2025
(AI & FAANG)",2378.346088965119
2291,2019-12-01,2019,2,AAPL,"Apple, Inc.",64.36715091908601,70.79736675294644,61.72282088214911,70.72029876708984,2388794800,0.0,3.852,Tech,"2017–2025
(AI & FAANG)",2621.133718078888
2292,2019-01-01,2019,3,AMZN,"Amazon.com, Inc.",73.26000213623047,86.82050323486328,73.04650115966797,85.9365005493164,2680034000,0.0,2.92,Tech,"2017–2025
(AI & FAANG)",292.7989759195126
2293,2019-02-01,2019,3,AMZN,"Amazon.com, Inc.",81.94400024414062,83.65299987792969,78.33799743652344,81.99150085449219,1618738000,0.0,2.92,Tech,"2017–2025
(AI & FAANG)",279.3577505581838
2294,2019-03-01,2019,3,AMZN,"Amazon.com, Inc.",82.75650024414062,91.1875,79.32849884033203,89.0374984741211,2016644000,0.0,2.92,Tech,"2017–2025
(AI & FAANG)",303.36455644591877
2295,2019-04-01,2019,3,AMZN,"Amazon.com, Inc.",90.00550079345703,97.81700134277344,89.9365005493164,96.32599639892578,1624784000,0.0,2.92,Tech,"2017–2025
(AI & FAANG)",328.1975984563928
2296,2019-05-01,2019,3,AMZN,"Amazon.com, Inc.",96.65450286865234,98.22000122070312,88.63500213623047,88.75350189208984,1964288000,0.0,2.92,Tech,"2017–2025
(AI & FAANG)",302.3969360767873
2297,2019-06-01,2019,3,AMZN,"Amazon.com, Inc.",88.00050354003906,96.76000213623048,83.5999984741211,94.68150329589844,1494930000,0.0,2.92,Tech,"2017–2025
(AI & FAANG)",322.59455558874913
2298,2019-07-01,2019,3,AMZN,"Amazon.com, Inc.",96.14900207519533,101.79000091552734,92.47200012207033,93.33899688720705,1462976000,0.0,2.92,Tech,"2017–2025
(AI & FAANG)",318.02042819098943
2299,2019-08-01,2019,3,AMZN,"Amazon.com, Inc.",93.58599853515624,94.89600372314452,87.17549896240234,88.81449890136719,1595424000,0.0,2.92,Tech,"2017–2025
(AI & FAANG)",302.6047623407892
2300,2019-09-01,2019,3,AMZN,"Amazon.com, Inc.",88.5,92.68299865722656,85.46099853515625,86.79550170898438,1223458000,0.0,2.92,Tech,"2017–2025
(AI & FAANG)",295.72572599959204
2301,2019-10-01,2019,3,AMZN,"Amazon.com, Inc.",87.30000305175781,89.94249725341797,84.25299835205078,88.83300018310547,1407210000,0.0,2.92,Tech,"2017–2025
(AI & FAANG)",302.66779907502365
2302,2019-11-01,2019,3,AMZN,"Amazon.com, Inc.",89.40049743652344,91.2344970703125,86.135498046875,90.04000091552734,1041524000,0.0,2.92,Tech,"2017–2025
(AI & FAANG)",306.7802376328913
2303,2019-12-01,2019,3,AMZN,"Amazon.com, Inc.",90.22000122070312,95.06999969482422,86.75,92.39199829101562,1362992000,0.0,2.92,Tech,"2017–2025
(AI & FAANG)",314.79385720672013
2304,2019-01-01,2019,4,META,"Facebook, Inc. Class A",127.98565140822792,170.34324180670043,127.55899164178884,165.39210510253906,527547900,0.0,1.734,Tech,"2017–2025
(AI & FAANG)",219.5889550927118
2305,2019-02-01,2019,4,META,"Facebook, Inc. Class A",164.54870355047382,171.12708471358803,158.3473684087684,160.19288635253906,302243200,0.0,1.734,Tech,"2017–2025
(AI & FAANG)",212.68601972041506
2306,2019-03-01,2019,4,META,"Facebook, Inc. Class A",161.33395467793164,172.942852012031,158.03979790628358,165.39210510253906,387936100,0.0,1.734,Tech,"2017–2025
(AI & FAANG)",219.5889550927118
2307,2019-04-01,2019,4,META,"Facebook, Inc. Class A",166.52319690712784,196.93453524438405,165.9774764430383,191.8940887451172,381985300,0.0,1.734,Tech,"2017–2025
(AI & FAANG)",254.77529541016466
2308,2019-05-01,2019,4,META,"Facebook, Inc. Class A",193.26336513713204,194.65245813077453,175.78056622867737,176.08815002441406,286821500,0.0,1.734,Tech,"2017–2025
(AI & FAANG)",233.7899553554697
2309,2019-06-01,2019,4,META,"Facebook, Inc. Class A",173.63737827755625,197.33144365530944,159.58763020733187,191.49722290039065,426428600,0.0,1.734,Tech,"2017–2025
(AI & FAANG)",254.24838176999148
2310,2019-07-01,2019,4,META,"Facebook, Inc. Class A",193.69004697251123,207.035318480563,190.4355720416304,192.71766662597656,351020900,0.0,1.734,Tech,"2017–2025
(AI & FAANG)",255.8687490921482
2311,2019-08-01,2019,4,META,"Facebook, Inc. Class A",192.65810415794692,196.92462547245117,175.28445026025324,184.2242889404297,294689500,0.0,1.734,Tech,"2017–2025
(AI & FAANG)",244.59220158088274
2312,2019-09-01,2019,4,META,"Facebook, Inc. Class A",182.56732379367696,191.59647466772572,174.29226503358046,176.69342041015625,264538500,0.0,1.734,Tech,"2017–2025
(AI & FAANG)",234.59356500462005
2313,2019-10-01,2019,4,META,"Facebook, Inc. Class A",177.75506012089738,196.5475880994773,171.74224813619398,190.15773010253903,326207200,0.0,1.734,Tech,"2017–2025
(AI & FAANG)",252.4699545370102
2314,2019-11-01,2019,4,META,"Facebook, Inc. Class A",191.348439336135,202.2131775288676,187.07198509696704,200.0699920654297,258303900,0.0,1.734,Tech,"2017–2025
(AI & FAANG)",265.6303363199674
2315,2019-12-01,2019,4,META,"Facebook, Inc. Class A",200.5561536676846,207.3031945018037,191.66591253593543,203.65185546875,276257100,0.0,1.734,Tech,"2017–2025
(AI & FAANG)",270.3859299532445
2316,2019-01-01,2019,5,BRK.B,"Berkshire Hathaway, Inc. Class B",201.72999572753903,208.00999450683597,191.0399932861328,205.5399932861328,99687600,0.0,1.651,Non-Tech,"2017–2025
(AI & FAANG)",212.04992534716578
2317,2019-02-01,2019,5,BRK.B,"Berkshire Hathaway, Inc. Class B",206.5200042724609,209.3999938964844,198.2100067138672,201.3000030517578,80023200,0.0,1.651,Non-Tech,"2017–2025
(AI & FAANG)",207.67564471059737
2318,2019-03-01,2019,5,BRK.B,"Berkshire Hathaway, Inc. Class B",203.1499938964844,207.75,197.02999877929688,200.88999938964844,89064500,0.0,1.651,Non-Tech,"2017–2025
(AI & FAANG)",207.2526552740777
2319,2019-04-01,2019,5,BRK.B,"Berkshire Hathaway, Inc. Class B",202.16000366210935,217.32000732421875,202.0,216.7100067138672,64254100,0.0,1.651,Non-Tech,"2017–2025
(AI & FAANG)",223.5737192113632
2320,2019-05-01,2019,5,BRK.B,"Berkshire Hathaway, Inc. Class B",217.22000122070312,219.16000366210935,197.0800018310547,197.4199981689453,88800700,0.0,1.651,Non-Tech,"2017–2025
(AI & FAANG)",203.67275100318312
2321,2019-06-01,2019,5,BRK.B,"Berkshire Hathaway, Inc. Class B",197.6199951171875,213.3300018310547,196.88999938964844,213.1699981689453,72123900,0.0,1.651,Non-Tech,"2017–2025
(AI & FAANG)",219.92159032064157
2322,2019-07-01,2019,5,BRK.B,"Berkshire Hathaway, Inc. Class B",214.25,216.5800018310547,204.3600006103516,205.42999267578125,69209000,0.0,1.651,Non-Tech,"2017–2025
(AI & FAANG)",211.93644076034516
2323,2019-08-01,2019,5,BRK.B,"Berkshire Hathaway, Inc. Class B",205.6300048828125,206.97999572753903,195.3999938964844,203.41000366210935,96629400,0.0,1.651,Non-Tech,"2017–2025
(AI & FAANG)",209.85247397265078
2324,2019-09-01,2019,5,BRK.B,"Berkshire Hathaway, Inc. Class B",201.19000244140625,214.5800018310547,200.19000244140625,208.0200042724609,78363900,0.0,1.651,Non-Tech,"2017–2025
(AI & FAANG)",214.60848407874525
2325,2019-10-01,2019,5,BRK.B,"Berkshire Hathaway, Inc. Class B",208.94000244140625,213.7100067138672,201.3300018310547,212.5800018310547,78088100,0.0,1.651,Non-Tech,"2017–2025
(AI & FAANG)",219.31290741954484
2326,2019-11-01,2019,5,BRK.B,"Berkshire Hathaway, Inc. Class B",213.5500030517578,223.3699951171875,213.3999938964844,220.3000030517578,72096700,0.0,1.651,Non-Tech,"2017–2025
(AI & FAANG)",227.27741912530917
2327,2019-12-01,2019,5,BRK.B,"Berkshire Hathaway, Inc. Class B",220.6000061035156,228.22999572753903,216.3999938964844,226.5,79910300,0.0,1.651,Non-Tech,"2017–2025
(AI & FAANG)",233.6737844701168
2328,2019-01-01,2019,6,JPM,JPMorgan Chase & Co.,78.10153688448548,85.66342716315167,78.09340153931491,84.24710083007812,325890900,0.8,1.523,Non-Tech,"2017–2025
(AI & FAANG)",360.41640453299897
2329,2019-02-01,2019,6,JPM,JPMorgan Chase & Co.,85.34155693746338,88.02488967495921,82.10842287316515,85.63697052001953,224935100,0.0,1.523,Non-Tech,"2017–2025
(AI & FAANG)",366.36238761707483
2330,2019-03-01,2019,6,JPM,JPMorgan Chase & Co.,86.2442141137007,88.95217009756064,80.49186269646044,83.06852722167969,306599600,0.0,1.523,Non-Tech,"2017–2025
(AI & FAANG)",355.37436441255375
2331,2019-04-01,2019,6,JPM,JPMorgan Chase & Co.,83.82346212289643,96.14054804297992,83.79884536809895,95.2296905517578,252516300,0.8,1.523,Non-Tech,"2017–2025
(AI & FAANG)",407.4008759385201
2332,2019-05-01,2019,6,JPM,JPMorgan Chase & Co.,95.68552062146595,96.7439145749734,86.68915939960182,87.6152572631836,230711900,0.0,1.523,Non-Tech,"2017–2025
(AI & FAANG)",374.8256698912576
2333,2019-06-01,2019,6,JPM,JPMorgan Chase & Co.,87.48294996725572,92.96510215320664,87.06951448784245,92.44417572021484,248214000,0.0,1.523,Non-Tech,"2017–2025
(AI & FAANG)",395.48420188723185
2334,2019-07-01,2019,6,JPM,JPMorgan Chase & Co.,93.62658568109228,96.94233312562324,92.73356368185918,95.9170150756836,232008700,0.8,1.523,Non-Tech,"2017–2025
(AI & FAANG)",410.3413098670458
2335,2019-08-01,2019,6,JPM,JPMorgan Chase & Co.,96.03815232162871,97.26225878920404,86.88650223222565,91.48314666748048,259393900,0.0,1.523,Non-Tech,"2017–2025
(AI & FAANG)",391.3728362446695
2336,2019-09-01,2019,6,JPM,JPMorgan Chase & Co.,90.75038319030324,100.26010220242338,89.36805649005224,98.00341796875,229360700,0.0,1.523,Non-Tech,"2017–2025
(AI & FAANG)",419.2671224079774
2337,2019-10-01,2019,6,JPM,JPMorgan Chase & Co.,98.59463081686674,106.10580672507082,92.03275444656794,104.02399444580078,251981600,0.9,1.523,Non-Tech,"2017–2025
(AI & FAANG)",445.0236707721899
2338,2019-11-01,2019,6,JPM,JPMorgan Chase & Co.,105.9317175970752,111.16114837361728,105.7806261394178,110.5987548828125,191200900,0.0,1.523,Non-Tech,"2017–2025
(AI & FAANG)",473.1510661843244
2339,2019-12-01,2019,6,JPM,JPMorgan Chase & Co.,111.06041541925045,117.58252197379636,107.93786316654976,117.01172637939452,212915300,0.0,1.523,Non-Tech,"2017–2025
(AI & FAANG)",500.5863144765184
2340,2019-01-01,2019,7,GOOG,"Alphabet, Inc. Class C",50.41459308342746,55.41156972629919,50.29061098127598,55.36396026611328,614280000,0.0,1.491,Tech,"2017–2025
(AI & FAANG)",140.10842347867606
2341,2019-02-01,2019,7,GOOG,"Alphabet, Inc. Class C",55.16708232185841,56.88299438579441,53.85783145476696,55.54001998901367,578654000,0.0,1.491,Tech,"2017–2025
(AI & FAANG)",140.55397415993332
2342,2019-03-01,2019,7,GOOG,"Alphabet, Inc. Class C",55.78699093781716,61.08797168545572,55.707644352372654,58.187782287597656,632186000,0.0,1.491,Tech,"2017–2025
(AI & FAANG)",147.25461117393573
2343,2019-04-01,2019,7,GOOG,"Alphabet, Inc. Class C",58.72289080064738,63.93856957012225,58.27159408562719,58.94010543823242,557104000,0.0,1.491,Tech,"2017–2025
(AI & FAANG)",149.15849973384542
2344,2019-05-01,2019,7,GOOG,"Alphabet, Inc. Class C",58.91877556725046,59.05763491823838,54.56105130803192,54.73214721679688,666348000,0.0,1.491,Tech,"2017–2025
(AI & FAANG)",138.50950732731184
2345,2019-06-01,2019,7,GOOG,"Alphabet, Inc. Class C",52.84117421511348,55.74781069028568,50.832662617739615,53.60540008544922,681936000,0.0,1.491,Tech,"2017–2025
(AI & FAANG)",135.65807178199614
2346,2019-07-01,2019,7,GOOG,"Alphabet, Inc. Class C",54.4529425626664,62.76222195902425,54.23984075034376,60.33861923217773,658972000,0.0,1.491,Tech,"2017–2025
(AI & FAANG)",152.69768952339504
2347,2019-08-01,2019,7,GOOG,"Alphabet, Inc. Class C",60.20720451810685,61.20303049898042,56.542789050969695,58.92126083374024,577648000,0.0,1.491,Tech,"2017–2025
(AI & FAANG)",149.1108100849513
2348,2019-09-01,2019,7,GOOG,"Alphabet, Inc. Class C",58.37227082943371,61.906752530977045,57.68640014326568,60.45368194580078,537988000,0.0,1.491,Tech,"2017–2025
(AI & FAANG)",152.98887634112657
2349,2019-10-01,2019,7,GOOG,"Alphabet, Inc. Class C",60.4536848089427,64.43648570819737,57.64821465557117,62.49244689941406,575166000,0.0,1.491,Tech,"2017–2025
(AI & FAANG)",158.1483364325169
2350,2019-11-01,2019,7,GOOG,"Alphabet, Inc. Class C",62.73495118674921,66.23268617965032,62.51178488965704,64.71668243408203,498474000,0.0,1.491,Tech,"2017–2025
(AI & FAANG)",163.77716306828637
2351,2019-12-01,2019,7,GOOG,"Alphabet, Inc. Class C",64.52029612595173,67.6942352653312,63.429251236110375,66.30662536621094,547142000,0.0,1.491,Tech,"2017–2025
(AI & FAANG)",167.8007985988897
2352,2019-01-01,2019,8,GOOG,"Alphabet, Inc. Class A",50.41459308342746,55.41156972629919,50.29061098127598,55.36396026611328,614280000,0.0,1.481,Tech,"2017–2025
(AI & FAANG)",140.10842347867606
2353,2019-02-01,2019,8,GOOG,"Alphabet, Inc. Class A",55.16708232185841,56.88299438579441,53.85783145476696,55.54001998901367,578654000,0.0,1.481,Tech,"2017–2025
(AI & FAANG)",140.55397415993332
2354,2019-03-01,2019,8,GOOG,"Alphabet, Inc. Class A",55.78699093781716,61.08797168545572,55.707644352372654,58.187782287597656,632186000,0.0,1.481,Tech,"2017–2025
(AI & FAANG)",147.25461117393573
2355,2019-04-01,2019,8,GOOG,"Alphabet, Inc. Class A",58.72289080064738,63.93856957012225,58.27159408562719,58.94010543823242,557104000,0.0,1.481,Tech,"2017–2025
(AI & FAANG)",149.15849973384542
2356,2019-05-01,2019,8,GOOG,"Alphabet, Inc. Class A",58.91877556725046,59.05763491823838,54.56105130803192,54.73214721679688,666348000,0.0,1.481,Tech,"2017–2025
(AI & FAANG)",138.50950732731184
2357,2019-06-01,2019,8,GOOG,"Alphabet, Inc. Class A",52.84117421511348,55.74781069028568,50.832662617739615,53.60540008544922,681936000,0.0,1.481,Tech,"2017–2025
(AI & FAANG)",135.65807178199614
2358,2019-07-01,2019,8,GOOG,"Alphabet, Inc. Class A",54.4529425626664,62.76222195902425,54.23984075034376,60.33861923217773,658972000,0.0,1.481,Tech,"2017–2025
(AI & FAANG)",152.69768952339504
2359,2019-08-01,2019,8,GOOG,"Alphabet, Inc. Class A",60.20720451810685,61.20303049898042,56.542789050969695,58.92126083374024,577648000,0.0,1.481,Tech,"2017–2025
(AI & FAANG)",149.1108100849513
2360,2019-09-01,2019,8,GOOG,"Alphabet, Inc. Class A",58.37227082943371,61.906752530977045,57.68640014326568,60.45368194580078,537988000,0.0,1.481,Tech,"2017–2025
(AI & FAANG)",152.98887634112657
2361,2019-10-01,2019,8,GOOG,"Alphabet, Inc. Class A",60.4536848089427,64.43648570819737,57.64821465557117,62.49244689941406,575166000,0.0,1.481,Tech,"2017–2025
(AI & FAANG)",158.1483364325169
2362,2019-11-01,2019,8,GOOG,"Alphabet, Inc. Class A",62.73495118674921,66.23268617965032,62.51178488965704,64.71668243408203,498474000,0.0,1.481,Tech,"2017–2025
(AI & FAANG)",163.77716306828637
2363,2019-12-01,2019,8,GOOG,"Alphabet, Inc. Class A",64.52029612595173,67.6942352653312,63.429251236110375,66.30662536621094,547142000,0.0,1.481,Tech,"2017–2025
(AI & FAANG)",167.8007985988897
2364,2019-01-01,2019,9,JNJ,Johnson & Johnson,104.69841361027324,110.46732421909752,102.14080389096824,108.7431869506836,174392900,0.0,1.382,Non-Tech,"2017–2025
(AI & FAANG)",455.9447742418414
2365,2019-02-01,2019,9,JNJ,Johnson & Johnson,109.51124837895938,112.72254811276642,107.25597226094614,111.65211486816406,119453700,0.9,1.382,Non-Tech,"2017–2025
(AI & FAANG)",468.14149681189923
2366,2019-03-01,2019,9,JNJ,Johnson & Johnson,112.86972940439344,115.15640559716728,111.65236520237512,114.9836654663086,137354500,0.0,1.382,Non-Tech,"2017–2025
(AI & FAANG)",482.1102163973862
2367,2019-04-01,2019,9,JNJ,Johnson & Johnson,115.1481897566241,116.34909958243732,110.56660367799331,116.14346313476562,124329800,0.0,1.382,Non-Tech,"2017–2025
(AI & FAANG)",486.97308368074687
2368,2019-05-01,2019,9,JNJ,Johnson & Johnson,115.93781999533525,117.0893915664614,105.71358243173142,107.87686920166016,159034100,0.95,1.382,Non-Tech,"2017–2025
(AI & FAANG)",452.3124266752824
2369,2019-06-01,2019,9,JNJ,Johnson & Johnson,108.90488303713008,120.06866522761416,108.52391742975364,115.34807586669922,150883000,0.0,1.382,Non-Tech,"2017–2025
(AI & FAANG)",483.6381375701658
2370,2019-07-01,2019,9,JNJ,Johnson & Johnson,116.1099827926792,117.98994115752888,105.8737524829508,107.84481048583984,159847900,0.0,1.382,Non-Tech,"2017–2025
(AI & FAANG)",452.17800902248905
2371,2019-08-01,2019,9,JNJ,Johnson & Johnson,107.87791512594856,111.05811213637855,104.87164649301768,106.30438995361328,176400700,0.95,1.382,Non-Tech,"2017–2025
(AI & FAANG)",445.7192440046672
2372,2019-09-01,2019,9,JNJ,Johnson & Johnson,106.79224052531784,110.78891947230836,105.41551294691476,107.95203399658205,122925900,0.0,1.382,Non-Tech,"2017–2025
(AI & FAANG)",452.62758200972314
2373,2019-10-01,2019,9,JNJ,Johnson & Johnson,108.48605564882251,114.71887322686052,105.21528228158554,110.17149353027344,206654300,0.0,1.382,Non-Tech,"2017–2025
(AI & FAANG)",461.9334613425291
2374,2019-11-01,2019,9,JNJ,Johnson & Johnson,110.17983703746808,115.67005674740392,108.20234857879797,114.71886444091795,127753600,0.95,1.382,Non-Tech,"2017–2025
(AI & FAANG)",480.9999432195778
2375,2019-12-01,2019,9,JNJ,Johnson & Johnson,115.70687515474631,124.2092931130104,114.39622716495542,122.5541763305664,127761600,0.0,1.382,Non-Tech,"2017–2025
(AI & FAANG)",513.8522957284329
2376,2019-01-01,2019,10,PG,Procter & Gamble Co.,75.14190228307768,79.91307782184977,73.5322518150779,79.6324234008789,225455800,0.717,1.26,Non-Tech,"2017–2025
(AI & FAANG)",376.9794223203133
2377,2019-02-01,2019,10,PG,Procter & Gamble Co.,80.16239708844691,83.57356170650135,79.86287957587697,81.99278259277344,176165700,0.0,1.26,Non-Tech,"2017–2025
(AI & FAANG)",388.15334880186026
2378,2019-03-01,2019,10,PG,Procter & Gamble Co.,82.04270386507822,86.65193874705388,81.3271904793958,86.56874084472656,180275300,0.0,1.26,Non-Tech,"2017–2025
(AI & FAANG)",409.8159081553424
2379,2019-04-01,2019,10,PG,Procter & Gamble Co.,86.71851811195276,89.18952871106299,84.97133005229875,88.59049987792969,148284900,0.746,1.26,Non-Tech,"2017–2025
(AI & FAANG)",419.3869034843553
2380,2019-05-01,2019,10,PG,Procter & Gamble Co.,88.93939781422735,91.05919587985936,85.80578356035412,86.22471618652344,139582600,0.0,1.26,Non-Tech,"2017–2025
(AI & FAANG)",408.1872974541399
2381,2019-06-01,2019,10,PG,Procter & Gamble Co.,86.42578690954433,94.36874452982248,85.7973880804285,91.87191009521484,151126800,0.0,1.26,Non-Tech,"2017–2025
(AI & FAANG)",434.92108008326164
2382,2019-07-01,2019,10,PG,Procter & Gamble Co.,92.09813633642702,102.01846309923202,91.83840018385315,98.90160369873048,166952300,0.746,1.26,Non-Tech,"2017–2025
(AI & FAANG)",468.1996081069721
2383,2019-08-01,2019,10,PG,Procter & Gamble Co.,99.98061465235534,102.88153878848672,95.02206411543963,101.388916015625,164651400,0.0,1.26,Non-Tech,"2017–2025
(AI & FAANG)",479.97452993288186
2384,2019-09-01,2019,10,PG,Procter & Gamble Co.,101.0178318599072,105.71496257475096,100.36849417285164,104.88853454589844,139990300,0.0,1.26,Non-Tech,"2017–2025
(AI & FAANG)",496.54170339742046
2385,2019-10-01,2019,10,PG,Procter & Gamble Co.,104.87169686345892,106.06073414068489,97.96513969772464,104.9981918334961,151910300,0.746,1.26,Non-Tech,"2017–2025
(AI & FAANG)",497.0608203496156
2386,2019-11-01,2019,10,PG,Procter & Gamble Co.,105.94048731627292,106.20357545167744,100.34769534743806,103.5896453857422,125206800,0.0,1.26,Non-Tech,"2017–2025
(AI & FAANG)",490.3927697804083
2387,2019-12-01,2019,10,PG,Procter & Gamble Co.,103.48780685573875,107.44264333045372,102.65609949072496,105.99989318847656,137843900,0.0,1.26,Non-Tech,"2017–2025
(AI & FAANG)",501.80286865118524
2388,2020-01-01,2020,1,AAPL,"Apple, Inc.",71.3440423397969,78.95674280182904,70.5035413296202,74.53988647460938,2934370400,0.0,6.681,Tech,"2017–2025
(AI & FAANG)",2762.700570932712
2389,2020-02-01,2020,1,AAPL,"Apple, Inc.",73.2851659389459,78.8050379558885,61.74209131652144,65.83382415771484,3019279200,0.1925,6.681,Tech,"2017–2025
(AI & FAANG)",2440.0244243617985
2390,2020-03-01,2020,1,AAPL,"Apple, Inc.",68.14338313021265,73.38666770996167,51.324800876995454,61.386497497558594,6280072400,0.0,6.681,Tech,"2017–2025
(AI & FAANG)",2275.191440515987
2391,2020-04-01,2020,1,AAPL,"Apple, Inc.",59.50597046889253,71.10058178322025,57.18849509486824,70.92435455322266,3265299200,0.0,6.681,Tech,"2017–2025
(AI & FAANG)",2628.696716407887
2392,2020-05-01,2020,1,AAPL,"Apple, Inc.",69.1017465143885,78.27266241049286,69.00518659528922,76.75182342529297,2805936000,0.205,6.681,Tech,"2017–2025
(AI & FAANG)",2844.682443531918
2393,2020-06-01,2020,1,AAPL,"Apple, Inc.",76.91361210454512,90.13718725742018,76.78289925558443,88.3023910522461,3243375600,0.0,6.681,Tech,"2017–2025
(AI & FAANG)",3272.785587859219
2394,2020-07-01,2020,1,AAPL,"Apple, Inc.",88.37984563713128,103.03397765297316,86.31267690621111,102.88390350341795,3020283200,0.0,6.681,Tech,"2017–2025
(AI & FAANG)",3813.22580958718
2395,2020-08-01,2020,1,AAPL,"Apple, Inc.",104.76223897814111,126.8378345029098,104.46451367444432,124.94010162353516,4070061100,0.205,6.681,Tech,"2017–2025
(AI & FAANG)",4630.703190100888
2396,2020-09-01,2020,1,AAPL,"Apple, Inc.",128.7736913595605,133.8369547966251,100.00427788503715,112.3326416015625,3885245100,0.0,6.681,Tech,"2017–2025
(AI & FAANG)",4163.428035173201
2397,2020-10-01,2020,1,AAPL,"Apple, Inc.",114.10770713726792,121.62500342171214,104.4855696692542,105.59133911132812,2894666500,0.0,6.681,Tech,"2017–2025
(AI & FAANG)",3913.572540089444
2398,2020-11-01,2020,1,AAPL,"Apple, Inc.",105.83381735275005,118.32707433374976,104.09756376558614,115.47535705566406,2123077300,0.205,6.681,Tech,"2017–2025
(AI & FAANG)",4279.907710551872
2399,2020-12-01,2020,1,AAPL,"Apple, Inc.",117.5790179878569,134.8548948768169,116.60737088503734,128.9278564453125,2322189600,0.0,6.681,Tech,"2017–2025
(AI & FAANG)",4778.502885591659
2400,2020-01-01,2020,2,MSFT,Microsoft Corp.,150.41535810280686,164.88092793862856,148.26493923291054,161.2621612548828,558530000,0.0,5.712,Tech,"2017–2025
(AI & FAANG)",540.6820930354063
2401,2020-02-01,2020,2,MSFT,Microsoft Corp.,161.45158359712838,180.6537453641307,143.99249992017886,153.47515869140625,887522300,0.51,5.712,Tech,"2017–2025
(AI & FAANG)",514.5737188716865
2402,2020-03-01,2020,2,MSFT,Microsoft Corp.,157.02903378039355,166.23362964982576,125.8816074938377,149.80975341796875,1612695500,0.0,5.712,Tech,"2017–2025
(AI & FAANG)",502.284295366238
2403,2020-04-01,2020,2,MSFT,Microsoft Corp.,145.33571378153582,171.36314953679909,142.8279608686118,170.23277282714844,984705000,0.0,5.712,Tech,"2017–2025
(AI & FAANG)",570.7588885028449
2404,2020-05-01,2020,2,MSFT,Microsoft Corp.,166.9936019846735,178.1170014064444,165.09378857072824,174.07040405273438,688845000,0.51,5.712,Tech,"2017–2025
(AI & FAANG)",583.6257536570846
2405,2020-06-01,2020,2,MSFT,Microsoft Corp.,173.87887587493125,194.70166798928813,172.74535094215275,193.85389709472656,764965400,0.0,5.712,Tech,"2017–2025
(AI & FAANG)",649.9561335940697
2406,2020-07-01,2020,2,MSFT,Microsoft Corp.,193.50144693967837,206.11324288392453,188.1385735795577,195.28271484375,770190800,0.0,5.712,Tech,"2017–2025
(AI & FAANG)",654.7466942878899
2407,2020-08-01,2020,2,MSFT,Microsoft Corp.,201.48386446964952,220.18245604046248,193.5014716275583,214.82911682128903,692423900,0.51,5.712,Tech,"2017–2025
(AI & FAANG)",720.2821518948566
2408,2020-09-01,2020,2,MSFT,Microsoft Corp.,215.32928236243063,222.34747037263668,187.3902385392769,200.8345947265625,768176300,0.0,5.712,Tech,"2017–2025
(AI & FAANG)",673.361116989169
2409,2020-10-01,2020,2,MSFT,Microsoft Corp.,203.85194040055828,215.0428389384936,190.6080954627716,193.32943725585935,631618000,0.0,5.712,Tech,"2017–2025
(AI & FAANG)",648.1977171051356
2410,2020-11-01,2020,2,MSFT,Microsoft Corp.,195.06728349452405,217.8214754550801,191.0855406694901,204.40577697753903,573443000,0.56,5.712,Tech,"2017–2025
(AI & FAANG)",685.3346281900826
2411,2020-12-01,2020,2,MSFT,Microsoft Corp.,205.3621505613077,217.4918328055517,200.19244104660896,212.9348297119141,594761700,0.0,5.712,Tech,"2017–2025
(AI & FAANG)",713.9309588366908
2412,2020-01-01,2020,3,AMZN,"Amazon.com, Inc.",93.75,102.78600311279295,90.76699829101562,100.43599700927734,1693966000,0.0,4.811,Tech,"2017–2025
(AI & FAANG)",342.2010075089748
2413,2020-02-01,2020,3,AMZN,"Amazon.com, Inc.",100.52999877929688,109.29750061035156,90.55650329589844,94.1875,1850202000,0.0,4.811,Tech,"2017–2025
(AI & FAANG)",320.91140979836496
2414,2020-03-01,2020,3,AMZN,"Amazon.com, Inc.",95.32450103759766,99.81649780273438,81.30149841308594,97.48600006103516,3276182000,0.0,4.811,Tech,"2017–2025
(AI & FAANG)",332.1499107120402
2415,2020-04-01,2020,3,AMZN,"Amazon.com, Inc.",96.64849853515624,123.75,94.4574966430664,123.6999969482422,2492196000,0.0,4.811,Tech,"2017–2025
(AI & FAANG)",421.46506078528313
2416,2020-05-01,2020,3,AMZN,"Amazon.com, Inc.",116.83999633789062,126.27249908447266,112.81900024414062,122.11849975585938,1651688000,0.0,4.811,Tech,"2017–2025
(AI & FAANG)",416.0766547483915
2417,2020-06-01,2020,3,AMZN,"Amazon.com, Inc.",122.4000015258789,139.8000030517578,121.85649871826172,137.9409942626953,1756366000,0.0,4.811,Tech,"2017–2025
(AI & FAANG)",469.98634572347424
2418,2020-07-01,2020,3,AMZN,"Amazon.com, Inc.",137.89950561523438,167.21449279785156,137.6999969482422,158.23399353027344,2550040000,0.0,4.811,Tech,"2017–2025
(AI & FAANG)",539.1277392629108
2419,2020-08-01,2020,3,AMZN,"Amazon.com, Inc.",159.02549743652344,174.75,153.64999389648438,172.54800415039062,1670332000,0.0,4.811,Tech,"2017–2025
(AI & FAANG)",587.8977918491943
2420,2020-09-01,2020,3,AMZN,"Amazon.com, Inc.",174.47900390625,177.6125030517578,143.5500030517578,157.43649291992188,2317986000,0.0,4.811,Tech,"2017–2025
(AI & FAANG)",536.4105310857857
2421,2020-10-01,2020,3,AMZN,"Amazon.com, Inc.",160.39999389648438,174.81199645996094,150.9499969482422,151.8074951171875,2324522000,0.0,4.811,Tech,"2017–2025
(AI & FAANG)",517.2316631826416
2422,2020-11-01,2020,3,AMZN,"Amazon.com, Inc.",153.08700561523438,168.33999633789062,147.50599670410156,158.40199279785156,1816210000,0.0,4.811,Tech,"2017–2025
(AI & FAANG)",539.7001388042893
2423,2020-12-01,2020,3,AMZN,"Amazon.com, Inc.",159.4250030517578,167.53250122070312,153.64100646972656,162.84649658203125,1551124000,0.0,4.811,Tech,"2017–2025
(AI & FAANG)",554.8432520118304
2424,2020-01-01,2020,4,META,"Facebook, Inc. Class A",205.14015487697068,222.45427858466147,199.4944572611041,200.3378448486328,347314600,0.0,2.26,Tech,"2017–2025
(AI & FAANG)",265.985960989874
2425,2020-02-01,2020,4,META,"Facebook, Inc. Class A",201.85594402373616,217.0665808422468,180.4042901120362,190.9713592529297,317547300,0.0,2.26,Tech,"2017–2025
(AI & FAANG)",253.5501994184481
2426,2020-03-01,2020,4,META,"Facebook, Inc. Class A",192.5192265275964,195.7042392245508,136.03250681870267,165.50125122070312,649467700,0.0,2.26,Tech,"2017–2025
(AI & FAANG)",219.73386697968013
2427,2020-04-01,2020,4,META,"Facebook, Inc. Class A",160.36157368064747,208.05729360541685,149.65559449711097,203.11607360839844,541334600,0.0,2.26,Tech,"2017–2025
(AI & FAANG)",269.6745793189486
2428,2020-05-01,2020,4,META,"Facebook, Inc. Class A",200.03025502460403,239.02423489906337,197.2123570744176,223.33734130859372,509476500,0.0,2.26,Tech,"2017–2025
(AI & FAANG)",296.52209445386364
2429,2020-06-01,2020,4,META,"Facebook, Inc. Class A",222.8412554741689,243.2808623032131,205.49736546516075,225.3019561767578,548043800,0.0,2.26,Tech,"2017–2025
(AI & FAANG)",299.13048816039696
2430,2020-07-01,2020,4,META,"Facebook, Inc. Class A",226.72080951284175,253.85785775778805,225.1332616834564,251.69482421875,517599700,0.0,2.26,Tech,"2017–2025
(AI & FAANG)",334.1719571086746
2431,2020-08-01,2020,4,META,"Facebook, Inc. Class A",250.68277169507127,302.2977449575224,245.5034152499108,290.91705322265625,574239100,0.0,2.26,Tech,"2017–2025
(AI & FAANG)",386.24680238641696
2432,2020-09-01,2020,4,META,"Facebook, Inc. Class A",292.4153099921803,301.2361048909991,242.22915111814763,259.8607788085937,499115300,0.0,2.26,Tech,"2017–2025
(AI & FAANG)",345.01378921793156
2433,2020-10-01,2020,4,META,"Facebook, Inc. Class A",263.2838889033275,283.0190019681271,252.83588074432623,261.0613098144531,454101600,0.0,2.26,Tech,"2017–2025
(AI & FAANG)",346.6077186801005
2434,2020-11-01,2020,4,META,"Facebook, Inc. Class A",262.53973753612325,295.0644997335369,255.3362567560389,274.8134155273437,356771600,0.0,2.26,Tech,"2017–2025
(AI & FAANG)",364.8662112601782
2435,2020-12-01,2020,4,META,"Facebook, Inc. Class A",276.9863940720168,289.50812675169965,262.56952949631784,271.0331115722656,363901000,0.0,2.26,Tech,"2017–2025
(AI & FAANG)",359.84715067736636
2436,2020-01-01,2020,5,GOOG,"Alphabet, Inc. Class A",66.53128067464054,74.54865693638094,66.53128067464054,71.12754821777344,673832000,0.0,1.58,Tech,"2017–2025
(AI & FAANG)",180.00100785411834
2437,2020-02-01,2020,5,GOOG,"Alphabet, Inc. Class A",72.50473383456915,75.98149204173563,63.03250172435175,66.42118072509766,741612000,0.0,1.58,Tech,"2017–2025
(AI & FAANG)",168.0907014645356
2438,2020-03-01,2020,5,GOOG,"Alphabet, Inc. Class A",67.03018954093655,69.93335690816356,50.264138437896186,57.66706085205078,1427842000,0.0,1.58,Tech,"2017–2025
(AI & FAANG)",145.93683226044496
2439,2020-04-01,2020,5,GOOG,"Alphabet, Inc. Class A",55.64317327099703,67.4457730263144,53.55085394495986,66.8838882446289,926702000,0.0,1.58,Tech,"2017–2025
(AI & FAANG)",169.26166576661305
2440,2020-05-01,2020,5,GOOG,"Alphabet, Inc. Class A",65.88408789145457,71.46328213101923,64.42109312593331,70.86419677734375,637326000,0.0,1.58,Tech,"2017–2025
(AI & FAANG)",179.3345498377104
2441,2020-06-01,2020,5,GOOG,"Alphabet, Inc. Class A",70.34199447402351,73.19611039965613,66.80205711607702,70.10493469238281,776568000,0.0,1.58,Tech,"2017–2025
(AI & FAANG)",177.4131010609306
2442,2020-07-01,2020,5,GOOG,"Alphabet, Inc. Class A",69.9804607302755,78.70334808435845,69.91697892516581,73.54420471191406,704940000,0.0,1.58,Tech,"2017–2025
(AI & FAANG)",186.1167902124622
2443,2020-08-01,2020,5,GOOG,"Alphabet, Inc. Class A",73.72671241846359,82.28544396333187,72.33861059804228,81.04364013671875,756618000,0.0,1.58,Tech,"2017–2025
(AI & FAANG)",205.0954555626114
2444,2020-09-01,2020,5,GOOG,"Alphabet, Inc. Class A",81.16514012839683,85.95332900277853,69.75481982714956,72.88165283203125,811352000,0.0,1.58,Tech,"2017–2025
(AI & FAANG)",184.44008394150507
2445,2020-10-01,2020,5,GOOG,"Alphabet, Inc. Class A",73.6091578144881,83.66311072286247,71.21531373902812,80.3904800415039,785084000,0.0,1.58,Tech,"2017–2025
(AI & FAANG)",203.4425168859007
2446,2020-11-01,2020,5,GOOG,"Alphabet, Inc. Class A",80.74507481963137,90.16275777709784,80.14351494701788,87.32009887695312,700708000,0.0,1.58,Tech,"2017–2025
(AI & FAANG)",220.97915923728226
2447,2020-12-01,2020,5,GOOG,"Alphabet, Inc. Class A",87.99606170849279,91.60791126149248,84.25824740874268,86.88072204589844,629318000,0.0,1.58,Tech,"2017–2025
(AI & FAANG)",219.8672374235928
2448,2020-01-01,2020,6,GOOG,"Alphabet, Inc. Class C",66.53128067464054,74.54865693638094,66.53128067464054,71.12754821777344,673832000,0.0,1.548,Tech,"2017–2025
(AI & FAANG)",180.00100785411834
2449,2020-02-01,2020,6,GOOG,"Alphabet, Inc. Class C",72.50473383456915,75.98149204173563,63.03250172435175,66.42118072509766,741612000,0.0,1.548,Tech,"2017–2025
(AI & FAANG)",168.0907014645356
2450,2020-03-01,2020,6,GOOG,"Alphabet, Inc. Class C",67.03018954093655,69.93335690816356,50.264138437896186,57.66706085205078,1427842000,0.0,1.548,Tech,"2017–2025
(AI & FAANG)",145.93683226044496
2451,2020-04-01,2020,6,GOOG,"Alphabet, Inc. Class C",55.64317327099703,67.4457730263144,53.55085394495986,66.8838882446289,926702000,0.0,1.548,Tech,"2017–2025
(AI & FAANG)",169.26166576661305
2452,2020-05-01,2020,6,GOOG,"Alphabet, Inc. Class C",65.88408789145457,71.46328213101923,64.42109312593331,70.86419677734375,637326000,0.0,1.548,Tech,"2017–2025
(AI & FAANG)",179.3345498377104
2453,2020-06-01,2020,6,GOOG,"Alphabet, Inc. Class C",70.34199447402351,73.19611039965613,66.80205711607702,70.10493469238281,776568000,0.0,1.548,Tech,"2017–2025
(AI & FAANG)",177.4131010609306
2454,2020-07-01,2020,6,GOOG,"Alphabet, Inc. Class C",69.9804607302755,78.70334808435845,69.91697892516581,73.54420471191406,704940000,0.0,1.548,Tech,"2017–2025
(AI & FAANG)",186.1167902124622
2455,2020-08-01,2020,6,GOOG,"Alphabet, Inc. Class C",73.72671241846359,82.28544396333187,72.33861059804228,81.04364013671875,756618000,0.0,1.548,Tech,"2017–2025
(AI & FAANG)",205.0954555626114
2456,2020-09-01,2020,6,GOOG,"Alphabet, Inc. Class C",81.16514012839683,85.95332900277853,69.75481982714956,72.88165283203125,811352000,0.0,1.548,Tech,"2017–2025
(AI & FAANG)",184.44008394150507
2457,2020-10-01,2020,6,GOOG,"Alphabet, Inc. Class C",73.6091578144881,83.66311072286247,71.21531373902812,80.3904800415039,785084000,0.0,1.548,Tech,"2017–2025
(AI & FAANG)",203.4425168859007
2458,2020-11-01,2020,6,GOOG,"Alphabet, Inc. Class C",80.74507481963137,90.16275777709784,80.14351494701788,87.32009887695312,700708000,0.0,1.548,Tech,"2017–2025
(AI & FAANG)",220.97915923728226
2459,2020-12-01,2020,6,GOOG,"Alphabet, Inc. Class C",87.99606170849279,91.60791126149248,84.25824740874268,86.88072204589844,629318000,0.0,1.548,Tech,"2017–2025
(AI & FAANG)",219.8672374235928
2460,2020-01-01,2020,7,BRK.B,"Berkshire Hathaway, Inc. Class B",227.50999450683597,231.6100006103516,221.1100006103516,224.42999267578125,79813500,0.0,1.515,Non-Tech,"2017–2025
(AI & FAANG)",231.53821517505693
2461,2020-02-01,2020,7,BRK.B,"Berkshire Hathaway, Inc. Class B",225.47999572753903,230.0800018310547,199.67999267578125,206.33999633789065,95269700,0.0,1.515,Non-Tech,"2017–2025
(AI & FAANG)",212.87526636567307
2462,2020-03-01,2020,7,BRK.B,"Berkshire Hathaway, Inc. Class B",207.25,218.8000030517578,159.5,182.8300018310547,276783400,0.0,1.515,Non-Tech,"2017–2025
(AI & FAANG)",188.62065537545664
2463,2020-04-01,2020,7,BRK.B,"Berkshire Hathaway, Inc. Class B",176.17999267578125,197.22999572753903,174.19000244140625,187.3600006103516,151275200,0.0,1.515,Non-Tech,"2017–2025
(AI & FAANG)",193.29412980549338
2464,2020-05-01,2020,7,BRK.B,"Berkshire Hathaway, Inc. Class B",185.2100067138672,187.27999877929688,167.0399932861328,185.5800018310547,143985200,0.0,1.515,Non-Tech,"2017–2025
(AI & FAANG)",191.45775430390177
2465,2020-06-01,2020,7,BRK.B,"Berkshire Hathaway, Inc. Class B",185.52999877929688,203.3300018310547,174.6300048828125,178.50999450683594,172082600,0.0,1.515,Non-Tech,"2017–2025
(AI & FAANG)",184.1638233207599
2466,2020-07-01,2020,7,BRK.B,"Berkshire Hathaway, Inc. Class B",178.41000366210938,196.6699981689453,177.33999633789062,195.77999877929688,125965100,0.0,1.515,Non-Tech,"2017–2025
(AI & FAANG)",201.98080899917503
2467,2020-08-01,2020,7,BRK.B,"Berkshire Hathaway, Inc. Class B",197.27999877929688,219.4499969482422,196.0,218.0399932861328,102255500,0.0,1.515,Non-Tech,"2017–2025
(AI & FAANG)",224.9458295673709
2468,2020-09-01,2020,7,BRK.B,"Berkshire Hathaway, Inc. Class B",216.9199981689453,223.2400054931641,206.5800018310547,212.94000244140625,115310800,0.0,1.515,Non-Tech,"2017–2025
(AI & FAANG)",219.68431009076957
2469,2020-10-01,2020,7,BRK.B,"Berkshire Hathaway, Inc. Class B",214.3000030517578,217.42999267578125,197.80999755859372,201.8999938964844,91607500,0.0,1.515,Non-Tech,"2017–2025
(AI & FAANG)",208.29463866792491
2470,2020-11-01,2020,7,BRK.B,"Berkshire Hathaway, Inc. Class B",204.83999633789065,234.9900054931641,203.05999755859372,228.91000366210935,104416400,0.0,1.515,Non-Tech,"2017–2025
(AI & FAANG)",236.16011858186923
2471,2020-12-01,2020,7,BRK.B,"Berkshire Hathaway, Inc. Class B",230.22999572753903,232.27999877929688,221.25999450683597,231.8699951171875,124260900,0.0,1.515,Non-Tech,"2017–2025
(AI & FAANG)",239.21385988565433
2472,2020-01-01,2020,8,JNJ,Johnson & Johnson,122.55419527602794,127.02385482430184,118.78188322837904,125.07467651367188,150462900,0.0,1.407,Non-Tech,"2017–2025
(AI & FAANG)",524.4203958475118
2473,2020-02-01,2020,8,JNJ,Johnson & Johnson,125.53676220375004,129.8047784644561,109.90978685720866,112.9847640991211,147288300,0.95,1.407,Non-Tech,"2017–2025
(AI & FAANG)",473.7291062041808
2474,2020-03-01,2020,8,JNJ,Johnson & Johnson,113.95891539607192,121.45020541765406,92.29674829078613,110.8727798461914,355927400,0.0,1.407,Non-Tech,"2017–2025
(AI & FAANG)",464.87385549462545
2475,2020-04-01,2020,8,JNJ,Johnson & Johnson,107.9726168008493,132.74629007707804,106.11248028454328,126.86148071289062,234380900,0.0,1.407,Non-Tech,"2017–2025
(AI & FAANG)",531.9122126690717
2476,2020-05-01,2020,8,JNJ,Johnson & Johnson,126.50635586300191,129.88842670891842,120.91748327406188,125.77075958251952,136206100,1.01,1.407,Non-Tech,"2017–2025
(AI & FAANG)",527.3389735219296
2477,2020-06-01,2020,8,JNJ,Johnson & Johnson,125.39958136299624,127.73236401923276,116.65593018762291,119.72940826416016,174066600,0.0,1.407,Non-Tech,"2017–2025
(AI & FAANG)",502.0084434886851
2478,2020-07-01,2020,8,JNJ,Johnson & Johnson,119.7805447422996,129.12868495617508,119.24417167567024,124.09703063964844,137880400,0.0,1.407,Non-Tech,"2017–2025
(AI & FAANG)",520.3212652277494
2479,2020-08-01,2020,8,JNJ,Johnson & Johnson,124.63340626826746,131.45294929538267,124.14812685740212,130.61009216308594,109956200,1.01,1.407,Non-Tech,"2017–2025
(AI & FAANG)",547.6296093107096
2480,2020-09-01,2020,8,JNJ,Johnson & Johnson,131.87361933165622,133.24489769988293,122.52326056602098,127.5969696044922,138799800,0.0,1.407,Non-Tech,"2017–2025
(AI & FAANG)",534.9960133745885
2481,2020-10-01,2020,8,JNJ,Johnson & Johnson,127.96548338548972,131.2479697808558,114.54414542281272,117.50952911376952,137284700,0.0,1.407,Non-Tech,"2017–2025
(AI & FAANG)",492.7008047625178
2482,2020-11-01,2020,8,JNJ,Johnson & Johnson,119.11218790889016,129.6709954535249,117.8351983979161,123.99734497070312,153635100,1.01,1.407,Non-Tech,"2017–2025
(AI & FAANG)",519.9032973430761
2483,2020-12-01,2020,8,JNJ,Johnson & Johnson,126.24841557284476,136.06074629191326,125.8773314487302,135.81910705566406,158925000,0.0,1.407,Non-Tech,"2017–2025
(AI & FAANG)",569.4702706506796
2484,2020-01-01,2020,9,PG,Procter & Gamble Co.,105.6604014964192,107.78209630558425,103.4198922959328,105.76224517822266,154118600,0.746,1.242,Non-Tech,"2017–2025
(AI & FAANG)",500.6778443734474
2485,2020-02-01,2020,9,PG,Procter & Gamble Co.,106.42476249391883,109.35301650605037,91.06633151662038,96.66674041748048,149843900,0.0,1.242,Non-Tech,"2017–2025
(AI & FAANG)",457.6197785256309
2486,2020-03-01,2020,9,PG,Procter & Gamble Co.,96.63258723595013,106.45036910046316,80.53995696907567,93.90921783447266,343541300,0.0,1.242,Non-Tech,"2017–2025
(AI & FAANG)",444.5656828949555
2487,2020-04-01,2020,9,PG,Procter & Gamble Co.,92.15908236443543,106.7064736776291,91.34805087324428,100.62799072265624,245058600,0.791,1.242,Non-Tech,"2017–2025
(AI & FAANG)",476.372314087607
2488,2020-05-01,2020,9,PG,Procter & Gamble Co.,101.06707615266238,101.72882854596544,95.60979904653628,99.62326049804688,157315400,0.0,1.242,Non-Tech,"2017–2025
(AI & FAANG)",471.6159271350932
2489,2020-06-01,2020,9,PG,Procter & Gamble Co.,99.6919871066614,104.6937744733613,97.76690229499016,102.76009368896484,175954500,0.0,1.242,Non-Tech,"2017–2025
(AI & FAANG)",486.46567694459594
2490,2020-07-01,2020,9,PG,Procter & Gamble Co.,102.8288271630928,113.46836399231668,102.18426703447768,112.68629455566406,142767200,0.791,1.242,Non-Tech,"2017–2025
(AI & FAANG)",533.456253254526
2491,2020-08-01,2020,9,PG,Procter & Gamble Co.,112.8352631024914,120.80905978992676,112.8352631024914,119.63288116455078,121995000,0.0,1.242,Non-Tech,"2017–2025
(AI & FAANG)",566.3413532562325
2492,2020-09-01,2020,9,PG,Procter & Gamble Co.,119.22644232417822,122.5474135984972,116.49355393960944,120.2037124633789,128866100,0.0,1.242,Non-Tech,"2017–2025
(AI & FAANG)",569.0436652553449
2493,2020-10-01,2020,9,PG,Procter & Gamble Co.,120.71392150174698,126.15373913914596,116.47621328589914,118.56912994384766,126549000,0.791,1.242,Non-Tech,"2017–2025
(AI & FAANG)",561.3055612566038
2494,2020-11-01,2020,9,PG,Procter & Gamble Co.,120.45366838508605,127.76733405838218,118.91441722521718,120.76673889160156,133952300,0.0,1.242,Non-Tech,"2017–2025
(AI & FAANG)",571.7090290430818
2495,2020-12-01,2020,9,PG,Procter & Gamble Co.,121.018945259546,121.81031979585455,116.70553073528416,121.00154876708984,144224400,0.0,1.242,Non-Tech,"2017–2025
(AI & FAANG)",572.8206176075923
2496,2020-01-01,2020,10,V,"Visa, Inc. Class A",180.78149831384133,200.9926831926436,179.02151262677333,190.3179626464844,184029800,0.0,1.21,Non-Tech,"2017–2025
(AI & FAANG)",100.0
2497,2020-02-01,2020,10,V,"Visa, Inc. Class A",191.2457226049281,204.85693488034943,165.45805679283905,173.85626220703125,199936300,0.3,1.21,Non-Tech,"2017–2025
(AI & FAANG)",91.35042209860623
2498,2020-03-01,2020,10,V,"Visa, Inc. Class A",178.4760874010573,186.3021353290708,128.29164952119788,154.33697509765625,417986300,0.0,1.21,Non-Tech,"2017–2025
(AI & FAANG)",81.0942766260782
2499,2020-04-01,2020,10,V,"Visa, Inc. Class A",149.73905790076,174.5774182687456,144.2598642348921,171.19602966308594,263788900,0.0,1.21,Non-Tech,"2017–2025
(AI & FAANG)",89.95263887995824
2500,2020-05-01,2020,10,V,"Visa, Inc. Class A",167.1058290851456,189.94218576683707,164.49076340770296,187.0205993652344,189859400,0.3,1.21,Non-Tech,"2017–2025
(AI & FAANG)",98.26744505069401
2501,2020-06-01,2020,10,V,"Visa, Inc. Class A",186.82517972051977,193.99266686408092,178.66938919683056,185.3475341796875,192243200,0.0,1.21,Non-Tech,"2017–2025
(AI & FAANG)",97.3883555720752
2502,2020-07-01,2020,10,V,"Visa, Inc. Class A",186.0000158779474,192.81249133976,179.6001058217041,182.6897125244141,168892100,0.0,1.21,Non-Tech,"2017–2025
(AI & FAANG)",95.99183912227991
2503,2020-08-01,2020,10,V,"Visa, Inc. Class A",184.0330495531009,207.4065903670113,182.3826998928059,203.40545654296875,161567600,0.3,1.21,Non-Tech,"2017–2025
(AI & FAANG)",106.87664669928942
2504,2020-09-01,2020,10,V,"Visa, Inc. Class A",203.9243619161165,208.8636723285448,185.58933022271285,192.16226196289065,176322600,0.0,1.21,Non-Tech,"2017–2025
(AI & FAANG)",100.96906213725714
2505,2020-10-01,2020,10,V,"Visa, Inc. Class A",194.31480559808816,199.8499036430908,172.2320390722511,174.61521911621094,172165200,0.0,1.21,Non-Tech,"2017–2025
(AI & FAANG)",91.74920574394687
2506,2020-11-01,2020,10,V,"Visa, Inc. Class A",177.30590575985553,209.1519725508064,176.71011800259373,202.1370086669922,156682600,0.32,1.21,Non-Tech,"2017–2025
(AI & FAANG)",106.21015791476376
2507,2020-12-01,2020,10,V,"Visa, Inc. Class A",204.1546019583728,212.10404735461935,196.8114606113882,210.50645446777344,178596000,0.0,1.21,Non-Tech,"2017–2025
(AI & FAANG)",110.60777003944139
2508,2021-01-01,2021,1,AAPL,"Apple, Inc.",129.73431866621752,140.97626735968126,122.79675188785424,128.2185516357422,2240262000,0.0,6.086,Tech,"2017–2025
(AI & FAANG)",4752.2136477749
2509,2021-02-01,2021,1,AAPL,"Apple, Inc.",129.95779177227132,133.97069879716113,115.0332926250412,117.8219223022461,1833855600,0.205,6.086,Tech,"2017–2025
(AI & FAANG)",4366.87936362343
2510,2021-03-01,2021,1,AAPL,"Apple, Inc.",120.42100110271764,125.25730431466752,113.0838337607927,118.86404418945312,2650418200,0.0,6.086,Tech,"2017–2025
(AI & FAANG)",4405.503929194093
2511,2021-04-01,2021,1,AAPL,"Apple, Inc.",120.33340982865845,133.3826692390466,119.1948785083923,127.923583984375,1889857500,0.0,6.086,Tech,"2017–2025
(AI & FAANG)",4741.281147909658
2512,2021-05-01,2021,1,AAPL,"Apple, Inc.",128.48797619998018,130.46338068857315,118.9613442073481,121.2578582763672,1711934900,0.22,6.086,Tech,"2017–2025
(AI & FAANG)",4494.226784264138
2513,2021-06-01,2021,1,AAPL,"Apple, Inc.",121.92195792226929,133.94064949902392,120.02118743472175,133.50201416015625,1606590000,0.0,6.086,Tech,"2017–2025
(AI & FAANG)",4948.036657750537
2514,2021-07-01,2021,1,AAPL,"Apple, Inc.",133.15111024489937,146.212779241017,132.33230737726456,142.17730712890625,1919035100,0.0,6.086,Tech,"2017–2025
(AI & FAANG)",5269.572388099928
2515,2021-08-01,2021,1,AAPL,"Apple, Inc.",142.66467326562932,149.61465832129244,140.85163433256642,147.99656677246094,1461542800,0.22,6.086,Tech,"2017–2025
(AI & FAANG)",5485.25385342025
2516,2021-09-01,2021,1,AAPL,"Apple, Inc.",149.19453624993162,153.51914983977113,137.90952379072033,138.13404846191406,1797835100,0.0,6.086,Tech,"2017–2025
(AI & FAANG)",5119.715532179804
2517,2021-10-01,2021,1,AAPL,"Apple, Inc.",138.52454572817035,149.52646461011238,134.98090453511546,146.23663330078125,1565079200,0.0,6.086,Tech,"2017–2025
(AI & FAANG)",5420.024760152591
2518,2021-11-01,2021,1,AAPL,"Apple, Inc.",145.4458698421108,161.75836834960018,143.97177979758436,161.36788940429688,1691029000,0.22,6.086,Tech,"2017–2025
(AI & FAANG)",5980.840342966111
2519,2021-12-01,2021,1,AAPL,"Apple, Inc.",163.73465972070596,178.0570523952688,154.2711396150188,173.59902954101562,2444766700,0.0,6.086,Tech,"2017–2025
(AI & FAANG)",6434.167808797189
2520,2021-01-01,2021,2,MSFT,Microsoft Corp.,213.04014577054147,232.2925498732532,202.901762739446,222.0680084228516,648076400,0.0,5.803,Tech,"2017–2025
(AI & FAANG)",744.5528117442127
2521,2021-02-01,2021,2,MSFT,Microsoft Corp.,225.03578095639,235.63370390913548,218.16198160372545,222.47007751464844,490962200,0.56,5.803,Tech,"2017–2025
(AI & FAANG)",745.9008747765192
2522,2021-03-01,2021,2,MSFT,Microsoft Corp.,226.3601148778237,231.30185584506205,215.1908411720566,226.23538208007807,724945800,0.0,5.803,Tech,"2017–2025
(AI & FAANG)",758.5252420646057
2523,2021-04-01,2021,2,MSFT,Microsoft Corp.,228.8261811862077,252.54649589789653,228.4231679073341,241.9817352294922,568661600,0.0,5.803,Tech,"2017–2025
(AI & FAANG)",811.3198413199353
2524,2021-05-01,2021,2,MSFT,Microsoft Corp.,243.1524184256641,244.06401184017665,228.4423813330742,239.58285522460935,495084900,0.56,5.803,Tech,"2017–2025
(AI & FAANG)",803.2768419461962
2525,2021-06-01,2021,2,MSFT,Microsoft Corp.,241.62680355947296,261.26625334716283,233.71139698075365,260.544921875,508572200,0.0,5.803,Tech,"2017–2025
(AI & FAANG)",873.5587604240669
2526,2021-07-01,2021,2,MSFT,Microsoft Corp.,259.3042292140638,279.05910245010574,259.2946314196069,274.0194091796875,522672700,0.0,5.803,Tech,"2017–2025
(AI & FAANG)",918.736215208159
2527,2021-08-01,2021,2,MSFT,Microsoft Corp.,275.41398644768395,294.149381601454,272.89413962337227,290.3407592773437,441308900,0.56,5.803,Tech,"2017–2025
(AI & FAANG)",973.4586724994052
2528,2021-09-01,2021,2,MSFT,Microsoft Corp.,291.85056188560674,294.2114343747155,271.3737086480666,271.6628112792969,502918700,0.0,5.803,Tech,"2017–2025
(AI & FAANG)",910.8349798823335
2529,2021-10-01,2021,2,MSFT,Microsoft Corp.,271.85556472992323,319.92077503348816,270.0536060335393,319.5545959472656,516515800,0.0,5.803,Tech,"2017–2025
(AI & FAANG)",1071.4072441505223
2530,2021-11-01,2021,2,MSFT,Microsoft Corp.,319.3039553335281,336.94780083523136,314.49551831835515,318.5619812011719,509885200,0.62,5.803,Tech,"2017–2025
(AI & FAANG)",1068.0791911570645
2531,2021-12-01,2021,2,MSFT,Microsoft Corp.,323.5276790415271,332.3801937210489,306.2666866006674,324.6764831542969,625674800,0.0,5.803,Tech,"2017–2025
(AI & FAANG)",1088.5799812256002
2532,2021-01-01,2021,3,AMZN,"Amazon.com, Inc.",163.5,168.1945037841797,154.3000030517578,160.30999755859375,1430578000,0.0,3.919,Tech,"2017–2025
(AI & FAANG)",546.2010067291388
2533,2021-02-01,2021,3,AMZN,"Amazon.com, Inc.",162.1179962158203,171.6999969482422,151.8350067138672,154.64649963378906,1442140000,0.0,3.919,Tech,"2017–2025
(AI & FAANG)",526.9045915632285
2534,2021-03-01,2021,3,AMZN,"Amazon.com, Inc.",156.39450073242188,159.10000610351562,144.0500030517578,154.70399475097656,1563760000,0.0,3.919,Tech,"2017–2025
(AI & FAANG)",527.1004863381526
2535,2021-04-01,2021,3,AMZN,"Amazon.com, Inc.",155.89700317382812,177.6999969482422,155.77749633789062,173.37100219726562,1536792000,0.0,3.919,Tech,"2017–2025
(AI & FAANG)",590.7018737441799
2536,2021-05-01,2021,3,AMZN,"Amazon.com, Inc.",174.2364959716797,174.33250427246094,156.36849975585938,161.15350341796875,1503678000,0.0,3.919,Tech,"2017–2025
(AI & FAANG)",549.0749619196388
2537,2021-06-01,2021,3,AMZN,"Amazon.com, Inc.",162.1750030517578,176.2429962158203,158.61000061035156,172.00799560546875,1340220000,0.0,3.919,Tech,"2017–2025
(AI & FAANG)",586.0578990454354
2538,2021-07-01,2021,3,AMZN,"Amazon.com, Inc.",171.73049926757812,188.6540069580078,165.3489990234375,166.37950134277344,1674586000,0.0,3.919,Tech,"2017–2025
(AI & FAANG)",566.8807467812436
2539,2021-08-01,2021,3,AMZN,"Amazon.com, Inc.",167.65499877929688,173.62899780273438,158.78799438476562,173.5395050048828,1256964000,0.0,3.919,Tech,"2017–2025
(AI & FAANG)",591.2759889245108
2540,2021-09-01,2021,3,AMZN,"Amazon.com, Inc.",174.82000732421875,177.49949645996094,163.69949340820312,164.2519989013672,1250554000,0.0,3.919,Tech,"2017–2025
(AI & FAANG)",559.6320162403423
2541,2021-10-01,2021,3,AMZN,"Amazon.com, Inc.",164.45050048828125,173.9499969482422,158.8125,168.6215057373047,1273466000,0.0,3.919,Tech,"2017–2025
(AI & FAANG)",574.5196032220999
2542,2021-11-01,2021,3,AMZN,"Amazon.com, Inc.",168.08999633789062,188.1074981689453,164.17750549316406,175.35350036621094,1515990000,0.0,3.919,Tech,"2017–2025
(AI & FAANG)",597.4565522558605
2543,2021-12-01,2021,3,AMZN,"Amazon.com, Inc.",177.25,177.99400329589844,165.19500732421875,166.7169952392578,1287634000,0.0,3.919,Tech,"2017–2025
(AI & FAANG)",568.0306407917985
2544,2021-01-01,2021,4,META,"Facebook, Inc. Class A",272.64043690325417,284.55693127787697,242.7053560433172,256.3185119628906,452633100,0.0,2.216,Tech,"2017–2025
(AI & FAANG)",340.3107674211823
2545,2021-02-01,2021,4,META,"Facebook, Inc. Class A",257.49927457895086,274.44630061400187,252.0619480365907,255.61407470703125,317775200,0.0,2.216,Tech,"2017–2025
(AI & FAANG)",339.37549520340235
2546,2021-03-01,2021,4,META,"Facebook, Inc. Class A",258.7891525936729,297.3763228834728,251.52614193797865,292.2366638183594,497416700,0.0,2.216,Tech,"2017–2025
(AI & FAANG)",387.9988322772033
2547,2021-04-01,2021,4,META,"Facebook, Inc. Class A",296.07654489052004,329.2264063227843,293.73493522840573,322.5487976074219,421257700,0.0,2.216,Tech,"2017–2025
(AI & FAANG)",428.2438595791052
2548,2021-05-01,2021,4,META,"Facebook, Inc. Class A",323.63034558721296,331.18107707033704,295.86819624099286,326.17041015625,353423700,0.0,2.216,Tech,"2017–2025
(AI & FAANG)",433.0522276378755
2549,2021-06-01,2021,4,META,"Facebook, Inc. Class A",327.57929603749693,355.351373770367,320.9612486448437,345.0025634765625,344810400,0.0,2.216,Tech,"2017–2025
(AI & FAANG)",458.05543360825334
2550,2021-07-01,2021,4,META,"Facebook, Inc. Class A",344.11953019254656,374.610234933945,331.89545129615345,353.52569580078125,335420300,0.0,2.216,Tech,"2017–2025
(AI & FAANG)",469.3714859677766
2551,2021-08-01,2021,4,META,"Facebook, Inc. Class A",355.31166218117687,379.7796508470168,344.9926477856123,376.4259643554688,226132300,0.0,2.216,Tech,"2017–2025
(AI & FAANG)",499.7758758275507
2552,2021-09-01,2021,4,META,"Facebook, Inc. Class A",376.6343425300873,381.3374251264309,335.5170100804958,336.74737548828125,338121800,0.0,2.216,Tech,"2017–2025
(AI & FAANG)",447.09512747201586
2553,2021-10-01,2021,4,META,"Facebook, Inc. Class A",338.9500794931846,342.3335315639856,305.7109232918925,321.0505676269531,588382500,0.0,2.216,Tech,"2017–2025
(AI & FAANG)",426.25467904539266
2554,2021-11-01,2021,4,META,"Facebook, Inc. Class A",323.5013387517491,351.0749335870858,320.6834556905324,321.9336242675781,441125000,0.0,2.216,Tech,"2017–2025
(AI & FAANG)",427.4271019060988
2555,2021-12-01,2021,4,META,"Facebook, Inc. Class A",327.7182665911328,349.96368045844304,297.1679987428228,333.7310791015625,438246900,0.0,2.216,Tech,"2017–2025
(AI & FAANG)",443.09042983908563
2556,2021-01-01,2021,5,GOOG,"Alphabet, Inc. Class A",87.16141678387787,95.9552183109094,84.25824939817892,91.03958129882812,661654000,0.0,2.205,Tech,"2017–2025
(AI & FAANG)",230.3919760910745
2557,2021-02-01,2021,5,GOOG,"Alphabet, Inc. Class A",91.92380937864834,106.75753095086226,91.79288807842468,101.01368713378906,588580000,0.0,2.205,Tech,"2017–2025
(AI & FAANG)",255.6332384109809
2558,2021-03-01,2021,5,GOOG,"Alphabet, Inc. Class A",101.98868005735432,105.5737489715788,99.68162434330848,102.5892562866211,695884000,0.0,2.205,Tech,"2017–2025
(AI & FAANG)",259.6204985170836
2559,2021-04-01,2021,5,GOOG,"Alphabet, Inc. Class A",104.04331460243682,121.62040596271856,103.99074479115478,119.52471160888672,614494000,0.0,2.205,Tech,"2017–2025
(AI & FAANG)",302.4787032894852
2560,2021-05-01,2021,5,GOOG,"Alphabet, Inc. Class A",119.1577206653839,121.152543190009,110.5945250707562,119.59612274169922,509114000,0.0,2.205,Tech,"2017–2025
(AI & FAANG)",302.6594219589788
2561,2021-06-01,2021,5,GOOG,"Alphabet, Inc. Class A",120.11387519191386,126.75534848491776,118.17132722880378,124.29554748535156,548656000,0.0,2.205,Tech,"2017–2025
(AI & FAANG)",314.5521584779163
2562,2021-07-01,2021,5,GOOG,"Alphabet, Inc. Class A",123.83308095281168,138.87087600496497,123.83308095281168,134.119873046875,456776000,0.0,2.205,Tech,"2017–2025
(AI & FAANG)",339.4143749730901
2563,2021-08-01,2021,5,GOOG,"Alphabet, Inc. Class A",134.38123547951238,145.29662568716782,133.0908347165246,144.27749633789062,372312000,0.0,2.205,Tech,"2017–2025
(AI & FAANG)",365.1200611045347
2564,2021-09-01,2021,5,GOOG,"Alphabet, Inc. Class A",144.46395634672027,145.62492658274144,131.91697218861034,132.18031311035156,505198000,0.0,2.205,Tech,"2017–2025
(AI & FAANG)",334.5059709564246
2565,2021-10-01,2021,5,GOOG,"Alphabet, Inc. Class A",132.4669560304203,147.9037127022898,130.09840128106265,147.0631103515625,496572000,0.0,2.205,Tech,"2017–2025
(AI & FAANG)",372.1695565885953
2566,2021-11-01,2021,5,GOOG,"Alphabet, Inc. Class A",146.9584838724536,150.61348958387237,140.9091490751777,141.29200744628906,443172000,0.0,2.205,Tech,"2017–2025
(AI & FAANG)",357.56474642139386
2567,2021-12-01,2021,5,GOOG,"Alphabet, Inc. Class A",143.0381504689612,148.3867403690028,139.10792373975343,143.50135803222656,479260000,0.0,2.205,Tech,"2017–2025
(AI & FAANG)",363.155904026802
2568,2021-01-01,2021,6,GOOG,"Alphabet, Inc. Class C",87.16141678387787,95.9552183109094,84.25824939817892,91.03958129882812,661654000,0.0,2.057,Tech,"2017–2025
(AI & FAANG)",230.3919760910745
2569,2021-02-01,2021,6,GOOG,"Alphabet, Inc. Class C",91.92380937864834,106.75753095086226,91.79288807842468,101.01368713378906,588580000,0.0,2.057,Tech,"2017–2025
(AI & FAANG)",255.6332384109809
2570,2021-03-01,2021,6,GOOG,"Alphabet, Inc. Class C",101.98868005735432,105.5737489715788,99.68162434330848,102.5892562866211,695884000,0.0,2.057,Tech,"2017–2025
(AI & FAANG)",259.6204985170836
2571,2021-04-01,2021,6,GOOG,"Alphabet, Inc. Class C",104.04331460243682,121.62040596271856,103.99074479115478,119.52471160888672,614494000,0.0,2.057,Tech,"2017–2025
(AI & FAANG)",302.4787032894852
2572,2021-05-01,2021,6,GOOG,"Alphabet, Inc. Class C",119.1577206653839,121.152543190009,110.5945250707562,119.59612274169922,509114000,0.0,2.057,Tech,"2017–2025
(AI & FAANG)",302.6594219589788
2573,2021-06-01,2021,6,GOOG,"Alphabet, Inc. Class C",120.11387519191386,126.75534848491776,118.17132722880378,124.29554748535156,548656000,0.0,2.057,Tech,"2017–2025
(AI & FAANG)",314.5521584779163
2574,2021-07-01,2021,6,GOOG,"Alphabet, Inc. Class C",123.83308095281168,138.87087600496497,123.83308095281168,134.119873046875,456776000,0.0,2.057,Tech,"2017–2025
(AI & FAANG)",339.4143749730901
2575,2021-08-01,2021,6,GOOG,"Alphabet, Inc. Class C",134.38123547951238,145.29662568716782,133.0908347165246,144.27749633789062,372312000,0.0,2.057,Tech,"2017–2025
(AI & FAANG)",365.1200611045347
2576,2021-09-01,2021,6,GOOG,"Alphabet, Inc. Class C",144.46395634672027,145.62492658274144,131.91697218861034,132.18031311035156,505198000,0.0,2.057,Tech,"2017–2025
(AI & FAANG)",334.5059709564246
2577,2021-10-01,2021,6,GOOG,"Alphabet, Inc. Class C",132.4669560304203,147.9037127022898,130.09840128106265,147.0631103515625,496572000,0.0,2.057,Tech,"2017–2025
(AI & FAANG)",372.1695565885953
2578,2021-11-01,2021,6,GOOG,"Alphabet, Inc. Class C",146.9584838724536,150.61348958387237,140.9091490751777,141.29200744628906,443172000,0.0,2.057,Tech,"2017–2025
(AI & FAANG)",357.56474642139386
2579,2021-12-01,2021,6,GOOG,"Alphabet, Inc. Class C",143.0381504689612,148.3867403690028,139.10792373975343,143.50135803222656,479260000,0.0,2.057,Tech,"2017–2025
(AI & FAANG)",363.155904026802
2580,2021-01-01,2021,7,TSLA,"Tesla, Inc.",239.82000732421875,300.1333312988281,239.06333923339844,264.510009765625,2117084400,0.0,1.723,Tech,"2017–2025
(AI & FAANG)",100.0
2581,2021-02-01,2021,7,TSLA,"Tesla, Inc.",271.42999267578125,293.5,206.3333282470703,225.1666717529297,1568573700,0.0,1.723,Tech,"2017–2025
(AI & FAANG)",85.12595495060609
2582,2021-03-01,2021,7,TSLA,"Tesla, Inc.",230.0366668701172,240.3699951171875,179.8300018310547,222.6433258056641,2827357200,0.0,1.723,Tech,"2017–2025
(AI & FAANG)",84.17198502353169
2583,2021-04-01,2021,7,TSLA,"Tesla, Inc.",229.4566650390625,260.2633361816406,219.80667114257807,236.47999572753903,2035619100,0.0,1.723,Tech,"2017–2025
(AI & FAANG)",89.40304222780733
2584,2021-05-01,2021,7,TSLA,"Tesla, Inc.",234.6000061035156,235.3333282470703,182.32666015625,208.4066619873047,1875527400,0.0,1.723,Tech,"2017–2025
(AI & FAANG)",78.78970711617607
2585,2021-06-01,2021,7,TSLA,"Tesla, Inc.",209.26666259765625,232.5399932861328,190.4066619873047,226.5666656494141,1559765700,0.0,1.723,Tech,"2017–2025
(AI & FAANG)",85.6552331800859
2586,2021-07-01,2021,7,TSLA,"Tesla, Inc.",227.97332763671875,233.3333282470703,206.82000732421875,229.0666656494141,1345349400,0.0,1.723,Tech,"2017–2025
(AI & FAANG)",86.6003769960856
2587,2021-08-01,2021,7,TSLA,"Tesla, Inc.",233.3333282470703,246.79666137695312,216.27999877929688,245.2400054931641,1143974700,0.0,1.723,Tech,"2017–2025
(AI & FAANG)",92.71482985103833
2588,2021-09-01,2021,7,TSLA,"Tesla, Inc.",244.69332885742188,266.3333435058594,236.2833404541016,258.49334716796875,1170513900,0.0,1.723,Tech,"2017–2025
(AI & FAANG)",97.72535542114741
2589,2021-10-01,2021,7,TSLA,"Tesla, Inc.",259.4666748046875,371.7366638183594,254.52999877929688,371.3333435058594,1586803800,0.0,1.723,Tech,"2017–2025
(AI & FAANG)",140.38536531562173
2590,2021-11-01,2021,7,TSLA,"Tesla, Inc.",381.6666564941406,414.4966735839844,326.20001220703125,381.586669921875,1947334500,0.0,1.723,Tech,"2017–2025
(AI & FAANG)",144.26171253783113
2591,2021-12-01,2021,7,TSLA,"Tesla, Inc.",386.8999938964844,390.9466552734375,295.3733215332031,352.260009765625,1530167700,0.0,1.723,Tech,"2017–2025
(AI & FAANG)",133.17454794158937
2592,2021-01-01,2021,8,NVDA,NVIDIA Corp.,13.06679423161107,13.95923652015474,12.550026026340444,12.952621459960938,6154172000,0.0,1.414,Tech,"2017–2025
(AI & FAANG)",100.0
2593,2021-02-01,2021,8,NVDA,NVIDIA Corp.,13.015941426809167,15.328562637693802,12.86587129020423,13.675301551818848,6680324000,0.0,1.414,Tech,"2017–2025
(AI & FAANG)",105.57941181321368
2594,2021-03-01,2021,8,NVDA,NVIDIA Corp.,13.83534271224089,13.885199993285518,11.533440538380775,13.310098648071287,7648656000,0.004,1.414,Tech,"2017–2025
(AI & FAANG)",102.7598829257489
2595,2021-04-01,2021,8,NVDA,NVIDIA Corp.,13.538128730972188,16.17348674660058,13.477281267553767,14.97176456451416,6718796000,0.0,1.414,Tech,"2017–2025
(AI & FAANG)",115.58868303837015
2596,2021-05-01,2021,8,NVDA,NVIDIA Corp.,15.086974373931229,16.236577036281336,13.42516248421325,16.203659057617188,7054380000,0.0,1.414,Tech,"2017–2025
(AI & FAANG)",125.09945656719636
2597,2021-06-01,2021,8,NVDA,NVIDIA Corp.,16.229096895456433,20.111810887467307,15.863268207204756,19.95221328735352,10273292000,0.004,1.414,Tech,"2017–2025
(AI & FAANG)",154.03996286797755
2598,2021-07-01,2021,8,NVDA,NVIDIA Corp.,20.0790060384862,20.82729197780867,17.82466942956481,19.45443725585937,7823077000,0.0,1.414,Tech,"2017–2025
(AI & FAANG)",150.19691045551517
2599,2021-08-01,2021,8,NVDA,NVIDIA Corp.,19.65497650416918,22.990334601502656,18.7191186697834,22.333839416503903,6416386000,0.004,1.414,Tech,"2017–2025
(AI & FAANG)",172.4271761167585
2600,2021-09-01,2021,8,NVDA,NVIDIA Corp.,22.437565594815915,22.937508122391595,20.42382127357977,20.67229652404785,4998986000,0.0,1.414,Tech,"2017–2025
(AI & FAANG)",159.59932580404612
2601,2021-10-01,2021,8,NVDA,NVIDIA Corp.,20.70623055546168,25.654769820121263,19.513751558124977,25.51306915283203,4971078000,0.0,1.414,Tech,"2017–2025
(AI & FAANG)",196.9722440488041
2602,2021-11-01,2021,8,NVDA,NVIDIA Corp.,25.59488938284705,34.573905814706684,25.173778778121463,32.60706329345703,10811170000,0.0,1.414,Tech,"2017–2025
(AI & FAANG)",251.74103477239555
2603,2021-12-01,2021,8,NVDA,NVIDIA Corp.,33.14892443270339,33.21877645926652,27.08773656504663,29.348955154418945,11058505000,0.004,1.414,Tech,"2017–2025
(AI & FAANG)",226.58699048020705
2604,2021-01-01,2021,9,BRK.B,"Berkshire Hathaway, Inc. Class B",231.72999572753903,236.2400054931641,226.1000061035156,227.8699951171875,103322000,0.0,1.386,Non-Tech,"2017–2025
(AI & FAANG)",235.08717053518868
2605,2021-02-01,2021,9,BRK.B,"Berkshire Hathaway, Inc. Class B",229.97000122070312,250.55999755859372,228.0399932861328,240.50999450683597,85703800,0.0,1.386,Non-Tech,"2017–2025
(AI & FAANG)",248.12750825297732
2606,2021-03-01,2021,9,BRK.B,"Berkshire Hathaway, Inc. Class B",246.8600006103516,267.5,243.22999572753903,255.47000122070312,137911600,0.0,1.386,Non-Tech,"2017–2025
(AI & FAANG)",263.5613333502298
2607,2021-04-01,2021,9,BRK.B,"Berkshire Hathaway, Inc. Class B",255.7400054931641,277.7900085449219,254.8000030517578,274.95001220703125,84991800,0.0,1.386,Non-Tech,"2017–2025
(AI & FAANG)",283.6583218212883
2608,2021-05-01,2021,9,BRK.B,"Berkshire Hathaway, Inc. Class B",278.54998779296875,295.0799865722656,276.7799987792969,289.44000244140625,98714200,0.0,1.386,Non-Tech,"2017–2025
(AI & FAANG)",298.6072439184249
2609,2021-06-01,2021,9,BRK.B,"Berkshire Hathaway, Inc. Class B",291.5199890136719,293.2699890136719,272.4599914550781,277.9200134277344,109192200,0.0,1.386,Non-Tech,"2017–2025
(AI & FAANG)",286.7223899233747
2610,2021-07-01,2021,9,BRK.B,"Berkshire Hathaway, Inc. Class B",278.20001220703125,282.2200012207031,270.7300109863281,278.2900085449219,80595300,0.0,1.386,Non-Tech,"2017–2025
(AI & FAANG)",287.10410365083015
2611,2021-08-01,2021,9,BRK.B,"Berkshire Hathaway, Inc. Class B",279.3099975585937,291.82000732421875,276.7699890136719,285.7699890136719,77985200,0.0,1.386,Non-Tech,"2017–2025
(AI & FAANG)",294.82099258635054
2612,2021-09-01,2021,9,BRK.B,"Berkshire Hathaway, Inc. Class B",286.5899963378906,287.1400146484375,271.3599853515625,272.94000244140625,104983000,0.0,1.386,Non-Tech,"2017–2025
(AI & FAANG)",281.5846503477541
2613,2021-10-01,2021,9,BRK.B,"Berkshire Hathaway, Inc. Class B",273.0199890136719,292.2200012207031,272.2200012207031,287.010009765625,74941700,0.0,1.386,Non-Tech,"2017–2025
(AI & FAANG)",296.1002876942109
2614,2021-11-01,2021,9,BRK.B,"Berkshire Hathaway, Inc. Class B",288.04998779296875,295.6499938964844,275.8900146484375,276.69000244140625,87252800,0.0,1.386,Non-Tech,"2017–2025
(AI & FAANG)",285.4534216138157
2615,2021-12-01,2021,9,BRK.B,"Berkshire Hathaway, Inc. Class B",279.5400085449219,301.6499938964844,274.7900085449219,299.0,101880300,0.0,1.386,Non-Tech,"2017–2025
(AI & FAANG)",308.4700289473065
2616,2021-01-01,2021,10,JPM,JPMorgan Chase & Co.,110.90947489343928,124.17511796892909,107.66482615878618,111.92723083496094,318582400,0.9,1.34,Non-Tech,"2017–2025
(AI & FAANG)",478.83440153312904
2617,2021-02-01,2021,10,JPM,JPMorgan Chase & Co.,113.37283803041888,135.71447254462444,112.56678850711243,128.94189453125,229245300,0.0,1.34,Non-Tech,"2017–2025
(AI & FAANG)",551.6246085946551
2618,2021-03-01,2021,10,JPM,JPMorgan Chase & Co.,131.00085915365045,141.66351411937018,129.6428353062123,133.3751983642578,399416900,0.0,1.34,Non-Tech,"2017–2025
(AI & FAANG)",570.5906669153775
2619,2021-04-01,2021,10,JPM,JPMorgan Chase & Co.,133.08607046405902,137.7734392453958,128.52137449455034,134.75950622558594,288694200,0.9,1.34,Non-Tech,"2017–2025
(AI & FAANG)",576.5128560142398
2620,2021-05-01,2021,10,JPM,JPMorgan Chase & Co.,136.46974538225814,146.03187279341134,134.08140885240076,144.74517822265625,248957700,0.0,1.34,Non-Tech,"2017–2025
(AI & FAANG)",619.2324269261093
2621,2021-06-01,2021,10,JPM,JPMorgan Chase & Co.,146.18172739673636,147.56537959083985,130.04507127726012,137.07786560058594,356723300,0.0,1.34,Non-Tech,"2017–2025
(AI & FAANG)",586.4309985036554
2622,2021-07-01,2021,10,JPM,JPMorgan Chase & Co.,137.7124250099468,140.26821220669012,128.4146875603816,133.76419067382812,280571500,0.9,1.34,Non-Tech,"2017–2025
(AI & FAANG)",572.2548097550117
2623,2021-08-01,2021,10,JPM,JPMorgan Chase & Co.,134.75659278988206,145.21589831466534,132.53177985573507,141.7767333984375,208085700,0.0,1.34,Non-Tech,"2017–2025
(AI & FAANG)",606.5331624997001
2624,2021-09-01,2021,10,JPM,JPMorgan Chase & Co.,142.01605184011015,150.06439787008594,133.39156321747691,145.091796875,234791100,0.0,1.34,Non-Tech,"2017–2025
(AI & FAANG)",620.7152915848443
2625,2021-10-01,2021,10,JPM,JPMorgan Chase & Co.,145.36656993216488,153.3085543380432,141.87422456367963,150.5873565673828,231680800,1.0,1.34,Non-Tech,"2017–2025
(AI & FAANG)",644.2257726068563
2626,2021-11-01,2021,10,JPM,JPMorgan Chase & Co.,153.41197397712915,153.67058119105008,141.15078632015687,141.63232421875,203498400,0.0,1.34,Non-Tech,"2017–2025
(AI & FAANG)",605.9153675036503
2627,2021-12-01,2021,10,JPM,JPMorgan Chase & Co.,143.56735972177066,145.69857650505307,135.3991762384738,141.2042999267578,251966400,0.0,1.34,Non-Tech,"2017–2025
(AI & FAANG)",604.0842424577718
2628,2022-01-01,2022,1,AAPL,"Apple, Inc.",173.85319485106817,178.848920671532,151.2404455714608,170.87139892578125,2108446000,0.0,6.928,Tech,"2017–2025
(AI & FAANG)",6333.072582946953
2629,2022-02-01,2022,1,AAPL,"Apple, Inc.",170.1186382875964,172.6995998152369,148.6008495833774,161.4274444580078,1627516300,0.22,6.928,Tech,"2017–2025
(AI & FAANG)",5983.047654898966
2630,2022-03-01,2022,1,AAPL,"Apple, Inc.",161.22196839299812,175.81711219198374,146.93029076020332,170.92269897460938,2180800100,0.0,6.928,Tech,"2017–2025
(AI & FAANG)",6334.9739364489415
2631,2022-04-01,2022,1,AAPL,"Apple, Inc.",170.35496627525163,174.7207899760941,152.09880869578492,154.32086181640625,1687795600,0.0,6.928,Tech,"2017–2025
(AI & FAANG)",5719.653640634928
2632,2022-05-01,2022,1,AAPL,"Apple, Inc.",153.40070045641343,162.9643728062284,129.8096235698345,145.69688415527344,2401040300,0.23,6.928,Tech,"2017–2025
(AI & FAANG)",5400.019829329912
2633,2022-06-01,2022,1,AAPL,"Apple, Inc.",146.95008604700428,148.75388773792554,126.50059298866188,134.0294647216797,1749099800,0.0,6.928,Tech,"2017–2025
(AI & FAANG)",4967.585761410039
2634,2022-07-01,2022,1,AAPL,"Apple, Inc.",133.3628541873168,160.40992030893383,132.99034240164843,159.31195068359375,1447125400,0.0,6.928,Tech,"2017–2025
(AI & FAANG)",5904.640292950956
2635,2022-08-01,2022,1,AAPL,"Apple, Inc.",157.84141560009175,172.68346899662905,154.0475796364716,154.12600708007812,1510239600,0.23,6.928,Tech,"2017–2025
(AI & FAANG)",5712.431664364733
2636,2022-09-01,2022,1,AAPL,"Apple, Inc.",153.77076299945168,161.2511796732751,135.47219979960417,135.6685333251953,2084722800,0.0,6.928,Tech,"2017–2025
(AI & FAANG)",5028.335193437588
2637,2022-10-01,2022,1,AAPL,"Apple, Inc.",135.67835687533446,154.61500737863074,131.90868435879696,150.5312042236328,1868139700,0.0,6.928,Tech,"2017–2025
(AI & FAANG)",5579.196099171392
2638,2022-11-01,2022,1,AAPL,"Apple, Inc.",152.23933113646652,152.60254888536588,131.91850541607224,145.31846618652344,1724847700,0.23,6.928,Tech,"2017–2025
(AI & FAANG)",5385.994378155218
2639,2022-12-01,2022,1,AAPL,"Apple, Inc.",145.73653635863272,148.4013008841958,123.76936374581597,127.7615966796875,1675731200,0.0,6.928,Tech,"2017–2025
(AI & FAANG)",4735.277349939071
2640,2022-01-01,2022,2,MSFT,Microsoft Corp.,323.740040197742,326.29829013052057,266.4930148147833,300.2137451171875,947531400,0.0,5.765,Tech,"2017–2025
(AI & FAANG)",1006.5609613863716
2641,2022-02-01,2022,2,MSFT,Microsoft Corp.,299.663444460337,304.21037350951747,262.1198227755495,288.4457397460937,697050600,0.62,5.765,Tech,"2017–2025
(AI & FAANG)",967.1050237666452
2642,2022-03-01,2022,2,MSFT,Microsoft Corp.,286.73016861723494,305.6423823894486,261.19145452375017,298.2516174316406,734334200,0.0,5.765,Tech,"2017–2025
(AI & FAANG)",999.9823114689405
2643,2022-04-01,2022,2,MSFT,Microsoft Corp.,299.2769490333151,304.8296748694908,261.1913809171659,268.4660339355469,627343400,0.0,5.765,Tech,"2017–2025
(AI & FAANG)",900.1167788379172
2644,2022-05-01,2022,2,MSFT,Microsoft Corp.,268.6498978002783,281.3902487788331,238.40007024195785,263.0004272460937,742902000,0.62,5.765,Tech,"2017–2025
(AI & FAANG)",881.7916141398508
2645,2022-06-01,2022,2,MSFT,Microsoft Corp.,266.8418444120195,269.2562105356979,234.1750345914202,249.0297393798828,621372300,0.0,5.765,Tech,"2017–2025
(AI & FAANG)",834.9504909782416
2646,2022-07-01,2022,2,MSFT,Microsoft Corp.,248.60309808025303,273.4352730341739,238.4704670836572,272.2135314941406,534891800,0.0,5.765,Tech,"2017–2025
(AI & FAANG)",912.6814425374383
2647,2022-08-01,2022,2,MSFT,Microsoft Corp.,269.3822918467547,285.2454054901149,252.7434573757617,253.5288543701172,477157600,0.62,5.765,Tech,"2017–2025
(AI & FAANG)",850.0351884100345
2648,2022-09-01,2022,2,MSFT,Microsoft Corp.,251.54055425781343,259.8776435112196,226.1406621930938,226.30584716796875,575586600,0.0,5.765,Tech,"2017–2025
(AI & FAANG)",758.7614984244993
2649,2022-10-01,2022,2,MSFT,Microsoft Corp.,228.74482544938567,243.93228219593348,212.92576329758523,225.5576934814453,671225100,0.0,5.765,Tech,"2017–2025
(AI & FAANG)",756.2530779866614
2650,2022-11-01,2022,2,MSFT,Microsoft Corp.,227.95777006417947,248.1008368866273,207.38714377406043,247.9162139892578,615296000,0.68,5.765,Tech,"2017–2025
(AI & FAANG)",831.2170470372319
2651,2022-12-01,2022,2,MSFT,Microsoft Corp.,247.3773230586413,257.17031425165646,227.88881887803103,233.6866607666016,591358700,0.0,5.765,Tech,"2017–2025
(AI & FAANG)",783.5079963863215
2652,2022-01-01,2022,3,AMZN,"Amazon.com, Inc.",167.5500030517578,171.39999389648438,135.3520050048828,149.57350158691406,1524654000,0.0,3.324,Tech,"2017–2025
(AI & FAANG)",509.6201009978455
2653,2022-02-01,2022,3,AMZN,"Amazon.com, Inc.",150.0,163.83450317382812,138.33299255371094,153.56300354003906,1689604000,0.0,3.324,Tech,"2017–2025
(AI & FAANG)",523.2129524502216
2654,2022-03-01,2022,3,AMZN,"Amazon.com, Inc.",152.7324981689453,170.8314971923828,133.57249450683594,162.99749755859375,1628486000,0.0,3.324,Tech,"2017–2025
(AI & FAANG)",555.3577357413019
2655,2022-04-01,2022,3,AMZN,"Amazon.com, Inc.",164.14950561523438,168.39450073242188,121.625,124.28150177001952,1465008000,0.0,3.324,Tech,"2017–2025
(AI & FAANG)",423.4463378354342
2656,2022-05-01,2022,3,AMZN,"Amazon.com, Inc.",122.4010009765625,126.22049713134766,101.26000213623048,120.20950317382812,2258476000,0.0,3.324,Tech,"2017–2025
(AI & FAANG)",409.57240753469637
2657,2022-06-01,2022,3,AMZN,"Amazon.com, Inc.",122.25599670410156,128.99000549316406,101.43000030517578,106.20999908447266,1767601100,0.0,3.324,Tech,"2017–2025
(AI & FAANG)",361.8739274413396
2658,2022-07-01,2022,3,AMZN,"Amazon.com, Inc.",106.29000091552734,137.64999389648438,105.8499984741211,134.9499969482422,1337852600,0.0,3.324,Tech,"2017–2025
(AI & FAANG)",459.79555432457016
2659,2022-08-01,2022,3,AMZN,"Amazon.com, Inc.",134.9600067138672,146.57000732421875,126.73999786376952,126.7699966430664,1170449000,0.0,3.324,Tech,"2017–2025
(AI & FAANG)",431.9250255380007
2660,2022-09-01,2022,3,AMZN,"Amazon.com, Inc.",126.0,136.49000549316406,112.05999755859376,113.0,1210487600,0.0,3.324,Tech,"2017–2025
(AI & FAANG)",385.0085128835062
2661,2022-10-01,2022,3,AMZN,"Amazon.com, Inc.",113.58000183105467,123.0,97.66000366210938,102.44000244140624,1459311500,0.0,3.324,Tech,"2017–2025
(AI & FAANG)",349.0289645995448
2662,2022-11-01,2022,3,AMZN,"Amazon.com, Inc.",103.98999786376952,104.58000183105467,85.87000274658203,96.54000091552734,2035133200,0.0,3.324,Tech,"2017–2025
(AI & FAANG)",328.9267450111461
2663,2022-12-01,2022,3,AMZN,"Amazon.com, Inc.",96.98999786376952,97.2300033569336,81.69000244140625,84.0,1549193300,0.0,3.324,Tech,"2017–2025
(AI & FAANG)",286.2010184266772
2664,2022-01-01,2022,4,TSLA,"Tesla, Inc.",382.5833435058594,402.6666564941406,264.0033264160156,312.239990234375,1916006400,0.0,2.345,Tech,"2017–2025
(AI & FAANG)",118.04467835113016
2665,2022-02-01,2022,4,TSLA,"Tesla, Inc.",311.7366638183594,315.92333984375,233.3333282470703,290.1433410644531,1391126700,0.0,2.345,Tech,"2017–2025
(AI & FAANG)",109.69087382422356
2666,2022-03-01,2022,4,TSLA,"Tesla, Inc.",289.8933410644531,371.5899963378906,252.01333618164065,359.20001220703125,1729272900,0.0,2.345,Tech,"2017–2025
(AI & FAANG)",135.79826809779655
2667,2022-04-01,2022,4,TSLA,"Tesla, Inc.",360.3833312988281,384.2900085449219,273.8999938964844,290.2533264160156,1520959800,0.0,2.345,Tech,"2017–2025
(AI & FAANG)",109.7324546141755
2668,2022-05-01,2022,4,TSLA,"Tesla, Inc.",286.92333984375,318.5,206.85667419433597,252.7533264160156,1948221600,0.0,2.345,Tech,"2017–2025
(AI & FAANG)",95.55529737418003
2669,2022-06-01,2022,4,TSLA,"Tesla, Inc.",251.72000122070312,264.2099914550781,208.69332885742188,224.47332763671875,2011227900,0.0,2.345,Tech,"2017–2025
(AI & FAANG)",84.86383098908746
2670,2022-07-01,2022,4,TSLA,"Tesla, Inc.",227.0,298.32000732421875,216.1666717529297,297.1499938964844,1744884000,0.0,2.345,Tech,"2017–2025
(AI & FAANG)",112.339791662244
2671,2022-08-01,2022,4,TSLA,"Tesla, Inc.",301.27667236328125,314.6666564941406,271.8099975585937,275.6099853515625,1695263200,0.0,2.345,Tech,"2017–2025
(AI & FAANG)",104.19642931311857
2672,2022-09-01,2022,4,TSLA,"Tesla, Inc.",272.5799865722656,313.79998779296875,262.4700012207031,265.25,1299271000,0.0,2.345,Tech,"2017–2025
(AI & FAANG)",100.27975887756789
2673,2022-10-01,2022,4,TSLA,"Tesla, Inc.",254.5,257.5,198.58999633789065,227.5399932861328,1735263100,0.0,2.345,Tech,"2017–2025
(AI & FAANG)",86.02320701880042
2674,2022-11-01,2022,4,TSLA,"Tesla, Inc.",234.0500030517578,237.3999938964844,166.19000244140625,194.6999969482422,1885275300,0.0,2.345,Tech,"2017–2025
(AI & FAANG)",73.60779923631641
2675,2022-12-01,2022,4,TSLA,"Tesla, Inc.",197.0800018310547,198.9199981689453,108.23999786376952,123.18000030517578,2944247700,0.0,2.345,Tech,"2017–2025
(AI & FAANG)",46.56912621731109
2676,2022-01-01,2022,5,GOOG,"Alphabet, Inc. Class A",143.29901117615702,145.4161358330294,123.62697648119638,134.59349060058594,615510000,0.0,1.904,Tech,"2017–2025
(AI & FAANG)",340.61294907189574
2677,2022-02-01,2022,5,GOOG,"Alphabet, Inc. Class A",136.7125989009921,150.86143660467033,123.7485304195255,133.79257202148438,732650000,0.0,1.904,Tech,"2017–2025
(AI & FAANG)",338.5860810712447
2678,2022-03-01,2022,5,GOOG,"Alphabet, Inc. Class A",133.38494431276632,142.98861138845572,124.83588217814284,138.51235961914062,637420000,0.0,1.904,Tech,"2017–2025
(AI & FAANG)",350.5303494415581
2679,2022-04-01,2022,5,GOOG,"Alphabet, Inc. Class A",138.86988348763936,142.87078880535734,112.2030737487493,114.0303192138672,564940000,0.0,1.904,Tech,"2017–2025
(AI & FAANG)",288.5741586590212
2680,2022-05-01,2022,5,GOOG,"Alphabet, Inc. Class A",112.97895370950155,122.14023629308323,101.37571378271484,113.1103744506836,717486000,0.0,1.904,Tech,"2017–2025
(AI & FAANG)",286.2460735683307
2681,2022-06-01,2022,5,GOOG,"Alphabet, Inc. Class A",113.9956030534645,118.42622304479217,104.76840244686068,108.48186492919922,627132000,0.0,1.904,Tech,"2017–2025
(AI & FAANG)",274.53280072812635
2682,2022-07-01,2022,5,GOOG,"Alphabet, Inc. Class A",107.45480358971317,119.45428845718769,103.90693542272524,115.69019317626952,638766600,0.0,1.904,Tech,"2017–2025
(AI & FAANG)",292.77476719438704
2683,2022-08-01,2022,5,GOOG,"Alphabet, Inc. Class A",114.58922106351814,122.25627786996324,107.91402867774876,108.26117706298828,430961500,0.0,1.904,Tech,"2017–2025
(AI & FAANG)",273.97431053221067
2684,2022-09-01,2022,5,GOOG,"Alphabet, Inc. Class A",108.31077055877265,111.72276071962736,95.24801698917145,95.3670425415039,532993100,0.0,1.904,Tech,"2017–2025
(AI & FAANG)",241.34339230953248
2685,2022-10-01,2022,5,GOOG,"Alphabet, Inc. Class A",96.42832659338504,104.24415604377342,91.15164832134266,93.88917541503906,584537500,0.0,1.904,Tech,"2017–2025
(AI & FAANG)",237.60338469077317
2686,2022-11-01,2022,5,GOOG,"Alphabet, Inc. Class A",94.81160368603432,100.62388610839844,82.77046073200118,100.62388610839844,603449000,0.0,1.904,Tech,"2017–2025
(AI & FAANG)",254.64677705822828
2687,2022-12-01,2022,5,GOOG,"Alphabet, Inc. Class A",100.5742947282798,101.75459933525602,85.66668620512907,88.0074691772461,498585400,0.0,1.904,Tech,"2017–2025
(AI & FAANG)",222.71867296890846
2688,2022-01-01,2022,6,GOOG,"Alphabet, Inc. Class C",143.29901117615702,145.4161358330294,123.62697648119638,134.59349060058594,615510000,0.0,1.711,Tech,"2017–2025
(AI & FAANG)",340.61294907189574
2689,2022-02-01,2022,6,GOOG,"Alphabet, Inc. Class C",136.7125989009921,150.86143660467033,123.7485304195255,133.79257202148438,732650000,0.0,1.711,Tech,"2017–2025
(AI & FAANG)",338.5860810712447
2690,2022-03-01,2022,6,GOOG,"Alphabet, Inc. Class C",133.38494431276632,142.98861138845572,124.83588217814284,138.51235961914062,637420000,0.0,1.711,Tech,"2017–2025
(AI & FAANG)",350.5303494415581
2691,2022-04-01,2022,6,GOOG,"Alphabet, Inc. Class C",138.86988348763936,142.87078880535734,112.2030737487493,114.0303192138672,564940000,0.0,1.711,Tech,"2017–2025
(AI & FAANG)",288.5741586590212
2692,2022-05-01,2022,6,GOOG,"Alphabet, Inc. Class C",112.97895370950155,122.14023629308323,101.37571378271484,113.1103744506836,717486000,0.0,1.711,Tech,"2017–2025
(AI & FAANG)",286.2460735683307
2693,2022-06-01,2022,6,GOOG,"Alphabet, Inc. Class C",113.9956030534645,118.42622304479217,104.76840244686068,108.48186492919922,627132000,0.0,1.711,Tech,"2017–2025
(AI & FAANG)",274.53280072812635
2694,2022-07-01,2022,6,GOOG,"Alphabet, Inc. Class C",107.45480358971317,119.45428845718769,103.90693542272524,115.69019317626952,638766600,0.0,1.711,Tech,"2017–2025
(AI & FAANG)",292.77476719438704
2695,2022-08-01,2022,6,GOOG,"Alphabet, Inc. Class C",114.58922106351814,122.25627786996324,107.91402867774876,108.26117706298828,430961500,0.0,1.711,Tech,"2017–2025
(AI & FAANG)",273.97431053221067
2696,2022-09-01,2022,6,GOOG,"Alphabet, Inc. Class C",108.31077055877265,111.72276071962736,95.24801698917145,95.3670425415039,532993100,0.0,1.711,Tech,"2017–2025
(AI & FAANG)",241.34339230953248
2697,2022-10-01,2022,6,GOOG,"Alphabet, Inc. Class C",96.42832659338504,104.24415604377342,91.15164832134266,93.88917541503906,584537500,0.0,1.711,Tech,"2017–2025
(AI & FAANG)",237.60338469077317
2698,2022-11-01,2022,6,GOOG,"Alphabet, Inc. Class C",94.81160368603432,100.62388610839844,82.77046073200118,100.62388610839844,603449000,0.0,1.711,Tech,"2017–2025
(AI & FAANG)",254.64677705822828
2699,2022-12-01,2022,6,GOOG,"Alphabet, Inc. Class C",100.5742947282798,101.75459933525602,85.66668620512907,88.0074691772461,498585400,0.0,1.711,Tech,"2017–2025
(AI & FAANG)",222.71867296890846
2700,2022-01-01,2022,7,BRK.B,"Berkshire Hathaway, Inc. Class B",300.1000061035156,324.3999938964844,294.8099975585937,313.0199890136719,109425900,0.0,1.598,Non-Tech,"2017–2025
(AI & FAANG)",322.93406378639776
2701,2022-02-01,2022,7,BRK.B,"Berkshire Hathaway, Inc. Class B",312.6400146484375,325.6300048828125,299.510009765625,321.45001220703125,102795700,0.0,1.598,Non-Tech,"2017–2025
(AI & FAANG)",331.63108552045134
2702,2022-03-01,2022,7,BRK.B,"Berkshire Hathaway, Inc. Class B",320.260009765625,362.1000061035156,313.5899963378906,352.9100036621094,129397900,0.0,1.598,Non-Tech,"2017–2025
(AI & FAANG)",364.08748844630406
2703,2022-04-01,2022,7,BRK.B,"Berkshire Hathaway, Inc. Class B",353.6499938964844,354.5799865722656,320.5,322.8299865722656,81868100,0.0,1.598,Non-Tech,"2017–2025
(AI & FAANG)",333.05476689968344
2704,2022-05-01,2022,7,BRK.B,"Berkshire Hathaway, Inc. Class B",324.1099853515625,327.2799987792969,298.1099853515625,315.9800109863281,96218500,0.0,1.598,Non-Tech,"2017–2025
(AI & FAANG)",325.9878365743239
2705,2022-06-01,2022,7,BRK.B,"Berkshire Hathaway, Inc. Class B",316.0,316.7900085449219,263.67999267578125,273.0199890136719,100470000,0.0,1.598,Non-Tech,"2017–2025
(AI & FAANG)",281.66717028174133
2706,2022-07-01,2022,7,BRK.B,"Berkshire Hathaway, Inc. Class B",272.5,302.3999938964844,271.20001220703125,300.6000061035156,73383000,0.0,1.598,Non-Tech,"2017–2025
(AI & FAANG)",310.12071098432097
2707,2022-08-01,2022,7,BRK.B,"Berkshire Hathaway, Inc. Class B",299.70001220703125,308.1499938964844,280.44000244140625,280.79998779296875,83934900,0.0,1.598,Non-Tech,"2017–2025
(AI & FAANG)",289.69357980903135
2708,2022-09-01,2022,7,BRK.B,"Berkshire Hathaway, Inc. Class B",279.95001220703125,289.239990234375,261.54998779296875,267.0199890136719,92083100,0.0,1.598,Non-Tech,"2017–2025
(AI & FAANG)",275.4771362560429
2709,2022-10-01,2022,7,BRK.B,"Berkshire Hathaway, Inc. Class B",269.5199890136719,299.9800109863281,259.8500061035156,295.0899963378906,84939300,0.0,1.598,Non-Tech,"2017–2025
(AI & FAANG)",304.4361863291294
2710,2022-11-01,2022,7,BRK.B,"Berkshire Hathaway, Inc. Class B",298.45001220703125,319.1199951171875,282.3800048828125,318.6000061035156,82153600,0.0,1.598,Non-Tech,"2017–2025
(AI & FAANG)",328.69081306141635
2711,2022-12-01,2022,7,BRK.B,"Berkshire Hathaway, Inc. Class B",319.0,319.5599975585937,297.0,308.8999938964844,79496600,0.0,1.598,Non-Tech,"2017–2025
(AI & FAANG)",318.6835787928807
2712,2022-01-01,2022,8,UNH,"UnitedHealth Group, Inc.",463.7434490564975,467.22152492442126,414.8370547293239,438.302490234375,80739800,0.0,1.568,Non-Tech,"2017–2025
(AI & FAANG)",100.0
2713,2022-02-01,2022,8,UNH,"UnitedHealth Group, Inc.",440.55628061730073,464.60600931135554,413.4180046737857,441.3631896972656,58656100,0.0,1.568,Non-Tech,"2017–2025
(AI & FAANG)",100.69830756865058
2714,2022-03-01,2022,8,UNH,"UnitedHealth Group, Inc.",436.7443887580197,484.0462281127756,433.8135262955582,472.9905700683594,73714100,1.45,1.568,Non-Tech,"2017–2025
(AI & FAANG)",107.91418725808185
2715,2022-04-01,2022,8,UNH,"UnitedHealth Group, Inc.",475.0507034233436,514.6878613391214,469.3297843184728,473.0693054199219,61462000,0.0,1.568,Non-Tech,"2017–2025
(AI & FAANG)",107.93215095970727
2716,2022-05-01,2022,8,UNH,"UnitedHealth Group, Inc.",475.1715697073301,477.6832062155737,431.0041660583698,462.1204223632813,68003600,0.0,1.568,Non-Tech,"2017–2025
(AI & FAANG)",105.43413114449112
2717,2022-06-01,2022,8,UNH,"UnitedHealth Group, Inc.",463.5530469350742,482.51117267982846,418.3251882352789,477.7948913574219,84913200,1.65,1.568,Non-Tech,"2017–2025
(AI & FAANG)",109.01030726563496
2718,2022-07-01,2022,8,UNH,"UnitedHealth Group, Inc.",478.2758642033815,508.1681235221282,459.5395276162292,506.301025390625,58410400,0.0,1.568,Non-Tech,"2017–2025
(AI & FAANG)",115.51406543911921
2719,2022-08-01,2022,8,UNH,"UnitedHealth Group, Inc.",506.23559132072097,516.3739189216733,484.6612324650666,484.8199768066406,46357000,0.0,1.568,Non-Tech,"2017–2025
(AI & FAANG)",110.61310113647568
2720,2022-09-01,2022,8,UNH,"UnitedHealth Group, Inc.",484.8200379915915,499.4674246809975,465.8409700896439,471.4796142578125,54740000,1.65,1.568,Non-Tech,"2017–2025
(AI & FAANG)",107.56945825374996
2721,2022-10-01,2022,8,UNH,"UnitedHealth Group, Inc.",474.8693802092727,522.6484904143123,456.7578942160962,519.8859252929688,59743500,0.0,1.568,Non-Tech,"2017–2025
(AI & FAANG)",118.61350023700946
2722,2022-11-01,2022,8,UNH,"UnitedHealth Group, Inc.",519.7453635300017,520.3915357277409,468.9601441168033,512.9652709960938,77563700,0.0,1.568,Non-Tech,"2017–2025
(AI & FAANG)",117.0345326401851
2723,2022-12-01,2022,8,UNH,"UnitedHealth Group, Inc.",517.2730941513194,517.8724539280576,482.9605185673296,496.50201416015625,53391900,1.65,1.568,Non-Tech,"2017–2025
(AI & FAANG)",113.27839225705974
2724,2022-01-01,2022,9,JNJ,Johnson & Johnson,150.59335551144795,154.2119810226254,140.02057855547957,152.43362426757812,165534400,0.0,1.426,Non-Tech,"2017–2025
(AI & FAANG)",639.1325870839735
2725,2022-02-01,2022,9,JNJ,Johnson & Johnson,151.9469732836477,153.6102941409793,137.77327418423528,145.6033172607422,154615300,1.06,1.426,Non-Tech,"2017–2025
(AI & FAANG)",610.4940776420291
2726,2022-03-01,2022,9,JNJ,Johnson & Johnson,145.17563838685692,160.46432682606488,144.61467696873302,157.8108367919922,180106000,0.0,1.426,Non-Tech,"2017–2025
(AI & FAANG)",661.6784772610404
2727,2022-04-01,2022,9,JNJ,Johnson & Johnson,157.65053721465816,166.2342765895893,156.28818123986943,160.68690490722656,163454500,0.0,1.426,Non-Tech,"2017–2025
(AI & FAANG)",673.7374233364336
2728,2022-05-01,2022,9,JNJ,Johnson & Johnson,160.6958163463852,161.8266656395978,153.76827577700237,159.8588104248047,152737200,1.13,1.426,Non-Tech,"2017–2025
(AI & FAANG)",670.265340510592
2729,2022-06-01,2022,9,JNJ,Johnson & Johnson,160.54549318741402,164.3093394287966,149.89025522456964,159.0758056640625,159293700,0.0,1.426,Non-Tech,"2017–2025
(AI & FAANG)",666.9823124986505
2730,2022-07-01,2022,9,JNJ,Johnson & Johnson,159.02204858425017,161.29828058865417,152.1306427635615,156.39633178710938,114640700,0.0,1.426,Non-Tech,"2017–2025
(AI & FAANG)",655.7476582074501
2731,2022-08-01,2022,9,JNJ,Johnson & Johnson,156.08267571013272,157.26560203089426,144.52232900762775,144.58505249023438,157260000,1.13,1.426,Non-Tech,"2017–2025
(AI & FAANG)",606.2246377449055
2732,2022-09-01,2022,9,JNJ,Johnson & Johnson,145.69184801031932,151.26726768335243,145.0783635265788,147.37890625,168332500,0.0,1.426,Non-Tech,"2017–2025
(AI & FAANG)",617.9388706773905
2733,2022-10-01,2022,9,JNJ,Johnson & Johnson,148.21792088598846,158.23204160982036,143.59880187553077,156.95095825195312,139408400,0.0,1.426,Non-Tech,"2017–2025
(AI & FAANG)",658.0731283853328
2734,2022-11-01,2022,9,JNJ,Johnson & Johnson,157.03213868783052,160.69495673123956,150.500418783605,160.58670043945312,138341800,1.13,1.426,Non-Tech,"2017–2025
(AI & FAANG)",673.3172802017864
2735,2022-12-01,2022,9,JNJ,Johnson & Johnson,162.53124125955975,164.38354651629905,158.05482880707223,160.39744567871094,129803700,0.0,1.426,Non-Tech,"2017–2025
(AI & FAANG)",672.523761806929
2736,2022-01-01,2022,10,XOM,Exxon Mobil Corp.,52.778053373631664,65.86052631660228,52.75219644247931,65.4640884399414,608287500,0.0,1.208,Non-Tech,"2017–2025
(AI & FAANG)",360.88419795300786
2737,2022-02-01,2022,10,XOM,Exxon Mobil Corp.,65.88637488233717,71.60026637505297,63.800764510349225,67.58416748046875,628643600,0.88,1.208,Non-Tech,"2017–2025
(AI & FAANG)",372.57156796564647
2738,2022-03-01,2022,10,XOM,Exxon Mobil Corp.,68.63837304281452,79.73972237471492,66.44250561835327,71.96703338623047,853500100,0.0,1.208,Non-Tech,"2017–2025
(AI & FAANG)",396.73301410855737
2739,2022-04-01,2022,10,XOM,Exxon Mobil Corp.,71.4442203537591,78.24968133866787,69.09150438899955,74.284912109375,505627700,0.0,1.208,Non-Tech,"2017–2025
(AI & FAANG)",409.5107953912185
2740,2022-05-01,2022,10,XOM,Exxon Mobil Corp.,74.07578015745639,86.94601891483035,72.67286228580815,83.65221405029297,659837300,0.88,1.208,Non-Tech,"2017–2025
(AI & FAANG)",461.1499662479732
2741,2022-06-01,2022,10,XOM,Exxon Mobil Corp.,85.40699015651093,92.93358314502764,73.52290020591313,75.38914489746094,660217900,0.0,1.208,Non-Tech,"2017–2025
(AI & FAANG)",415.59810483947274
2742,2022-07-01,2022,10,XOM,Exxon Mobil Corp.,76.35747708196364,85.84714194253395,71.03164818887755,85.32776641845703,427905800,0.0,1.208,Non-Tech,"2017–2025
(AI & FAANG)",470.38679191717813
2743,2022-08-01,2022,10,XOM,Exxon Mobil Corp.,83.44390932120476,89.4035567579879,75.95253006473982,84.14814758300781,424555300,0.88,1.208,Non-Tech,"2017–2025
(AI & FAANG)",463.88390143987607
2744,2022-09-01,2022,10,XOM,Exxon Mobil Corp.,83.92579325384938,88.16564074541819,74.56613939182233,77.60602569580078,411406700,0.0,1.208,Non-Tech,"2017–2025
(AI & FAANG)",427.8191143720545
2745,2022-10-01,2022,10,XOM,Exxon Mobil Corp.,80.03260272034271,100.36074382895418,79.74816904435326,98.494140625,431618500,0.0,1.208,Non-Tech,"2017–2025
(AI & FAANG)",542.9691268844881
2746,2022-11-01,2022,10,XOM,Exxon Mobil Corp.,99.88076800935198,101.91624940647196,95.53426197869156,98.96524047851562,368035500,0.91,1.208,Non-Tech,"2017–2025
(AI & FAANG)",545.5661613325846
2747,2022-12-01,2022,10,XOM,Exxon Mobil Corp.,100.03073806010808,100.41602333534962,91.72471323844692,98.83008575439452,376504300,0.0,1.208,Non-Tech,"2017–2025
(AI & FAANG)",544.821093229196
2748,2023-01-01,2023,1,AAPL,"Apple, Inc.",128.1057743166347,144.7728951645374,122.09774264179418,141.8819580078125,1443652500,0.0,7.005,Tech,"2017–2025
(AI & FAANG)",5258.625749675034
2749,2023-02-01,2023,1,AAPL,"Apple, Inc.",141.56728271271575,154.7534865295939,138.96151462249065,144.9498748779297,1307198900,0.23,7.005,Tech,"2017–2025
(AI & FAANG)",5372.333136277158
2750,2023-03-01,2023,1,AAPL,"Apple, Inc.",144.60000190040557,162.4940408365555,141.71449384603284,162.3955535888672,1520266600,0.0,7.005,Tech,"2017–2025
(AI & FAANG)",6018.929057125966
2751,2023-04-01,2023,1,AAPL,"Apple, Inc.",161.77515724240675,167.27041291997128,157.35334360763557,167.1029815673828,969776400,0.0,7.005,Tech,"2017–2025
(AI & FAANG)",6193.402276484836
2752,2023-05-01,2023,1,AAPL,"Apple, Inc.",166.7090425930145,176.62611071701582,161.81452374161867,174.55799865722656,1275364700,0.24,7.005,Tech,"2017–2025
(AI & FAANG)",6469.710451134929
2753,2023-06-01,2023,1,AAPL,"Apple, Inc.",175.24323366615278,191.79124321876165,174.48387496632054,191.28829956054688,1297383300,0.0,7.005,Tech,"2017–2025
(AI & FAANG)",7089.7920482973195
2754,2023-07-01,2023,1,AAPL,"Apple, Inc.",191.10090920335145,195.4893830815548,184.0201829309876,193.73399353027344,996114000,0.0,7.005,Tech,"2017–2025
(AI & FAANG)",7180.437747480023
2755,2023-08-01,2023,1,AAPL,"Apple, Inc.",193.5269209309418,194.01013688431743,169.58260136085275,185.2726287841797,1322657800,0.24,7.005,Tech,"2017–2025
(AI & FAANG)",6866.830921383423
2756,2023-09-01,2023,1,AAPL,"Apple, Inc.",187.12256659270415,187.6064350163869,165.5257944446901,169.07095336914062,1337823000,0.0,7.005,Tech,"2017–2025
(AI & FAANG)",6266.3419746442605
2757,2023-10-01,2023,1,AAPL,"Apple, Inc.",169.08083418323545,180.06189969616003,163.60017106548958,168.63645935058594,1172816900,0.0,7.005,Tech,"2017–2025
(AI & FAANG)",6250.238155200736
2758,2023-11-01,2023,1,AAPL,"Apple, Inc.",168.86357196408937,190.51957720607027,167.99456162574106,187.57681274414065,1099651600,0.24,7.005,Tech,"2017–2025
(AI & FAANG)",6952.231780477655
2759,2023-12-01,2023,1,AAPL,"Apple, Inc.",188.19968807533573,197.38570090490575,185.3519183312789,190.37506103515625,1063181200,0.0,7.005,Tech,"2017–2025
(AI & FAANG)",7055.94433649065
2760,2023-01-01,2023,2,MSFT,Microsoft Corp.,236.863308221796,243.44067912213168,213.74019957536555,241.4723358154297,666168100,0.0,6.531,Tech,"2017–2025
(AI & FAANG)",809.6119196398395
2761,2023-02-01,2023,2,MSFT,Microsoft Corp.,241.6574404889175,269.6819177001965,239.19214601534907,243.04112243652344,615501000,0.68,6.531,Tech,"2017–2025
(AI & FAANG)",814.871769980542
2762,2023-03-01,2023,2,MSFT,Microsoft Corp.,244.9588921395186,282.5779932614733,239.928038626026,281.63043212890625,747635000,0.0,6.531,Tech,"2017–2025
(AI & FAANG)",944.2545623907936
2763,2023-04-01,2023,2,MSFT,Microsoft Corp.,279.8916628976066,301.783235671016,268.99961189715697,300.1518859863281,551520000,0.0,6.531,Tech,"2017–2025
(AI & FAANG)",1006.3535592029571
2764,2023-05-01,2023,2,MSFT,Microsoft Corp.,299.8684905635849,328.1682934861239,296.38107256391936,320.79296875,600856900,0.68,6.531,Tech,"2017–2025
(AI & FAANG)",1075.559278290027
2765,2023-06-01,2023,2,MSFT,Microsoft Corp.,319.0859043130125,344.089607273314,315.7279368373793,333.3891296386719,547702200,0.0,6.531,Tech,"2017–2025
(AI & FAANG)",1117.791867637093
2766,2023-07-01,2023,2,MSFT,Microsoft Corp.,332.0674735929924,359.0781175224105,320.13344462788626,328.8661499023437,666746800,0.0,6.531,Tech,"2017–2025
(AI & FAANG)",1102.627156141447
2767,2023-08-01,2023,2,MSFT,Microsoft Corp.,328.1514443279725,331.4311046202521,305.00783952378305,320.8774719238281,479476200,0.68,6.531,Tech,"2017–2025
(AI & FAANG)",1075.8426017463044
2768,2023-09-01,2023,2,MSFT,Microsoft Corp.,325.0396816485568,334.4089280185677,303.5934146120259,309.774169921875,416742300,0.0,6.531,Tech,"2017–2025
(AI & FAANG)",1038.6152911403674
2769,2023-10-01,2023,2,MSFT,Microsoft Corp.,310.2941038505315,339.64785302716905,305.32005115906844,331.7109375,540950200,0.0,6.531,Tech,"2017–2025
(AI & FAANG)",1112.1652009039185
2770,2023-11-01,2023,2,MSFT,Microsoft Corp.,333.35915772796835,377.0267430585612,333.22179299063373,371.73876953125,563894000,0.75,6.531,Tech,"2017–2025
(AI & FAANG)",1246.3710916963603
2771,2023-12-01,2023,2,MSFT,Microsoft Corp.,370.3796831991582,371.755968586196,356.7543828655558,369.671875,522081700,0.0,6.531,Tech,"2017–2025
(AI & FAANG)",1239.4411779922186
2772,2023-01-01,2023,3,AMZN,"Amazon.com, Inc.",85.45999908447266,103.48999786376952,81.43000030517578,103.12999725341795,1523798600,0.0,3.213,Tech,"2017–2025
(AI & FAANG)",351.37988386034095
2773,2023-02-01,2023,3,AMZN,"Amazon.com, Inc.",102.52999877929688,114.0,92.31999969482422,94.2300033569336,1364102000,0.0,3.213,Tech,"2017–2025
(AI & FAANG)",321.056225322662
2774,2023-03-01,2023,3,AMZN,"Amazon.com, Inc.",93.87000274658205,103.48999786376952,88.12000274658203,103.29000091552734,1349240300,0.0,3.213,Tech,"2017–2025
(AI & FAANG)",351.9250411347184
2775,2023-04-01,2023,3,AMZN,"Amazon.com, Inc.",102.3000030517578,110.86000061035156,97.70999908447266,105.4499969482422,1224234500,0.0,3.213,Tech,"2017–2025
(AI & FAANG)",359.2844823771062
2776,2023-05-01,2023,3,AMZN,"Amazon.com, Inc.",104.9499969482422,122.91999816894533,101.1500015258789,120.58000183105467,1433039100,0.0,3.213,Tech,"2017–2025
(AI & FAANG)",410.83475388021964
2777,2023-06-01,2023,3,AMZN,"Amazon.com, Inc.",120.69000244140624,131.49000549316406,119.93000030517578,130.36000061035156,1242936000,0.0,3.213,Tech,"2017–2025
(AI & FAANG)",444.1567254379152
2778,2023-07-01,2023,3,AMZN,"Amazon.com, Inc.",130.82000732421875,136.64999389648438,125.91999816894533,133.67999267578125,1058873500,0.0,3.213,Tech,"2017–2025
(AI & FAANG)",455.46845294142076
2779,2023-08-01,2023,3,AMZN,"Amazon.com, Inc.",133.5500030517578,143.6300048828125,126.41000366210938,138.00999450683594,1210688300,0.0,3.213,Tech,"2017–2025
(AI & FAANG)",470.2214402490068
2780,2023-09-01,2023,3,AMZN,"Amazon.com, Inc.",139.4600067138672,145.86000061035156,123.04000091552734,127.12000274658205,1120505300,0.0,3.213,Tech,"2017–2025
(AI & FAANG)",433.11755057706887
2781,2023-10-01,2023,3,AMZN,"Amazon.com, Inc.",127.27999877929688,134.47999572753906,118.3499984741211,133.08999633789062,1224668600,0.0,3.213,Tech,"2017–2025
(AI & FAANG)",453.45824397984563
2782,2023-11-01,2023,3,AMZN,"Amazon.com, Inc.",133.9600067138672,149.25999450683594,133.7100067138672,146.08999633789062,1026039500,0.0,3.213,Tech,"2017–2025
(AI & FAANG)",497.7512587363552
2783,2023-12-01,2023,3,AMZN,"Amazon.com, Inc.",146.0,155.6300048828125,142.80999755859375,151.94000244140625,931322200,0.0,3.213,Tech,"2017–2025
(AI & FAANG)",517.6831361724082
2784,2023-01-01,2023,4,NVDA,NVIDIA Corp.,14.835344178404148,20.60625459693568,14.019206008915566,19.51640510559082,9454960000,0.0,2.991,Tech,"2017–2025
(AI & FAANG)",150.67532982354044
2785,2023-02-01,2023,4,NVDA,NVIDIA Corp.,19.67024429725817,23.862820869515637,19.590328699051906,23.1915283203125,10393479000,0.0,2.991,Tech,"2017–2025
(AI & FAANG)",179.04891602060638
2786,2023-03-01,2023,4,NVDA,NVIDIA Corp.,23.167551179090896,27.80465793085657,22.273496107225,27.74771881103516,11263731000,0.004,2.991,Tech,"2017–2025
(AI & FAANG)",214.22473355535584
2787,2023-04-01,2023,4,NVDA,NVIDIA Corp.,27.484669293810068,28.08513754656684,26.196807940134697,27.72445678710937,7436450000,0.0,2.991,Tech,"2017–2025
(AI & FAANG)",214.04514038189905
2788,2023-05-01,2023,4,NVDA,NVIDIA Corp.,27.815376885320067,41.9009073916401,27.21590717804836,37.800537109375,11697819000,0.0,2.991,Tech,"2017–2025
(AI & FAANG)",291.8369630906283
2789,2023-06-01,2023,4,NVDA,NVIDIA Corp.,38.45495631935473,43.95109415106631,37.32295899521742,42.26458358764648,10527050000,0.004,2.991,Tech,"2017–2025
(AI & FAANG)",326.30138785646204
2790,2023-07-01,2023,4,NVDA,NVIDIA Corp.,42.4837926430326,48.05044466665596,41.31370956902801,46.6925048828125,8706845000,0.0,2.991,Tech,"2017–2025
(AI & FAANG)",360.4869101374427
2791,2023-08-01,2023,4,NVDA,NVIDIA Corp.,46.42370904700061,50.22673592562192,40.279513786538864,49.31644821166992,13632152000,0.0,2.991,Tech,"2017–2025
(AI & FAANG)",380.74491996941794
2792,2023-09-01,2023,4,NVDA,NVIDIA Corp.,49.723131436132896,49.76109995481851,40.947989650812765,43.46502304077149,8579273000,0.004,2.991,Tech,"2017–2025
(AI & FAANG)",335.5693144830203
2793,2023-10-01,2023,4,NVDA,NVIDIA Corp.,43.99923199230092,47.57573347766979,39.20258684468398,40.751502990722656,10141101000,0.0,2.991,Tech,"2017–2025
(AI & FAANG)",314.61973251278476
2794,2023-11-01,2023,4,NVDA,NVIDIA Corp.,40.85543119966831,50.512679948932174,40.84044229083494,46.73731994628906,9144618000,0.0,2.991,Tech,"2017–2025
(AI & FAANG)",360.83290236469253
2795,2023-12-01,2023,4,NVDA,NVIDIA Corp.,46.49248536865807,50.3977512147833,44.97854099463514,49.48738861083984,7411887000,0.004,2.991,Tech,"2017–2025
(AI & FAANG)",382.0646558985371
2796,2023-01-01,2023,5,GOOG,"Alphabet, Inc. Class A",89.09850364358539,100.75282176083392,84.8731912967098,99.05674743652344,526178100,0.0,2.162,Tech,"2017–2025
(AI & FAANG)",250.6808517950519
2797,2023-02-01,2023,5,GOOG,"Alphabet, Inc. Class A",98.92779766524409,107.93385945772098,88.13639812707022,89.5646743774414,754400500,0.0,2.162,Tech,"2017–2025
(AI & FAANG)",226.6594598017771
2798,2023-03-01,2023,5,GOOG,"Alphabet, Inc. Class A",89.42581227768319,106.63452615905688,89.03898116571229,103.15310668945312,725477100,0.0,2.162,Tech,"2017–2025
(AI & FAANG)",261.04742301162645
2799,2023-04-01,2023,5,GOOG,"Alphabet, Inc. Class A",101.83393679846168,108.73725928337356,101.546297415682,107.3387451171875,461670700,0.0,2.162,Tech,"2017–2025
(AI & FAANG)",271.6399311801682
2800,2023-05-01,2023,5,GOOG,"Alphabet, Inc. Class A",106.84282515653564,126.01542061241057,103.64904476729728,122.36538696289062,620361600,0.0,2.162,Tech,"2017–2025
(AI & FAANG)",309.6675413630474
2801,2023-06-01,2023,5,GOOG,"Alphabet, Inc. Class A",122.49433651324628,128.4950742438389,115.95800267490914,119.98493957519533,521440000,0.0,2.162,Tech,"2017–2025
(AI & FAANG)",303.6433926377609
2802,2023-07-01,2023,5,GOOG,"Alphabet, Inc. Class A",119.34022615924306,132.9782665876445,114.88679063833337,132.0260772705078,525480300,0.0,2.162,Tech,"2017–2025
(AI & FAANG)",334.11564952239877
2803,2023-08-01,2023,5,GOOG,"Alphabet, Inc. Class A",129.7894312265983,137.272989767933,125.96582709076506,136.23155212402344,463504700,0.0,2.162,Tech,"2017–2025
(AI & FAANG)",344.75835732135545
2804,2023-09-01,2023,5,GOOG,"Alphabet, Inc. Class A",137.30274167124276,138.79052700248403,127.14613682940475,130.77633666992188,389639800,0.0,2.162,Tech,"2017–2025
(AI & FAANG)",330.9529569609607
2805,2023-10-01,2023,5,GOOG,"Alphabet, Inc. Class A",131.07884542422372,141.2205881269934,120.47093634201651,124.27967071533205,514900900,0.0,2.162,Tech,"2017–2025
(AI & FAANG)",314.5119794660343
2806,2023-11-01,2023,5,GOOG,"Alphabet, Inc. Class A",124.31934845025916,139.95102391600935,123.90773446868394,132.82948303222656,405647400,0.0,2.162,Tech,"2017–2025
(AI & FAANG)",336.14881178440186
2807,2023-12-01,2023,5,GOOG,"Alphabet, Inc. Class A",132.23436302164336,142.77284209394188,128.34627083610852,139.78237915039062,482145900,0.0,2.162,Tech,"2017–2025
(AI & FAANG)",353.7443614713203
2808,2023-01-01,2023,6,TSLA,"Tesla, Inc.",118.47000122070312,180.67999267578125,101.80999755859376,173.22000122070312,3897499400,0.0,1.924,Tech,"2017–2025
(AI & FAANG)",65.48712518448303
2809,2023-02-01,2023,6,TSLA,"Tesla, Inc.",173.88999938964844,217.6499938964844,169.92999267578125,205.7100067138672,3624845100,0.0,1.924,Tech,"2017–2025
(AI & FAANG)",77.77021629394712
2810,2023-03-01,2023,6,TSLA,"Tesla, Inc.",206.2100067138672,207.7899932861328,163.91000366210938,207.4600067138672,3311619900,0.0,1.924,Tech,"2017–2025
(AI & FAANG)",78.4318169651469
2811,2023-04-01,2023,6,TSLA,"Tesla, Inc.",199.91000366210935,202.69000244140625,152.3699951171875,164.30999755859375,2505176300,0.0,1.924,Tech,"2017–2025
(AI & FAANG)",62.11863123977209
2812,2023-05-01,2023,6,TSLA,"Tesla, Inc.",163.1699981689453,204.47999572753903,158.8300018310547,203.92999267578125,2682606200,0.0,1.924,Tech,"2017–2025
(AI & FAANG)",77.09726858975128
2813,2023-06-01,2023,6,TSLA,"Tesla, Inc.",202.58999633789065,276.989990234375,199.3699951171875,261.7699890136719,3442689200,0.0,1.924,Tech,"2017–2025
(AI & FAANG)",98.96411453223226
2814,2023-07-01,2023,6,TSLA,"Tesla, Inc.",276.489990234375,299.2900085449219,254.1199951171875,267.42999267578125,2393089100,0.0,1.924,Tech,"2017–2025
(AI & FAANG)",101.10392151614359
2815,2023-08-01,2023,6,TSLA,"Tesla, Inc.",266.260009765625,266.4700012207031,212.3600006103516,258.0799865722656,2502358000,0.0,1.924,Tech,"2017–2025
(AI & FAANG)",97.56908133682471
2816,2023-09-01,2023,6,TSLA,"Tesla, Inc.",257.260009765625,278.9800109863281,234.5800018310547,250.22000122070312,2440441700,0.0,1.924,Tech,"2017–2025
(AI & FAANG)",94.59755471727371
2817,2023-10-01,2023,6,TSLA,"Tesla, Inc.",244.80999755859372,268.94000244140625,194.07000732421875,200.83999633789065,2591021000,0.0,1.924,Tech,"2017–2025
(AI & FAANG)",75.92907221766369
2818,2023-11-01,2023,6,TSLA,"Tesla, Inc.",204.0399932861328,252.75,197.8500061035156,240.0800018310547,2651052200,0.0,1.924,Tech,"2017–2025
(AI & FAANG)",90.76405163032693
2819,2023-12-01,2023,6,TSLA,"Tesla, Inc.",233.13999938964844,265.1300048828125,228.1999969482422,248.47999572753903,2295511900,0.0,1.924,Tech,"2017–2025
(AI & FAANG)",93.93973254460589
2820,2023-01-01,2023,7,META,"Meta Platforms, Inc. Class A",121.86367189781136,151.99720112302816,121.32787565487168,147.81005859375,548770600,0.0,1.858,Tech,"2017–2025
(AI & FAANG)",196.2454997393693
2821,2023-02-01,2023,7,META,"Meta Platforms, Inc. Class A",146.87736570746154,195.6248206415181,145.9149173847921,173.5778350830078,772170900,0.0,1.858,Tech,"2017–2025
(AI & FAANG)",230.4570427318879
2822,2023-03-01,2023,7,META,"Meta Platforms, Inc. Class A",173.2305909141632,210.5179845810368,170.095191904138,210.28977966308597,690053000,0.0,1.858,Tech,"2017–2025
(AI & FAANG)",279.1990159038416
2823,2023-04-01,2023,7,META,"Meta Platforms, Inc. Class A",207.21389491831863,239.80811935886464,205.51721805614088,238.44879150390625,446687900,0.0,1.858,Tech,"2017–2025
(AI & FAANG)",316.5853710913245
2824,2023-05-01,2023,7,META,"Meta Platforms, Inc. Class A",236.76202969268456,266.5582060741459,228.06032639141776,262.6588134765625,487130000,0.0,1.858,Tech,"2017–2025
(AI & FAANG)",348.72870359471835
2825,2023-06-01,2023,7,META,"Meta Platforms, Inc. Class A",263.82960275690795,287.5336013249098,256.86427385375674,284.7454833984375,481150500,0.0,1.858,Tech,"2017–2025
(AI & FAANG)",378.0528890908476
2826,2023-07-01,2023,7,META,"Meta Platforms, Inc. Class A",284.4676820048992,323.6601234446277,282.6320805903378,316.1192932128906,625139900,0.0,1.858,Tech,"2017–2025
(AI & FAANG)",419.70748989638184
2827,2023-08-01,2023,7,META,"Meta Platforms, Inc. Class A",315.06750799260635,321.61612366248494,272.24356633849874,293.5860900878906,424505900,0.0,1.858,Tech,"2017–2025
(AI & FAANG)",389.7904480518336
2828,2023-09-01,2023,7,META,"Meta Platforms, Inc. Class A",297.0389807326242,310.4338643391817,284.5569469616942,297.8724365234375,406770000,0.0,1.858,Tech,"2017–2025
(AI & FAANG)",395.48137467958026
2829,2023-10-01,2023,7,META,"Meta Platforms, Inc. Class A",300.3827496072745,327.9663071438581,277.22448673499395,298.9241943359375,511352700,0.0,1.858,Tech,"2017–2025
(AI & FAANG)",396.8777799004599
2830,2023-11-01,2023,7,META,"Meta Platforms, Inc. Class A",299.4996700967684,340.24988840306554,299.4996700967684,324.6026611328125,329280700,0.0,1.858,Tech,"2017–2025
(AI & FAANG)",430.9707475715154
2831,2023-12-01,2023,7,META,"Meta Platforms, Inc. Class A",322.94572248345474,359.0821280897872,311.217749409127,351.2039489746094,334625900,0.0,1.858,Tech,"2017–2025
(AI & FAANG)",466.2889327876667
2832,2023-01-01,2023,8,GOOG,"Alphabet, Inc. Class C",89.09850364358539,100.75282176083392,84.8731912967098,99.05674743652344,526178100,0.0,1.853,Tech,"2017–2025
(AI & FAANG)",250.6808517950519
2833,2023-02-01,2023,8,GOOG,"Alphabet, Inc. Class C",98.92779766524409,107.93385945772098,88.13639812707022,89.5646743774414,754400500,0.0,1.853,Tech,"2017–2025
(AI & FAANG)",226.6594598017771
2834,2023-03-01,2023,8,GOOG,"Alphabet, Inc. Class C",89.42581227768319,106.63452615905688,89.03898116571229,103.15310668945312,725477100,0.0,1.853,Tech,"2017–2025
(AI & FAANG)",261.04742301162645
2835,2023-04-01,2023,8,GOOG,"Alphabet, Inc. Class C",101.83393679846168,108.73725928337356,101.546297415682,107.3387451171875,461670700,0.0,1.853,Tech,"2017–2025
(AI & FAANG)",271.6399311801682
2836,2023-05-01,2023,8,GOOG,"Alphabet, Inc. Class C",106.84282515653564,126.01542061241057,103.64904476729728,122.36538696289062,620361600,0.0,1.853,Tech,"2017–2025
(AI & FAANG)",309.6675413630474
2837,2023-06-01,2023,8,GOOG,"Alphabet, Inc. Class C",122.49433651324628,128.4950742438389,115.95800267490914,119.98493957519533,521440000,0.0,1.853,Tech,"2017–2025
(AI & FAANG)",303.6433926377609
2838,2023-07-01,2023,8,GOOG,"Alphabet, Inc. Class C",119.34022615924306,132.9782665876445,114.88679063833337,132.0260772705078,525480300,0.0,1.853,Tech,"2017–2025
(AI & FAANG)",334.11564952239877
2839,2023-08-01,2023,8,GOOG,"Alphabet, Inc. Class C",129.7894312265983,137.272989767933,125.96582709076506,136.23155212402344,463504700,0.0,1.853,Tech,"2017–2025
(AI & FAANG)",344.75835732135545
2840,2023-09-01,2023,8,GOOG,"Alphabet, Inc. Class C",137.30274167124276,138.79052700248403,127.14613682940475,130.77633666992188,389639800,0.0,1.853,Tech,"2017–2025
(AI & FAANG)",330.9529569609607
2841,2023-10-01,2023,8,GOOG,"Alphabet, Inc. Class C",131.07884542422372,141.2205881269934,120.47093634201651,124.27967071533205,514900900,0.0,1.853,Tech,"2017–2025
(AI & FAANG)",314.5119794660343
2842,2023-11-01,2023,8,GOOG,"Alphabet, Inc. Class C",124.31934845025916,139.95102391600935,123.90773446868394,132.82948303222656,405647400,0.0,1.853,Tech,"2017–2025
(AI & FAANG)",336.14881178440186
2843,2023-12-01,2023,8,GOOG,"Alphabet, Inc. Class C",132.23436302164336,142.77284209394188,128.34627083610852,139.78237915039062,482145900,0.0,1.853,Tech,"2017–2025
(AI & FAANG)",353.7443614713203
2844,2023-01-01,2023,9,BRK.B,"Berkshire Hathaway, Inc. Class B",310.07000732421875,321.32000732421875,303.8599853515625,311.5199890136719,66930800,0.0,1.779,Non-Tech,"2017–2025
(AI & FAANG)",321.3865552799731
2845,2023-02-01,2023,9,BRK.B,"Berkshire Hathaway, Inc. Class B",309.6300048828125,314.1499938964844,300.010009765625,305.17999267578125,65638100,0.0,1.779,Non-Tech,"2017–2025
(AI & FAANG)",314.845756437582
2846,2023-03-01,2023,9,BRK.B,"Berkshire Hathaway, Inc. Class B",304.0199890136719,317.2900085449219,292.4200134277344,308.7699890136719,109232200,0.0,1.779,Non-Tech,"2017–2025
(AI & FAANG)",318.54945635152797
2847,2023-04-01,2023,9,BRK.B,"Berkshire Hathaway, Inc. Class B",309.25,328.8099975585937,307.07000732421875,328.54998779296875,55089500,0.0,1.779,Non-Tech,"2017–2025
(AI & FAANG)",338.95593393021494
2848,2023-05-01,2023,9,BRK.B,"Berkshire Hathaway, Inc. Class B",329.1600036621094,333.94000244140625,317.4100036621094,321.0799865722656,69497600,0.0,1.779,Non-Tech,"2017–2025
(AI & FAANG)",331.2493403088547
2849,2023-06-01,2023,9,BRK.B,"Berkshire Hathaway, Inc. Class B",321.4200134277344,342.5,319.5299987792969,341.0,78344200,0.0,1.779,Non-Tech,"2017–2025
(AI & FAANG)",351.8002671271957
2850,2023-07-01,2023,9,BRK.B,"Berkshire Hathaway, Inc. Class B",340.75,352.3299865722656,338.4100036621094,351.9599914550781,55699500,0.0,1.779,Non-Tech,"2017–2025
(AI & FAANG)",363.107387131912
2851,2023-08-01,2023,9,BRK.B,"Berkshire Hathaway, Inc. Class B",352.0299987792969,364.6300048828125,349.3900146484375,360.20001220703125,64454200,0.0,1.779,Non-Tech,"2017–2025
(AI & FAANG)",371.60838860308723
2852,2023-09-01,2023,9,BRK.B,"Berkshire Hathaway, Inc. Class B",362.0,373.3399963378906,348.54998779296875,350.29998779296875,70871000,0.0,1.779,Non-Tech,"2017–2025
(AI & FAANG)",361.39480727337184
2853,2023-10-01,2023,9,BRK.B,"Berkshire Hathaway, Inc. Class B",349.6400146484375,350.0,330.5799865722656,341.3299865722656,64919600,0.0,1.779,Non-Tech,"2017–2025
(AI & FAANG)",352.140705145587
2854,2023-11-01,2023,9,BRK.B,"Berkshire Hathaway, Inc. Class B",341.2099914550781,363.1900024414063,340.5799865722656,360.0,66584300,0.0,1.779,Non-Tech,"2017–2025
(AI & FAANG)",371.40204154190747
2855,2023-12-01,2023,9,BRK.B,"Berkshire Hathaway, Inc. Class B",359.94000244140625,364.0499877929688,350.8500061035156,356.6600036621094,70672800,0.0,1.779,Non-Tech,"2017–2025
(AI & FAANG)",367.95625971236564
2856,2023-01-01,2023,10,XOM,Exxon Mobil Corp.,98.36416366248474,105.532257286551,93.86618792123495,103.94631958007812,329848000,0.0,1.311,Non-Tech,"2017–2025
(AI & FAANG)",573.0253802623193
2857,2023-02-01,2023,10,XOM,Exxon Mobil Corp.,103.78503157999712,107.18987176543588,97.3427055966996,98.48064422607422,311238300,0.91,1.311,Non-Tech,"2017–2025
(AI & FAANG)",542.8947252206498
2858,2023-03-01,2023,10,XOM,Exxon Mobil Corp.,98.69671066283512,102.78687614457527,88.50289510497042,99.01273345947266,412537000,0.0,1.311,Non-Tech,"2017–2025
(AI & FAANG)",545.8279761191267
2859,2023-04-01,2023,10,XOM,Exxon Mobil Corp.,102.38056093471396,108.2765389003726,102.13677922630562,106.84994506835938,293296700,0.0,1.311,Non-Tech,"2017–2025
(AI & FAANG)",589.0322105789996
2860,2023-05-01,2023,10,XOM,Exxon Mobil Corp.,104.72811545947582,105.91092757351072,91.86169876162978,92.25897979736328,332367700,0.91,1.311,Non-Tech,"2017–2025
(AI & FAANG)",508.59652553903345
2861,2023-06-01,2023,10,XOM,Exxon Mobil Corp.,92.66792492988782,99.39830241069232,92.2216636497345,97.677001953125,322616800,0.0,1.311,Non-Tech,"2017–2025
(AI & FAANG)",538.4644825635557
2862,2023-07-01,2023,10,XOM,Exxon Mobil Corp.,97.89556248060865,98.77898249172408,91.27447749829136,97.66787719726562,350375000,0.0,1.311,Non-Tech,"2017–2025
(AI & FAANG)",538.4141804776594
2863,2023-08-01,2023,10,XOM,Exxon Mobil Corp.,97.40378667405516,102.06678498662173,95.23622471639612,101.2653350830078,315906900,0.91,1.311,Non-Tech,"2017–2025
(AI & FAANG)",558.2459040180681
2864,2023-09-01,2023,10,XOM,Exxon Mobil Corp.,103.02281824916945,110.8275774197236,103.02281824916945,107.96277618408205,320591300,0.0,1.311,Non-Tech,"2017–2025
(AI & FAANG)",595.1669200697331
2865,2023-10-01,2023,10,XOM,Exxon Mobil Corp.,107.9168651325022,108.15560090856935,95.98935843552395,97.19220733642578,493940300,0.0,1.311,Non-Tech,"2017–2025
(AI & FAANG)",535.7919529280146
2866,2023-11-01,2023,10,XOM,Exxon Mobil Corp.,97.81659139795374,100.25902540072386,92.87664021903782,94.33658599853516,433374000,0.95,1.311,Non-Tech,"2017–2025
(AI & FAANG)",520.049755324093
2867,2023-12-01,2023,10,XOM,Exxon Mobil Corp.,94.97684492573168,96.57060384486134,90.32529914332962,92.64180755615234,453936600,0.0,1.311,Non-Tech,"2017–2025
(AI & FAANG)",510.7069419822638
2868,2024-01-01,2024,1,AAPL,"Apple, Inc.",185.05529512398675,194.18199810436383,178.15342383651904,182.3360748291016,1187490800,0.0,7.279,Tech,"2017–2025
(AI & FAANG)",6757.992289183031
2869,2024-02-01,2024,1,AAPL,"Apple, Inc.",181.9306544278675,188.91163131653784,177.2437025521306,178.72691345214844,1161553500,0.24,7.279,Tech,"2017–2025
(AI & FAANG)",6624.224548604391
2870,2024-03-01,2024,1,AAPL,"Apple, Inc.",177.76690315851138,178.73716660953997,166.8167417465667,169.77703857421875,1433151800,0.0,7.279,Tech,"2017–2025
(AI & FAANG)",6292.511883017557
2871,2024-04-01,2024,1,AAPL,"Apple, Inc.",169.48991821476858,176.5887112863472,162.45052686732174,168.63845825195312,1246144100,0.0,7.279,Tech,"2017–2025
(AI & FAANG)",6250.312241253313
2872,2024-05-01,2024,1,AAPL,"Apple, Inc.",167.89589756450607,191.0833110040434,167.43056394052735,190.34075927734372,1336511300,0.25,7.279,Tech,"2017–2025
(AI & FAANG)",7054.67299720675
2873,2024-06-01,2024,1,AAPL,"Apple, Inc.",191.2433521590898,218.30890043678053,190.49979322359135,208.8111724853516,1717952100,0.0,7.279,Tech,"2017–2025
(AI & FAANG)",7739.249048077289
2874,2024-07-01,2024,1,AAPL,"Apple, Inc.",210.26854952792348,235.19264447850588,210.10001131761777,220.1727600097656,1153099800,0.0,7.279,Tech,"2017–2025
(AI & FAANG)",8160.347949953032
2875,2024-08-01,2024,1,AAPL,"Apple, Inc.",222.4430982057884,230.91967354960207,194.31674554150177,227.0333404541016,1122667000,0.25,7.279,Tech,"2017–2025
(AI & FAANG)",8414.62428986875
2876,2024-09-01,2024,1,AAPL,"Apple, Inc.",226.8494857593765,231.35569940434863,212.3283348514433,231.2663726806641,1232097700,0.0,7.279,Tech,"2017–2025
(AI & FAANG)",8571.514796444508
2877,2024-10-01,2024,1,AAPL,"Apple, Inc.",227.81226646840497,235.7229670960025,219.6832015336393,224.2291259765625,930736000,0.0,7.279,Tech,"2017–2025
(AI & FAANG)",8310.690606782797
2878,2024-11-01,2024,1,AAPL,"Apple, Inc.",219.32587392362996,236.04057226854056,218.07525440593915,235.56414794921875,891588300,0.25,7.279,Tech,"2017–2025
(AI & FAANG)",8730.804899364384
2879,2024-12-01,2024,1,AAPL,"Apple, Inc.",235.7636749249355,258.44873849517785,235.6543726630672,248.83018493652344,977916100,0.0,7.279,Tech,"2017–2025
(AI & FAANG)",9222.489146446318
2880,2024-01-01,2024,2,MSFT,Microsoft Corp.,367.52882443099423,408.28673844568766,360.29347732224863,390.8471374511719,528491200,0.0,6.571,Tech,"2017–2025
(AI & FAANG)",1310.4379024164798
2881,2024-02-01,2024,2,MSFT,Microsoft Corp.,395.02510342071776,413.6935332596461,390.49318693583024,406.6351318359375,444091200,0.75,6.571,Tech,"2017–2025
(AI & FAANG)",1363.372117004453
2882,2024-03-01,2024,2,MSFT,Microsoft Corp.,405.0529779511623,424.3074661151978,392.3677052302311,414.3601379394531,426445300,0.0,6.571,Tech,"2017–2025
(AI & FAANG)",1389.2726285457718
2883,2024-04-01,2024,2,MSFT,Microsoft Corp.,417.5412964564824,422.8793472311419,382.1642742993836,383.4446105957031,441083800,0.0,6.571,Tech,"2017–2025
(AI & FAANG)",1285.6186039349243
2884,2024-05-01,2024,2,MSFT,Microsoft Corp.,386.6750516901275,427.0454421142227,384.4098319251832,408.8546447753906,413780000,0.75,6.571,Tech,"2017–2025
(AI & FAANG)",1370.8137319021098
2885,2024-06-01,2024,2,MSFT,Microsoft Corp.,409.9867456839765,450.0846144280133,403.4649388559086,440.9876098632813,341717100,0.0,6.571,Tech,"2017–2025
(AI & FAANG)",1478.5495992869849
2886,2024-07-01,2024,2,MSFT,Microsoft Corp.,442.6747580067548,462.1020904962946,406.7109988096176,412.7691040039063,440449200,0.0,6.571,Tech,"2017–2025
(AI & FAANG)",1383.9381870892782
2887,2024-08-01,2024,2,MSFT,Microsoft Corp.,415.1765891432429,421.7575932023893,380.4362756153244,411.5752868652344,451919000,0.75,6.571,Tech,"2017–2025
(AI & FAANG)",1379.935539820906
2888,2024-09-01,2024,2,MSFT,Microsoft Corp.,413.0782173931756,436.7414306358047,396.1660238757694,425.324951171875,376898100,0.0,6.571,Tech,"2017–2025
(AI & FAANG)",1426.035612013902
2889,2024-10-01,2024,2,MSFT,Microsoft Corp.,423.49631283004703,433.4301035945403,401.602384947701,401.6518249511719,440745500,0.0,6.571,Tech,"2017–2025
(AI & FAANG)",1346.6640140265063
2890,2024-11-01,2024,2,MSFT,Microsoft Corp.,404.2811121872698,424.3661532054973,400.8808824135888,418.5640258789063,442306200,0.83,6.571,Tech,"2017–2025
(AI & FAANG)",1403.3674844766515
2891,2024-12-01,2024,2,MSFT,Microsoft Corp.,417.5299077008366,451.78841216608544,416.6286250231158,417.4605712890625,439902400,0.0,6.571,Tech,"2017–2025
(AI & FAANG)",1399.6678060613083
2892,2024-01-01,2024,3,NVDA,NVIDIA Corp.,49.21391988121714,63.45421674599917,47.291095327245216,61.48941802978516,9706237000,0.0,6.138,Tech,"2017–2025
(AI & FAANG)",474.7256624449411
2893,2024-02-01,2024,3,NVDA,NVIDIA Corp.,62.06205947047752,82.34365989388846,61.61233744069392,79.06366729736328,11061356000,0.0,6.138,Tech,"2017–2025
(AI & FAANG)",610.4066851777025
2894,2024-03-01,2024,3,NVDA,NVIDIA Corp.,79.95112107918659,97.34049143885628,79.38646384665024,90.30079650878906,12149218000,0.004,6.138,Tech,"2017–2025
(AI & FAANG)",697.1623218352078
2895,2024-04-01,2024,3,NVDA,NVIDIA Corp.,90.24808480244324,92.17299362424708,75.56336926041591,86.35327911376953,10072334000,0.0,6.138,Tech,"2017–2025
(AI & FAANG)",666.6857313842163
2896,2024-05-01,2024,3,NVDA,NVIDIA Corp.,85.02901754340031,115.753674916965,81.20916704188924,109.5711669921875,9645174000,0.0,6.138,Tech,"2017–2025
(AI & FAANG)",845.9381549201697
2897,2024-06-01,2024,3,NVDA,NVIDIA Corp.,113.55691746905012,140.68060279388553,111.93982621336248,123.47032165527344,7424176700,0.01,6.138,Tech,"2017–2025
(AI & FAANG)",953.2458123395648
2898,2024-07-01,2024,3,NVDA,NVIDIA Corp.,123.41049622844216,136.08437792294387,102.49058290385976,116.9636001586914,6405438600,0.0,6.138,Tech,"2017–2025
(AI & FAANG)",903.0110276923367
2899,2024-08-01,2024,3,NVDA,NVIDIA Corp.,117.47335234961666,131.1967305731519,90.64629219806964,119.31246948242188,8105367800,0.0,6.138,Tech,"2017–2025
(AI & FAANG)",921.1453438305122
2900,2024-09-01,2024,3,NVDA,NVIDIA Corp.,115.95410119695649,127.60847870783564,100.90135286975588,121.38148498535156,6271163200,0.01,6.138,Tech,"2017–2025
(AI & FAANG)",937.1190639714536
2901,2024-10-01,2024,3,NVDA,NVIDIA Corp.,121.72173963470344,144.36276504706353,115.09436982516924,132.70738220214844,5627917200,0.0,6.138,Tech,"2017–2025
(AI & FAANG)",1024.560029121307
2902,2024-11-01,2024,3,NVDA,NVIDIA Corp.,134.64660965279924,152.82940262830758,131.74776514632558,138.19520568847656,4497414600,0.0,6.138,Tech,"2017–2025
(AI & FAANG)",1066.9284678446345
2903,2024-12-01,2024,3,NVDA,NVIDIA Corp.,138.7749798500133,146.48191563270018,126.80972265561245,134.2367706298828,4085855200,0.01,6.138,Tech,"2017–2025
(AI & FAANG)",1036.367588173828
2904,2024-01-01,2024,4,AMZN,"Amazon.com, Inc.",151.5399932861328,161.72999572753906,144.0500030517578,155.1999969482422,954015000,0.0,3.576,Tech,"2017–2025
(AI & FAANG)",528.790442695287
2905,2024-02-01,2024,4,AMZN,"Amazon.com, Inc.",155.8699951171875,177.22000122070312,155.6199951171875,176.75999450683594,1045002200,0.0,3.576,Tech,"2017–2025
(AI & FAANG)",602.2486957732181
2906,2024-03-01,2024,4,AMZN,"Amazon.com, Inc.",176.75,181.6999969482422,171.47000122070312,180.3800048828125,702056800,0.0,3.576,Tech,"2017–2025
(AI & FAANG)",614.5826321579755
2907,2024-04-01,2024,4,AMZN,"Amazon.com, Inc.",180.7899932861328,189.7700042724609,166.32000732421875,175.0,917138300,0.0,3.576,Tech,"2017–2025
(AI & FAANG)",596.2521217222442
2908,2024-05-01,2024,4,AMZN,"Amazon.com, Inc.",181.63999938964844,191.6999969482422,173.8699951171875,176.44000244140625,892274700,0.0,3.576,Tech,"2017–2025
(AI & FAANG)",601.1584332135224
2909,2024-06-01,2024,4,AMZN,"Amazon.com, Inc.",177.6999969482422,199.83999633789065,175.9199981689453,193.25,810555700,0.0,3.576,Tech,"2017–2025
(AI & FAANG)",658.432700130421
2910,2024-07-01,2024,4,AMZN,"Amazon.com, Inc.",193.4900054931641,201.1999969482422,176.8000030517578,186.97999572753903,868061100,0.0,3.576,Tech,"2017–2025
(AI & FAANG)",637.0698238409217
2911,2024-08-01,2024,4,AMZN,"Amazon.com, Inc.",189.2899932861328,190.6000061035156,151.61000061035156,178.5,971023900,0.0,3.576,Tech,"2017–2025
(AI & FAANG)",608.1771641566891
2912,2024-09-01,2024,4,AMZN,"Amazon.com, Inc.",177.5500030517578,195.3699951171875,171.16000366210938,186.3300018310547,764950500,0.0,3.576,Tech,"2017–2025
(AI & FAANG)",634.85519389872
2913,2024-10-01,2024,4,AMZN,"Amazon.com, Inc.",184.8999938964844,195.6100006103516,180.25,186.3999938964844,733878800,0.0,3.576,Tech,"2017–2025
(AI & FAANG)",635.0936677130983
2914,2024-11-01,2024,4,AMZN,"Amazon.com, Inc.",199.0,215.8999938964844,194.30999755859372,207.88999938964844,905835300,0.0,3.576,Tech,"2017–2025
(AI & FAANG)",708.313446976651
2915,2024-12-01,2024,4,AMZN,"Amazon.com, Inc.",209.9600067138672,233.0,209.50999450683597,219.38999938964844,760891000,0.0,3.576,Tech,"2017–2025
(AI & FAANG)",747.4957292612556
2916,2024-01-01,2024,5,META,"Meta Platforms, Inc. Class A",348.5844941254045,403.1959096364743,337.36256057385583,387.1022338867188,347235200,0.0,2.57,Tech,"2017–2025
(AI & FAANG)",513.9506205603896
2917,2024-02-01,2024,5,META,"Meta Platforms, Inc. Class A",390.8726059336021,490.5106730622094,389.9895213450914,486.3136291503906,466206300,0.5,2.57,Tech,"2017–2025
(AI & FAANG)",645.6723046500448
2918,2024-03-01,2024,5,META,"Meta Platforms, Inc. Class A",488.7963313500314,520.0445152563996,472.794823613258,482.310302734375,279596300,0.0,2.57,Tech,"2017–2025
(AI & FAANG)",640.3571400353679
2919,2024-04-01,2024,5,META,"Meta Platforms, Inc. Class A",483.9193521897641,527.9110946743341,411.7088802481816,427.27337646484375,437279500,0.0,2.57,Tech,"2017–2025
(AI & FAANG)",567.2853260963152
2920,2024-05-01,2024,5,META,"Meta Platforms, Inc. Class A",425.71396973588793,479.25102070100286,424.2339822410916,463.6865234375,282471200,0.0,2.57,Tech,"2017–2025
(AI & FAANG)",615.6305895561742
2921,2024-06-01,2024,5,META,"Meta Platforms, Inc. Class A",467.6894148467816,519.359153732585,465.08706166031584,500.8247985839844,226116800,0.5,2.57,Tech,"2017–2025
(AI & FAANG)",664.9385962975246
2922,2024-07-01,2024,5,META,"Meta Platforms, Inc. Class A",502.04783371273527,539.6902204255704,440.1058820800064,472.1009216308594,324005400,0.0,2.57,Tech,"2017–2025
(AI & FAANG)",626.8022770189358
2923,2024-08-01,2024,5,META,"Meta Platforms, Inc. Class A",518.0055048838311,541.1019689167608,448.20897366280553,518.313720703125,323379200,0.0,2.57,Tech,"2017–2025
(AI & FAANG)",688.1584116052684
2924,2024-09-01,2024,5,META,"Meta Platforms, Inc. Class A",516.6533825897949,574.0814165798627,492.7515440436921,569.14990234375,246415200,0.5,2.57,Tech,"2017–2025
(AI & FAANG)",755.6529513261778
2925,2024-10-01,2024,5,META,"Meta Platforms, Inc. Class A",575.2062551372275,600.0564557188911,558.8252855353292,564.856201171875,265878300,0.0,2.57,Tech,"2017–2025
(AI & FAANG)",749.9522599102977
2926,2024-11-01,2024,5,META,"Meta Platforms, Inc. Class A",564.8860222293579,596.7822019726655,546.4150941906855,571.5638427734375,237791800,0.0,2.57,Tech,"2017–2025
(AI & FAANG)",758.8579087591972
2927,2024-12-01,2024,5,META,"Meta Platforms, Inc. Class A",574.7286249259355,635.3363951241174,572.8078941265089,582.7001953125,263222700,0.5,2.57,Tech,"2017–2025
(AI & FAANG)",773.6434997405848
2928,2024-01-01,2024,6,GOOG,"Alphabet, Inc. Class A",138.4632423482103,153.93620236628894,135.7356356160499,140.64532470703125,428791100,0.0,1.997,Tech,"2017–2025
(AI & FAANG)",355.9281998547686
2929,2024-02-01,2024,6,GOOG,"Alphabet, Inc. Class A",142.51991820235358,149.46788052361967,135.52732413741444,138.64175415039062,475207200,0.0,1.997,Tech,"2017–2025
(AI & FAANG)",350.85780549226433
2930,2024-03-01,2024,6,GOOG,"Alphabet, Inc. Class A",138.4731565862688,151.9524896045083,130.47879157561968,151.0201416015625,507105700,0.0,1.997,Tech,"2017–2025
(AI & FAANG)",382.1835333241558
2931,2024-04-01,2024,6,GOOG,"Alphabet, Inc. Class A",150.59364624409594,174.98340561308052,149.85073725813518,163.29933166503906,488316800,0.0,1.997,Tech,"2017–2025
(AI & FAANG)",413.2582243888726
2932,2024-05-01,2024,6,GOOG,"Alphabet, Inc. Class A",164.8267807736062,178.48465522000046,163.55720508769755,172.54344177246094,391972900,0.0,1.997,Tech,"2017–2025
(AI & FAANG)",436.6521016944113
2933,2024-06-01,2024,6,GOOG,"Alphabet, Inc. Class A",172.46408339212363,185.9731695879403,171.04572014877456,181.9263916015625,350435200,0.2,1.997,Tech,"2017–2025
(AI & FAANG)",460.3973377977538
2934,2024-07-01,2024,6,GOOG,"Alphabet, Inc. Class A",183.1859680415889,191.9540321715324,164.70155192524757,171.93544006347656,354565500,0.0,1.997,Tech,"2017–2025
(AI & FAANG)",435.1134444070951
2935,2024-08-01,2024,6,GOOG,"Alphabet, Inc. Class A",170.77364907904175,174.44769254996768,155.50154176341337,163.95184326171875,389619100,0.0,1.997,Tech,"2017–2025
(AI & FAANG)",414.90952192381974
2936,2024-09-01,2024,6,GOOG,"Alphabet, Inc. Class A",162.1694535623886,166.18607869120416,147.16047003499742,166.01727294921875,389077200,0.2,1.997,Tech,"2017–2025
(AI & FAANG)",420.1364619030178
2937,2024-10-01,2024,6,GOOG,"Alphabet, Inc. Class A",167.89624900181911,182.7410302337732,160.20041881788828,171.7043914794922,381759000,0.0,1.997,Tech,"2017–2025
(AI & FAANG)",434.52873455806275
2938,2024-11-01,2024,6,GOOG,"Alphabet, Inc. Class A",170.56097832315209,182.9747243987668,164.36653849671646,169.51698303222656,360591400,0.0,1.997,Tech,"2017–2025
(AI & FAANG)",428.9931054669135
2939,2024-12-01,2024,6,GOOG,"Alphabet, Inc. Class A",169.3479530763796,201.7221234709561,169.29823540318435,189.3531188964844,447499100,0.2,1.997,Tech,"2017–2025
(AI & FAANG)",479.1920021948824
2940,2024-01-01,2024,7,BRK.B,"Berkshire Hathaway, Inc. Class B",356.32000732421875,387.9200134277344,355.94000244140625,383.739990234375,73388600,0.0,1.732,Non-Tech,"2017–2025
(AI & FAANG)",395.89393276199587
2941,2024-02-01,2024,7,BRK.B,"Berkshire Hathaway, Inc. Class B",384.0,430.0,381.4800109863281,409.3999938964844,72732800,0.0,1.732,Non-Tech,"2017–2025
(AI & FAANG)",422.3666487233299
2942,2024-03-01,2024,7,BRK.B,"Berkshire Hathaway, Inc. Class B",409.4800109863281,421.4400024414063,398.7799987792969,420.5199890136719,72469000,0.0,1.732,Non-Tech,"2017–2025
(AI & FAANG)",433.8388400801618
2943,2024-04-01,2024,7,BRK.B,"Berkshire Hathaway, Inc. Class B",421.489990234375,424.5199890136719,395.6600036621094,396.7300109863281,63839500,0.0,1.732,Non-Tech,"2017–2025
(AI & FAANG)",409.295377836849
2944,2024-05-01,2024,7,BRK.B,"Berkshire Hathaway, Inc. Class B",396.6099853515625,417.3299865722656,396.3500061035156,414.3999938964844,67996000,0.0,1.732,Non-Tech,"2017–2025
(AI & FAANG)",427.5250104114119
2945,2024-06-01,2024,7,BRK.B,"Berkshire Hathaway, Inc. Class B",414.8900146484375,417.0,403.3299865722656,406.7999877929688,78681900,0.0,1.732,Non-Tech,"2017–2025
(AI & FAANG)",419.68429434869904
2946,2024-07-01,2024,7,BRK.B,"Berkshire Hathaway, Inc. Class B",408.0899963378906,449.25,403.8200073242188,438.5,79757100,0.0,1.732,Non-Tech,"2017–2025
(AI & FAANG)",452.38832004479565
2947,2024-08-01,2024,7,BRK.B,"Berkshire Hathaway, Inc. Class B",439.6700134277344,476.9500122070313,406.1099853515625,475.9200134277344,86487700,0.0,1.732,Non-Tech,"2017–2025
(AI & FAANG)",490.9935127714238
2948,2024-09-01,2024,7,BRK.B,"Berkshire Hathaway, Inc. Class B",475.0,484.8200073242188,445.25,460.260009765625,86527300,0.0,1.732,Non-Tech,"2017–2025
(AI & FAANG)",474.83752018625387
2949,2024-10-01,2024,7,BRK.B,"Berkshire Hathaway, Inc. Class B",459.1099853515625,467.8399963378906,450.5700073242188,450.9200134277344,74179800,0.0,1.732,Non-Tech,"2017–2025
(AI & FAANG)",465.20170433101356
2950,2024-11-01,2024,7,BRK.B,"Berkshire Hathaway, Inc. Class B",451.489990234375,491.6700134277344,437.8999938964844,483.0199890136719,82463700,0.0,1.732,Non-Tech,"2017–2025
(AI & FAANG)",498.31836118118736
2951,2024-12-01,2024,7,BRK.B,"Berkshire Hathaway, Inc. Class B",484.7999877929688,485.0899963378906,446.0899963378906,453.2799987792969,86543600,0.0,1.732,Non-Tech,"2017–2025
(AI & FAANG)",467.6364359354005
2952,2024-01-01,2024,8,GOOG,"Alphabet, Inc. Class C",138.4632423482103,153.93620236628894,135.7356356160499,140.64532470703125,428791100,0.0,1.65,Tech,"2017–2025
(AI & FAANG)",355.9281998547686
2953,2024-02-01,2024,8,GOOG,"Alphabet, Inc. Class C",142.51991820235358,149.46788052361967,135.52732413741444,138.64175415039062,475207200,0.0,1.65,Tech,"2017–2025
(AI & FAANG)",350.85780549226433
2954,2024-03-01,2024,8,GOOG,"Alphabet, Inc. Class C",138.4731565862688,151.9524896045083,130.47879157561968,151.0201416015625,507105700,0.0,1.65,Tech,"2017–2025
(AI & FAANG)",382.1835333241558
2955,2024-04-01,2024,8,GOOG,"Alphabet, Inc. Class C",150.59364624409594,174.98340561308052,149.85073725813518,163.29933166503906,488316800,0.0,1.65,Tech,"2017–2025
(AI & FAANG)",413.2582243888726
2956,2024-05-01,2024,8,GOOG,"Alphabet, Inc. Class C",164.8267807736062,178.48465522000046,163.55720508769755,172.54344177246094,391972900,0.0,1.65,Tech,"2017–2025
(AI & FAANG)",436.6521016944113
2957,2024-06-01,2024,8,GOOG,"Alphabet, Inc. Class C",172.46408339212363,185.9731695879403,171.04572014877456,181.9263916015625,350435200,0.2,1.65,Tech,"2017–2025
(AI & FAANG)",460.3973377977538
2958,2024-07-01,2024,8,GOOG,"Alphabet, Inc. Class C",183.1859680415889,191.9540321715324,164.70155192524757,171.93544006347656,354565500,0.0,1.65,Tech,"2017–2025
(AI & FAANG)",435.1134444070951
2959,2024-08-01,2024,8,GOOG,"Alphabet, Inc. Class C",170.77364907904175,174.44769254996768,155.50154176341337,163.95184326171875,389619100,0.0,1.65,Tech,"2017–2025
(AI & FAANG)",414.90952192381974
2960,2024-09-01,2024,8,GOOG,"Alphabet, Inc. Class C",162.1694535623886,166.18607869120416,147.16047003499742,166.01727294921875,389077200,0.2,1.65,Tech,"2017–2025
(AI & FAANG)",420.1364619030178
2961,2024-10-01,2024,8,GOOG,"Alphabet, Inc. Class C",167.89624900181911,182.7410302337732,160.20041881788828,171.7043914794922,381759000,0.0,1.65,Tech,"2017–2025
(AI & FAANG)",434.52873455806275
2962,2024-11-01,2024,8,GOOG,"Alphabet, Inc. Class C",170.56097832315209,182.9747243987668,164.36653849671646,169.51698303222656,360591400,0.0,1.65,Tech,"2017–2025
(AI & FAANG)",428.9931054669135
2963,2024-12-01,2024,8,GOOG,"Alphabet, Inc. Class C",169.3479530763796,201.7221234709561,169.29823540318435,189.3531188964844,447499100,0.2,1.65,Tech,"2017–2025
(AI & FAANG)",479.1920021948824
2964,2024-01-01,2024,9,AVGO,"Broadcom, Inc.",106.57194297719782,125.3497727607728,101.63328884919252,115.1475067138672,582842000,0.0,1.65,Tech,"2017–2025
(AI & FAANG)",100.0
2965,2024-02-01,2024,9,AVGO,"Broadcom, Inc.",115.86472671581846,128.7719849992357,115.06064835326004,126.90522003173828,479771000,0.0,1.65,Tech,"2017–2025
(AI & FAANG)",110.2110012221872
2966,2024-03-01,2024,9,AVGO,"Broadcom, Inc.",129.38773522853216,140.34040835944333,117.49143529269286,129.3369903564453,826483000,0.525,1.65,Tech,"2017–2025
(AI & FAANG)",112.3228752819094
2967,2024-04-01,2024,9,AVGO,"Broadcom, Inc.",129.9142761075006,137.58753867656566,117.35874738702132,127.42414093017578,524162000,0.0,1.65,Tech,"2017–2025
(AI & FAANG)",110.66165874248158
2968,2024-05-01,2024,9,AVGO,"Broadcom, Inc.",125.2740453831519,141.64659870824596,119.88218522903954,130.1955108642578,529539000,0.0,1.65,Tech,"2017–2025
(AI & FAANG)",113.06845851884901
2969,2024-06-01,2024,9,AVGO,"Broadcom, Inc.",132.5621875311491,181.45545451468436,127.64561883675108,157.3390655517578,1002833000,0.525,1.65,Tech,"2017–2025
(AI & FAANG)",136.64131342655418
2970,2024-07-01,2024,9,AVGO,"Broadcom, Inc.",158.10117905037822,174.10398253299584,140.9265262384531,157.96353149414062,747793200,0.0,1.65,Tech,"2017–2025
(AI & FAANG)",137.18363167573224
2971,2024-08-01,2024,9,AVGO,"Broadcom, Inc.",154.83728566753496,169.50504451606884,126.32756322716344,160.06735229492188,529951400,0.0,1.65,Tech,"2017–2025
(AI & FAANG)",139.0106975504707
2972,2024-09-01,2024,9,AVGO,"Broadcom, Inc.",157.66858723487542,177.20265609077785,132.61934660242304,169.58367919921875,693183600,0.53,1.65,Tech,"2017–2025
(AI & FAANG)",147.27516386492093
2973,2024-10-01,2024,9,AVGO,"Broadcom, Inc.",169.8060976973858,183.8711184274295,163.53305598023766,167.4487762451172,440173000,0.0,1.65,Tech,"2017–2025
(AI & FAANG)",145.4211046542368
2974,2024-11-01,2024,9,AVGO,"Broadcom, Inc.",165.9594331266709,182.51987762492612,155.38600281770442,159.8639373779297,362661900,0.0,1.65,Tech,"2017–2025
(AI & FAANG)",138.83404160472134
2975,2024-12-01,2024,9,AVGO,"Broadcom, Inc.",160.722021641232,248.43611140801383,160.5247592021675,228.67010498046875,950991400,0.59,1.65,Tech,"2017–2025
(AI & FAANG)",198.58884617336662
2976,2024-01-01,2024,10,TSLA,"Tesla, Inc.",250.0800018310547,251.25,180.05999755859375,187.2899932861328,2344213400,0.0,1.492,Tech,"2017–2025
(AI & FAANG)",70.8063915812053
2977,2024-02-01,2024,10,TSLA,"Tesla, Inc.",188.5,205.6000061035156,175.00999450683594,201.8800048828125,2019844700,0.0,1.492,Tech,"2017–2025
(AI & FAANG)",76.32225527559157
2978,2024-03-01,2024,10,TSLA,"Tesla, Inc.",200.5200042724609,204.5200042724609,160.50999450683594,175.7899932861328,1899578200,0.0,1.492,Tech,"2017–2025
(AI & FAANG)",66.45873002760669
2979,2024-04-01,2024,10,TSLA,"Tesla, Inc.",176.1699981689453,198.8699951171875,138.8000030517578,183.27999877929688,2481452200,0.0,1.492,Tech,"2017–2025
(AI & FAANG)",69.2903829770738
2980,2024-05-01,2024,10,TSLA,"Tesla, Inc.",182.0,187.55999755859372,167.75,178.0800018310547,1668119300,0.0,1.492,Tech,"2017–2025
(AI & FAANG)",67.32448499353444
2981,2024-06-01,2024,10,TSLA,"Tesla, Inc.",178.1300048828125,203.1999969482422,167.41000366210938,197.8800048828125,1405077400,0.0,1.492,Tech,"2017–2025
(AI & FAANG)",74.81002516999206
2982,2024-07-01,2024,10,TSLA,"Tesla, Inc.",201.0200042724609,271.0,200.8500061035156,232.07000732421875,2946114300,0.0,1.492,Tech,"2017–2025
(AI & FAANG)",87.73581292059592
2983,2024-08-01,2024,10,TSLA,"Tesla, Inc.",227.69000244140625,231.8699951171875,182.0,214.1100006103516,1618373100,0.0,1.492,Tech,"2017–2025
(AI & FAANG)",80.94589720822609
2984,2024-09-01,2024,10,TSLA,"Tesla, Inc.",215.25999450683597,264.8599853515625,209.63999938964844,261.6300048828125,1611148200,0.0,1.492,Tech,"2017–2025
(AI & FAANG)",98.91119247798433
2985,2024-10-01,2024,10,TSLA,"Tesla, Inc.",262.6700134277344,273.5400085449219,212.1100006103516,249.8500061035156,1910807800,0.0,1.492,Tech,"2017–2025
(AI & FAANG)",94.45767527848975
2986,2024-11-01,2024,10,TSLA,"Tesla, Inc.",252.0399932861328,361.9299926757813,238.8800048828125,345.1600036621094,2091452000,0.0,1.492,Tech,"2017–2025
(AI & FAANG)",130.49033719667023
2987,2024-12-01,2024,10,TSLA,"Tesla, Inc.",352.3800048828125,488.5400085449219,348.20001220703125,403.8399963378906,1903365900,0.0,1.492,Tech,"2017–2025
(AI & FAANG)",152.67475007683908
2988,2025-01-01,2025,1,NVDA,NVIDIA Corp.,135.9554525199337,153.07984638398844,116.21192173119331,120.03067016601562,5948400800,0.0,7.984,Tech,"2017–2025
(AI & FAANG)",926.6901726191388
2989,2025-02-01,2025,1,NVDA,NVIDIA Corp.,114.71241465026996,143.39301993459108,112.97298670744368,124.87908172607422,4755230400,0.0,7.984,Tech,"2017–2025
(AI & FAANG)",964.1220668117235
2990,2025-03-01,2025,1,NVDA,NVIDIA Corp.,123.46954677160798,123.65947935133678,103.61605125033584,108.34449768066406,6177950300,0.01,7.984,Tech,"2017–2025
(AI & FAANG)",836.4677221177034
2991,2025-04-01,2025,1,NVDA,NVIDIA Corp.,108.49442561392696,115.07287697111724,86.5995921063055,108.8943328857422,6811006400,0.0,7.984,Tech,"2017–2025
(AI & FAANG)",840.7126945101861
2992,2025-05-01,2025,1,NVDA,NVIDIA Corp.,113.05336586897982,143.45620646342803,110.79389607560589,135.09817504882812,4756803800,0.0,7.984,Tech,"2017–2025
(AI & FAANG)",1043.01801350748
2993,2025-06-01,2025,1,NVDA,NVIDIA Corp.,135.4580894153036,158.672620923579,135.36809902179027,157.95278930664062,3821296800,0.01,7.984,Tech,"2017–2025
(AI & FAANG)",1219.4658030801202
2994,2025-07-01,2025,1,NVDA,NVIDIA Corp.,156.26402291419518,183.26954448460756,151.46483272487117,177.84043884277344,3596804400,0.0,7.984,Tech,"2017–2025
(AI & FAANG)",1373.0073050657172
2995,2025-08-01,2025,1,NVDA,NVIDIA Corp.,174.06106537098785,184.44933810927904,168.7719511969459,174.1510467529297,3608891200,0.0,7.984,Tech,"2017–2025
(AI & FAANG)",1344.5235568048083
2996,2025-09-01,2025,1,NVDA,NVIDIA Corp.,169.9717494048557,187.31887228485263,164.04274217508794,186.5489959716797,3890495300,0.01,7.984,Tech,"2017–2025
(AI & FAANG)",1440.2412403414921
2997,2025-10-01,2025,1,NVDA,NVIDIA Corp.,185.21966737275508,212.16670539060047,176.74058743522525,202.4677734375,4031017400,0.0,7.984,Tech,"2017–2025
(AI & FAANG)",1563.1412842826228
2998,2025-11-01,2025,1,NVDA,NVIDIA Corp.,208.0571486545427,211.3167851201001,169.53138157870296,176.98056030273438,4160148300,0.0,7.984,Tech,"2017–2025
(AI & FAANG)",1366.3686601960505
2999,2025-12-01,2025,1,NVDA,NVIDIA Corp.,174.7408205372801,192.6688612628948,170.29131182495397,186.4795379638672,3629693700,0.01,7.984,Tech,"2017–2025
(AI & FAANG)",1439.7049936208787
3000,2025-01-01,2025,2,MSFT,Microsoft Corp.,421.45200006357817,444.0830267865293,406.7839317489789,411.0823364257813,462501200,0.0,6.752,Tech,"2017–2025
(AI & FAANG)",1378.2827684993995
3001,2025-02-01,2025,2,MSFT,Microsoft Corp.,407.6555200723941,415.2916243721184,382.8653912617072,393.1855163574219,432448900,0.83,6.752,Tech,"2017–2025
(AI & FAANG)",1318.2780528367805
3002,2025-03-01,2025,2,MSFT,Microsoft Corp.,395.789978026525,399.094665073467,364.449889664545,372.5379943847656,491786600,0.0,6.752,Tech,"2017–2025
(AI & FAANG)",1249.0507442772391
3003,2025-04-01,2025,2,MSFT,Microsoft Corp.,371.8036168416161,393.6464071015826,342.17049063471666,392.2570495605469,563144100,0.0,6.752,Tech,"2017–2025
(AI & FAANG)",1315.1650760098435
3004,2025-05-01,2025,2,MSFT,Microsoft Corp.,427.83465195574985,459.0060199159438,421.67184055469886,456.8624267578125,476942400,0.83,6.752,Tech,"2017–2025
(AI & FAANG)",1531.7749136341163
3005,2025-06-01,2025,2,MSFT,Microsoft Corp.,454.49976410017456,497.86782827206525,454.2512079961712,494.53717041015625,401255100,0.0,6.752,Tech,"2017–2025
(AI & FAANG)",1658.0913358748287
3006,2025-07-01,2025,2,MSFT,Microsoft Corp.,493.60263077864784,552.2420017670738,485.87751746094574,530.4187622070312,396881900,0.0,6.752,Tech,"2017–2025
(AI & FAANG)",1778.3956527908902
3007,2025-08-01,2025,2,MSFT,Microsoft Corp.,531.9100715897364,535.14130099659,495.6308317432407,503.7635803222656,454888500,0.83,6.752,Tech,"2017–2025
(AI & FAANG)",1689.025775694206
3008,2025-09-01,2025,2,MSFT,Microsoft Corp.,498.3974907281952,517.1494999099087,490.3310277893008,515.8051147460938,424025500,0.0,6.752,Tech,"2017–2025
(AI & FAANG)",1729.3988054549998
3009,2025-10-01,2025,2,MSFT,Microsoft Corp.,512.6681046624125,551.4269126367195,503.9045592664325,515.6656494140625,468447000,0.0,6.752,Tech,"2017–2025
(AI & FAANG)",1728.9312040844009
3010,2025-11-01,2025,2,MSFT,Microsoft Corp.,517.6573987123703,522.7860962249423,462.9648463872399,489.9725341796875,479480700,0.91,6.752,Tech,"2017–2025
(AI & FAANG)",1642.7869578866516
3011,2025-12-01,2025,2,MSFT,Microsoft Corp.,487.32770777292063,492.3761825072599,469.8076985272525,482.5186767578125,496558500,0.0,6.752,Tech,"2017–2025
(AI & FAANG)",1617.7955575439698
3012,2025-01-01,2025,3,AAPL,"Apple, Inc.",247.34966141970085,247.5185955177373,217.98727162898183,234.5017547607422,1200176400,0.0,6.627,Tech,"2017–2025
(AI & FAANG)",8691.429010733818
3013,2025-02-01,2025,3,AAPL,"Apple, Inc.",228.5298966933576,248.41285624925783,224.2671235894465,240.30465698242188,862272300,0.25,6.627,Tech,"2017–2025
(AI & FAANG)",8906.504214616267
3014,2025-03-01,2025,3,AAPL,"Apple, Inc.",240.51914978304688,242.747381850896,207.32454671131308,220.9624938964844,1115239500,0.0,6.627,Tech,"2017–2025
(AI & FAANG)",8189.6181616868025
3015,2025-04-01,2025,3,AAPL,"Apple, Inc.",218.6546944952537,224.00642251991172,168.32065299349233,211.38311767578125,1607318600,0.0,6.627,Tech,"2017–2025
(AI & FAANG)",7834.574044962387
3016,2025-05-01,2025,3,AAPL,"Apple, Inc.",207.9810810572773,213.43227402466488,192.23428143451,199.7943420410156,1195728200,0.26,6.627,Tech,"2017–2025
(AI & FAANG)",7405.05478250035
3017,2025-06-01,2025,3,AAPL,"Apple, Inc.",199.4885767537668,206.57048164253425,194.29917298600392,204.3592529296875,1100409300,0.0,6.627,Tech,"2017–2025
(AI & FAANG)",7574.245835973267
3018,2025-07-01,2025,3,AAPL,"Apple, Inc.",205.8533488354468,215.3755703950874,205.32544432795376,206.7498016357422,1079935600,0.0,6.627,Tech,"2017–2025
(AI & FAANG)",7662.847664972691
3019,2025-08-01,2025,3,AAPL,"Apple, Inc.",210.03673196286044,234.1909068954714,200.70376284210755,231.22268676757807,1218079100,0.26,6.627,Tech,"2017–2025
(AI & FAANG)",8569.895648593167
3020,2025-09-01,2025,3,AAPL,"Apple, Inc.",228.603261649246,256.8732894051444,225.3125682530222,253.9116668701172,1265536400,0.0,6.627,Tech,"2017–2025
(AI & FAANG)",9410.826071857462
3021,2025-10-01,2025,3,AAPL,"Apple, Inc.",254.32048528857973,276.53764389728985,243.3116375626391,269.60723876953125,1097142200,0.0,6.627,Tech,"2017–2025
(AI & FAANG)",9992.557108735244
3022,2025-11-01,2025,3,AAPL,"Apple, Inc.",269.6571137067166,279.5890063735205,264.5714955665186,278.0633239746094,877578200,0.26,6.627,Tech,"2017–2025
(AI & FAANG)",10305.968257166262
3023,2025-12-01,2025,3,AAPL,"Apple, Inc.",277.4944544703514,288.08476414859774,266.4549671096165,271.3558349609375,924528800,0.0,6.627,Tech,"2017–2025
(AI & FAANG)",10057.36600401005
3024,2025-01-01,2025,4,AMZN,"Amazon.com, Inc. ",222.02999877929688,241.7700042724609,216.1999969482422,237.67999267578125,652577000,0.0,3.737,Tech,"2017–2025
(AI & FAANG)",809.8125709934973
3025,2025-02-01,2025,4,AMZN,"Amazon.com, Inc. ",234.05999755859372,242.5200042724609,204.16000366210935,212.27999877929688,783613700,0.0,3.737,Tech,"2017–2025
(AI & FAANG)",723.2708552648638
3026,2025-03-01,2025,4,AMZN,"Amazon.com, Inc. ",213.3500061035156,214.00999450683597,184.3999938964844,190.25999450683597,966721800,0.0,3.737,Tech,"2017–2025
(AI & FAANG)",648.2452880203626
3027,2025-04-01,2025,4,AMZN,"Amazon.com, Inc. ",187.8600006103516,198.33999633789065,161.3800048828125,184.4199981689453,1313093300,0.0,3.737,Tech,"2017–2025
(AI & FAANG)",628.3475154071201
3028,2025-05-01,2025,4,AMZN,"Amazon.com, Inc. ",190.6300048828125,214.83999633789065,183.8500061035156,205.00999450683597,937262700,0.0,3.737,Tech,"2017–2025
(AI & FAANG)",698.5008239940947
3029,2025-06-01,2025,4,AMZN,"Amazon.com, Inc. ",204.97999572753903,223.82000732421875,202.67999267578125,219.38999938964844,870687900,0.0,3.737,Tech,"2017–2025
(AI & FAANG)",747.4957292612556
3030,2025-07-01,2025,4,AMZN,"Amazon.com, Inc. ",219.5,236.52999877929688,217.92999267578125,234.1100006103516,856016400,0.0,3.737,Tech,"2017–2025
(AI & FAANG)",797.6490547446743
3031,2025-08-01,2025,4,AMZN,"Amazon.com, Inc. ",217.2100067138672,234.0800018310547,211.4199981689453,229.0,877658700,0.0,3.737,Tech,"2017–2025
(AI & FAANG)",780.2384907108224
3032,2025-09-01,2025,4,AMZN,"Amazon.com, Inc. ",223.5200042724609,238.8500061035156,216.47000122070312,219.57000732421875,965100000,0.0,3.737,Tech,"2017–2025
(AI & FAANG)",748.109044192195
3033,2025-10-01,2025,4,AMZN,"Amazon.com, Inc. ",217.3600006103516,250.5,211.02999877929688,244.22000122070312,1196876800,0.0,3.737,Tech,"2017–2025
(AI & FAANG)",832.095393684876
3034,2025-11-01,2025,4,AMZN,"Amazon.com, Inc. ",255.3600006103516,258.6000061035156,215.17999267578125,233.22000122070312,902272800,0.0,3.737,Tech,"2017–2025
(AI & FAANG)",794.6166888909064
3035,2025-12-01,2025,4,AMZN,"Amazon.com, Inc. ",233.22000122070312,238.97000122070312,220.9900054931641,230.82000732421875,787960400,0.0,3.737,Tech,"2017–2025
(AI & FAANG)",786.4395377314821
3036,2025-01-01,2025,5,META,"Meta Platforms, Inc. Class A",587.3633417944491,707.9495312162595,585.4709710168563,686.4259033203125,317914400,0.0,2.793,Tech,"2017–2025
(AI & FAANG)",911.3587783723314
3037,2025-02-01,2025,5,META,"Meta Platforms, Inc. Class A",673.2088741988836,737.9491185532459,639.2949583530398,665.5297241210938,298418700,0.0,2.793,Tech,"2017–2025
(AI & FAANG)",883.615191984446
3038,2025-03-01,2025,5,META,"Meta Platforms, Inc. Class A",670.9878643850798,678.5276208021914,551.0889164140106,574.0567626953125,363413500,0.525,2.793,Tech,"2017–2025
(AI & FAANG)",762.1677262407206
3039,2025-04-01,2025,5,META,"Meta Platforms, Inc. Class A",569.0647066142036,590.816792573773,478.3078033104267,547.2926025390625,451371800,0.0,2.793,Tech,"2017–2025
(AI & FAANG)",726.633297562875
3040,2025-05-01,2025,5,META,"Meta Platforms, Inc. Class A",590.2386683490982,660.6091017735847,568.725764379351,645.476318359375,292454900,0.0,2.793,Tech,"2017–2025
(AI & FAANG)",856.9905449703947
3041,2025-06-01,2025,5,META,"Meta Platforms, Inc. Class A",642.3858986310426,745.5739821349064,642.2562980761402,735.7944946289062,254756800,0.525,2.793,Tech,"2017–2025
(AI & FAANG)",976.9048174237855
3042,2025-07-01,2025,5,META,"Meta Platforms, Inc. Class A",735.1534713098091,782.9113054874113,689.5805083273927,771.6278076171875,273103200,0.0,2.793,Tech,"2017–2025
(AI & FAANG)",1024.4802428150304
3043,2025-08-01,2025,5,META,"Meta Platforms, Inc. Class A",758.9475274779958,794.3843206783916,729.2872068017637,736.9691772460938,224528100,0.0,2.793,Tech,"2017–2025
(AI & FAANG)",978.4644283152114
3044,2025-09-01,2025,5,META,"Meta Platforms, Inc. Class A",724.3388765038859,788.947154471531,720.0389772093478,732.6593627929688,234427400,0.525,2.793,Tech,"2017–2025
(AI & FAANG)",972.7423435045824
3045,2025-10-01,2025,5,META,"Meta Platforms, Inc. Class A",720.2853522526673,757.8924393599738,644.4921293755289,647.2674560546875,411788600,0.0,2.793,Tech,"2017–2025
(AI & FAANG)",859.3686152821365
3046,2025-11-01,2025,5,META,"Meta Platforms, Inc. Class A",654.9047112131457,658.2291683481441,580.2795173668306,646.8681640625,416306900,0.0,2.793,Tech,"2017–2025
(AI & FAANG)",858.8384804774131
3047,2025-12-01,2025,5,META,"Meta Platforms, Inc. Class A",638.4821704195009,709.8128869251399,636.485509696786,658.9879150390625,335266200,0.525,2.793,Tech,"2017–2025
(AI & FAANG)",874.92971682317
3048,2025-01-01,2025,6,AVGO,"Broadcom, Inc.",233.5551375776344,246.8369962260892,194.0655612225385,218.82937622070312,637934500,0.0,2.721,Tech,"2017–2025
(AI & FAANG)",190.04265265115768
3049,2025-02-01,2025,6,AVGO,"Broadcom, Inc.",213.08348909300872,235.30563176189884,191.01955506950853,197.23028564453125,455767900,0.0,2.721,Tech,"2017–2025
(AI & FAANG)",171.28489471737632
3050,2025-03-01,2025,6,AVGO,"Broadcom, Inc.",201.74987614707493,201.80921193146423,158.84835353743313,165.58323669433594,751937100,0.59,2.721,Tech,"2017–2025
(AI & FAANG)",143.80097443690005
3051,2025-04-01,2025,6,AVGO,"Broadcom, Inc.",165.03280586071864,191.81579491533017,136.99003525600898,190.92303466796875,711019700,0.0,2.721,Tech,"2017–2025
(AI & FAANG)",165.8073545112861
3052,2025-05-01,2025,6,AVGO,"Broadcom, Inc.",196.54745303196643,244.09222446812652,194.36513851603289,240.12437438964844,401690800,0.0,2.721,Tech,"2017–2025
(AI & FAANG)",208.5363211435739
3053,2025-06-01,2025,6,AVGO,"Broadcom, Inc.",241.29489726486543,275.4779192500709,239.17209795192773,273.4344787597656,541203900,0.59,2.721,Tech,"2017–2025
(AI & FAANG)",237.46452403804932
3054,2025-07-01,2025,6,AVGO,"Broadcom, Inc.",272.83518924897777,305.1995864915155,261.16214796390693,292.025146484375,376938200,0.0,2.721,Tech,"2017–2025
(AI & FAANG)",253.60961328501475
3055,2025-08-01,2025,6,AVGO,"Broadcom, Inc.",284.90598931113686,315.540290188282,280.0040800023337,295.6941223144531,374026400,0.0,2.721,Tech,"2017–2025
(AI & FAANG)",256.7959400538568
3056,2025-09-01,2025,6,AVGO,"Broadcom, Inc.",287.69000355826216,372.0959236708412,285.53239521152267,328.0286560058594,633889800,0.59,2.721,Tech,"2017–2025
(AI & FAANG)",284.87690734023937
3057,2025-10-01,2025,6,AVGO,"Broadcom, Inc.",326.83769584400466,384.9344465335685,322.7540859925837,368.1518249511719,485635900,0.0,2.721,Tech,"2017–2025
(AI & FAANG)",319.72192490976045
3058,2025-11-01,2025,6,AVGO,"Broadcom, Inc.",370.5123598238832,401.3883898092069,327.7440758577307,401.3485412597656,426651900,0.0,2.721,Tech,"2017–2025
(AI & FAANG)",348.55165579666976
3059,2025-12-01,2025,6,AVGO,"Broadcom, Inc.",393.27098975295297,412.9519482846845,320.13464569630423,344.7159423828125,883384200,0.65,2.721,Tech,"2017–2025
(AI & FAANG)",299.3690026128012
3060,2025-01-01,2025,7,GOOG,"Alphabet, Inc. Class A",190.6081534306329,206.13174209790108,187.79609269462085,204.6585235595703,324448100,0.0,2.48,Tech,"2017–2025
(AI & FAANG)",517.9250716454917
3061,2025-02-01,2025,7,GOOG,"Alphabet, Inc. Class A",201.28900705760827,207.7443113489105,167.61890260075836,171.43136596679688,395448600,0.0,2.48,Tech,"2017–2025
(AI & FAANG)",433.83779456805246
3062,2025-03-01,2025,7,GOOG,"Alphabet, Inc. Class A",172.93445141032367,176.08993352509927,151.5130067205302,155.51458740234375,477940000,0.2,2.48,Tech,"2017–2025
(AI & FAANG)",393.55753389295626
3063,2025-04-01,2025,7,GOOG,"Alphabet, Inc. Class A",154.76495594802458,167.66037686533215,142.1685044974085,160.335693359375,537349300,0.0,2.48,Tech,"2017–2025
(AI & FAANG)",405.7582065293887
3064,2025-05-01,2025,7,GOOG,"Alphabet, Inc. Class A",161.9600885487546,177.51630941163492,148.97498086596653,172.25450134277344,630592900,0.0,2.48,Tech,"2017–2025
(AI & FAANG)",435.92088615476814
3065,2025-06-01,2025,7,GOOG,"Alphabet, Inc. Class A",168.4277203270668,181.81644676303617,162.76729639386812,176.7788543701172,580774000,0.21,2.48,Tech,"2017–2025
(AI & FAANG)",447.37057232019407
3066,2025-07-01,2025,7,GOOG,"Alphabet, Inc. Class A",176.40764815945064,198.52284394475268,173.48923386784222,192.42657470703125,559939100,0.0,2.48,Tech,"2017–2025
(AI & FAANG)",486.969932931363
3067,2025-08-01,2025,7,GOOG,"Alphabet, Inc. Class A",189.35349935250295,214.85605500795776,188.27592464846296,213.0501251220703,397690600,0.0,2.48,Tech,"2017–2025
(AI & FAANG)",539.1615232962004
3068,2025-09-01,2025,7,GOOG,"Alphabet, Inc. Class A",208.52033981526196,256.12312727434653,206.4949030759084,243.00267028808597,533227600,0.21,2.48,Tech,"2017–2025
(AI & FAANG)",614.961806769652
3069,2025-10-01,2025,7,GOOG,"Alphabet, Inc. Class A",240.85306290645792,291.534269116355,236.36416094691785,281.43798828125,476206700,0.0,2.48,Tech,"2017–2025
(AI & FAANG)",712.2292671182188
3070,2025-11-01,2025,7,GOOG,"Alphabet, Inc. Class A",282.03718710919907,328.2244942532029,271.0421016453417,319.6860656738281,531358400,0.0,2.48,Tech,"2017–2025
(AI & FAANG)",809.0228815707696
3071,2025-12-01,2025,7,GOOG,"Alphabet, Inc. Class A",317.04467063430144,323.39103696509005,297.0468204971013,313.3746337890625,441948000,0.21,2.48,Tech,"2017–2025
(AI & FAANG)",793.0506720861673
3072,2025-01-01,2025,8,TSLA,"Tesla, Inc. ",390.1000061035156,439.739990234375,373.0400085449219,404.6000061035156,1510371900,0.0,2.188,Tech,"2017–2025
(AI & FAANG)",152.96207748887102
3073,2025-02-01,2025,8,TSLA,"Tesla, Inc. ",386.6799926757813,394.0,273.6000061035156,292.9800109863281,1581998600,0.0,2.188,Tech,"2017–2025
(AI & FAANG)",110.76329823810056
3074,2025-03-01,2025,8,TSLA,"Tesla, Inc. ",300.3399963378906,303.94000244140625,217.0200042724609,259.1600036621094,2718957500,0.0,2.188,Tech,"2017–2025
(AI & FAANG)",97.97738992628062
3075,2025-04-01,2025,8,TSLA,"Tesla, Inc. ",263.79998779296875,294.8599853515625,214.25,282.1600036621094,2957985600,0.0,2.188,Tech,"2017–2025
(AI & FAANG)",106.67271303347785
3076,2025-05-01,2025,8,TSLA,"Tesla, Inc. ",280.010009765625,367.7099914550781,271.0,346.4599914550781,2195384900,0.0,2.188,Tech,"2017–2025
(AI & FAANG)",130.98180736603
3077,2025-06-01,2025,8,TSLA,"Tesla, Inc. ",343.5,357.5400085449219,273.2099914550781,317.6600036621094,2428761900,0.0,2.188,Tech,"2017–2025
(AI & FAANG)",120.09375522067354
3078,2025-07-01,2025,8,TSLA,"Tesla, Inc. ",298.4599914550781,338.0,288.7699890136719,308.2699890136719,2157408700,0.0,2.188,Tech,"2017–2025
(AI & FAANG)",116.54378950982664
3079,2025-08-01,2025,8,TSLA,"Tesla, Inc. ",306.2099914550781,355.3900146484375,297.82000732421875,333.8699951171875,1603195500,0.0,2.188,Tech,"2017–2025
(AI & FAANG)",126.22206449314355
3080,2025-09-01,2025,8,TSLA,"Tesla, Inc. ",328.2300109863281,450.9800109863281,325.6000061035156,444.7200012207031,1973602100,0.0,2.188,Tech,"2017–2025
(AI & FAANG)",168.12974360205016
3081,2025-10-01,2025,8,TSLA,"Tesla, Inc. ",443.7999877929688,470.75,411.4500122070313,456.55999755859375,2032095000,0.0,2.188,Tech,"2017–2025
(AI & FAANG)",172.6059433301367
3082,2025-11-01,2025,8,TSLA,"Tesla, Inc. ",455.989990234375,474.0700073242188,382.7799987792969,430.1700134277344,1628434400,0.0,2.188,Tech,"2017–2025
(AI & FAANG)",162.62901120789195
3083,2025-12-01,2025,8,TSLA,"Tesla, Inc. ",425.3200073242188,498.8299865722656,422.1199951171875,449.7200012207031,1635943900,0.0,2.188,Tech,"2017–2025
(AI & FAANG)",170.02003123404955
3084,2025-01-01,2025,9,GOOG,"Alphabet, Inc. Class C",190.6081534306329,206.13174209790108,187.79609269462085,204.6585235595703,324448100,0.0,1.994,Tech,"2017–2025
(AI & FAANG)",517.9250716454917
3085,2025-02-01,2025,9,GOOG,"Alphabet, Inc. Class C",201.28900705760827,207.7443113489105,167.61890260075836,171.43136596679688,395448600,0.0,1.994,Tech,"2017–2025
(AI & FAANG)",433.83779456805246
3086,2025-03-01,2025,9,GOOG,"Alphabet, Inc. Class C",172.93445141032367,176.08993352509927,151.5130067205302,155.51458740234375,477940000,0.2,1.994,Tech,"2017–2025
(AI & FAANG)",393.55753389295626
3087,2025-04-01,2025,9,GOOG,"Alphabet, Inc. Class C",154.76495594802458,167.66037686533215,142.1685044974085,160.335693359375,537349300,0.0,1.994,Tech,"2017–2025
(AI & FAANG)",405.7582065293887
3088,2025-05-01,2025,9,GOOG,"Alphabet, Inc. Class C",161.9600885487546,177.51630941163492,148.97498086596653,172.25450134277344,630592900,0.0,1.994,Tech,"2017–2025
(AI & FAANG)",435.92088615476814
3089,2025-06-01,2025,9,GOOG,"Alphabet, Inc. Class C",168.4277203270668,181.81644676303617,162.76729639386812,176.7788543701172,580774000,0.21,1.994,Tech,"2017–2025
(AI & FAANG)",447.37057232019407
3090,2025-07-01,2025,9,GOOG,"Alphabet, Inc. Class C",176.40764815945064,198.52284394475268,173.48923386784222,192.42657470703125,559939100,0.0,1.994,Tech,"2017–2025
(AI & FAANG)",486.969932931363
3091,2025-08-01,2025,9,GOOG,"Alphabet, Inc. Class C",189.35349935250295,214.85605500795776,188.27592464846296,213.0501251220703,397690600,0.0,1.994,Tech,"2017–2025
(AI & FAANG)",539.1615232962004
3092,2025-09-01,2025,9,GOOG,"Alphabet, Inc. Class C",208.52033981526196,256.12312727434653,206.4949030759084,243.00267028808597,533227600,0.21,1.994,Tech,"2017–2025
(AI & FAANG)",614.961806769652
3093,2025-10-01,2025,9,GOOG,"Alphabet, Inc. Class C",240.85306290645792,291.534269116355,236.36416094691785,281.43798828125,476206700,0.0,1.994,Tech,"2017–2025
(AI & FAANG)",712.2292671182188
3094,2025-11-01,2025,9,GOOG,"Alphabet, Inc. Class C",282.03718710919907,328.2244942532029,271.0421016453417,319.6860656738281,531358400,0.0,1.994,Tech,"2017–2025
(AI & FAANG)",809.0228815707696
3095,2025-12-01,2025,9,GOOG,"Alphabet, Inc. Class C",317.04467063430144,323.39103696509005,297.0468204971013,313.3746337890625,441948000,0.21,1.994,Tech,"2017–2025
(AI & FAANG)",793.0506720861673
3096,2025-01-01,2025,10,BRK.B,"Berkshire Hathaway, Inc. Class B ",455.9599914550781,474.9299926757813,440.1000061035156,468.6700134277344,82529800,0.0,1.617,Non-Tech,"2017–2025
(AI & FAANG)",483.5138883237048
3097,2025-02-01,2025,10,BRK.B,"Berkshire Hathaway, Inc. Class B ",461.2999877929688,515.3699951171875,454.6000061035156,513.8300170898438,76964000,0.0,1.617,Non-Tech,"2017–2025
(AI & FAANG)",530.1042148685589
3098,2025-03-01,2025,10,BRK.B,"Berkshire Hathaway, Inc. Class B ",516.219970703125,537.6300048828125,488.75,532.5800170898438,108212100,0.0,1.617,Non-Tech,"2017–2025
(AI & FAANG)",549.4480711988665
3099,2025-04-01,2025,10,BRK.B,"Berkshire Hathaway, Inc. Class B ",531.8800048828125,539.0,462.1000061035156,533.25,126914300,0.0,1.617,Non-Tech,"2017–2025
(AI & FAANG)",550.1392740339504
3100,2025-05-01,2025,10,BRK.B,"Berkshire Hathaway, Inc. Class B ",531.0,542.0700073242188,500.1900024414063,503.9599914550781,112372900,0.0,1.617,Non-Tech,"2017–2025
(AI & FAANG)",519.9215824496063
3101,2025-06-01,2025,10,BRK.B,"Berkshire Hathaway, Inc. Class B ",501.7000122070313,503.2300109863281,481.7200012207031,485.7699890136719,95956700,0.0,1.617,Non-Tech,"2017–2025
(AI & FAANG)",501.1554601096325
3102,2025-07-01,2025,10,BRK.B,"Berkshire Hathaway, Inc. Class B ",485.7799987792969,491.0899963378906,467.6499938964844,471.8800048828125,96605400,0.0,1.617,Non-Tech,"2017–2025
(AI & FAANG)",486.825547711894
3103,2025-08-01,2025,10,BRK.B,"Berkshire Hathaway, Inc. Class B ",473.4700012207031,506.7200012207031,455.1900024414063,502.9800109863281,104548900,0.0,1.617,Non-Tech,"2017–2025
(AI & FAANG)",518.9105637085926
3104,2025-09-01,2025,10,BRK.B,"Berkshire Hathaway, Inc. Class B ",504.239990234375,507.6600036621094,486.2699890136719,502.739990234375,87763300,0.0,1.617,Non-Tech,"2017–2025
(AI & FAANG)",518.6629409383486
3105,2025-10-01,2025,10,BRK.B,"Berkshire Hathaway, Inc. Class B ",502.5,504.9700012207031,473.7200012207031,477.5400085449219,94476800,0.0,1.617,Non-Tech,"2017–2025
(AI & FAANG)",492.6648169208998
3106,2025-11-01,2025,10,BRK.B,"Berkshire Hathaway, Inc. Class B ",479.510009765625,516.8499755859375,473.1499938964844,513.8099975585938,108405100,0.0,1.617,Non-Tech,"2017–2025
(AI & FAANG)",530.0835612719561
3107,2025-12-01,2025,10,BRK.B,"Berkshire Hathaway, Inc. Class B ",513.6500244140625,514.489990234375,488.9200134277344,502.6499938964844,96022800,0.0,1.617,Non-Tech,"2017–2025
(AI & FAANG)",518.57009420606
